timestamp,sensor,target,socket,cpu,RAPL_ENERGY_PKG,time_enabled,time_running
1693256447078,sensor,all,0,21,309592064,1936494,1936494
1693256448078,sensor,all,0,21,88706908160,975905614,975905614
1693256449079,sensor,all,0,21,84391493632,1976157174,1976157174
1693256450079,sensor,all,0,21,85315289088,2976423426,2976423426
1693256451079,sensor,all,0,21,87138238464,3976784844,3976784844
1693256452080,sensor,all,0,21,82228805632,4977099686,4977099686
1693256453080,sensor,all,0,21,84324384768,5977452890,5977452890
1693256454080,sensor,all,0,21,83153387520,6977750076,6977750076
1693256455081,sensor,all,0,21,82901204992,7978075502,7978075502
1693256456081,sensor,all,0,21,83493126144,8978317544,8978317544
1693256457081,sensor,all,0,21,83909410816,9978597157,9978597157
1693256458082,sensor,all,0,21,82031935488,10978871386,10978871386
1693256459082,sensor,all,0,21,83085230080,11979305477,11979305477
1693256460082,sensor,all,0,21,83552632832,12979578977,12979578977
1693256461083,sensor,all,0,21,81707401216,13979911353,13979911353
1693256462083,sensor,all,0,21,83138445312,14980246284,14980246284
1693256463083,sensor,all,0,21,83800096768,15980559130,15980559130
1693256464084,sensor,all,0,21,83086540800,16980856826,16980856826
1693256465084,sensor,all,0,21,84242333696,17981206483,17981206483
1693256466084,sensor,all,0,21,84070367232,18981531051,18981531051
1693256467085,sensor,all,0,21,81504239616,19981768645,19981768645
1693256468085,sensor,all,0,21,83539525632,20982154655,20982154655
1693256469085,sensor,all,0,21,82850349056,21982460751,21982460751
1693256470086,sensor,all,0,21,82012274688,22982700310,22982700310
1693256471086,sensor,all,0,21,83793018880,23983053141,23983053141
1693256472086,sensor,all,0,21,82698829824,24983348427,24983348427
1693256473086,sensor,all,0,21,85012250624,25983671217,25983671217
1693256474087,sensor,all,0,21,83251167232,26983984135,26983984135
1693256475087,sensor,all,0,21,82813911040,27984268381,27984268381
1693256476087,sensor,all,0,21,83321683968,28984599343,28984599343
1693256477088,sensor,all,0,21,84289781760,29984944936,29984944936
1693256478088,sensor,all,0,21,82058149888,30985301481,30985301481
1693256479088,sensor,all,0,21,82123161600,31985523416,31985523416
1693256480089,sensor,all,0,21,83711492096,32985897287,32985897287
1693256481089,sensor,all,0,21,82060509184,33986165978,33986165978
1693256482089,sensor,all,0,21,84371570688,34986448667,34986448667
1693256483090,sensor,all,0,21,83783581696,35986711358,35986711358
1693256484090,sensor,all,0,21,81821958144,36987027931,36987027931
1693256485090,sensor,all,0,21,84240236544,37987308312,37987308312
1693256486091,sensor,all,0,21,83482640384,38987641578,38987641578
1693256487091,sensor,all,0,21,82577457152,39988005202,39988005202
1693256488091,sensor,all,0,21,82697781248,40988297706,40988297706
1693256489092,sensor,all,0,21,83137134592,41988505252,41988505252
1693256490092,sensor,all,0,21,81709760512,42988947184,42988947184
1693256491092,sensor,all,0,21,83119833088,43989252054,43989252054
1693256492092,sensor,all,0,21,81765597184,44989549842,44989549842
1693256493093,sensor,all,0,21,84215070720,45989810713,45989810713
1693256494093,sensor,all,0,21,83534020608,46990134972,46990134972
1693256495093,sensor,all,0,21,82150948864,47990459842,47990459842
1693256496094,sensor,all,0,21,83177766912,48990809662,48990809662
1693256497094,sensor,all,0,21,83878739968,49991183793,49991183793
1693256498094,sensor,all,0,21,81974788096,50991424473,50991424473
1693256499095,sensor,all,0,21,82914050048,51991722552,51991722552
1693256500095,sensor,all,0,21,83049054208,52992032519,52992032519
1693256501095,sensor,all,0,21,83020480512,53992412082,53992412082
1693256502096,sensor,all,0,21,83137134592,54992649612,54992649612
1693256503096,sensor,all,0,21,83394297856,55993053475,55993053475
1693256504096,sensor,all,0,21,81573969920,56993303533,56993303533
1693256505097,sensor,all,0,21,83807961088,57992516153,57992516153
1693256506097,sensor,all,0,21,83761037312,58993762163,58993762163
1693256507097,sensor,all,0,21,85382660096,59994102275,59994102275
1693256508098,sensor,all,0,21,84550090752,60994487563,60994487563
1693256509098,sensor,all,0,21,94326489088,61994057925,61994057925
1693256510098,sensor,all,0,21,110483996672,62994356532,62994356532
1693256511098,sensor,all,0,21,106945839104,63995206073,63995206073
1693256512099,sensor,all,0,21,107569217536,64995659833,64995659833
1693256513099,sensor,all,0,21,110162608128,65995789957,65995789957
1693256514099,sensor,all,0,21,108127059968,66996251049,66996251049
1693256515101,sensor,all,0,21,200345649152,67996635609,67996635609
1693256516102,sensor,all,0,21,271382478848,68998539297,68998539297
1693256517246,sensor,all,0,21,335211397120,70141617419,70141617419
1693256518250,sensor,all,0,21,351298387968,71145314679,71145314679
1693256519252,sensor,all,0,21,368394895360,72147418167,72147418167
1693256520254,sensor,all,0,21,415292194816,73149898049,73149898049
1693256521257,sensor,all,0,21,454555074560,74153220307,74153220307
1693256522262,sensor,all,0,21,484014030848,75159035981,75159035981
1693256523423,sensor,all,0,21,647125532672,76320147252,76320147252
1693256524426,sensor,all,0,21,505147555840,77321980427,77321980427
1693256525427,sensor,all,0,21,558507753472,78323983774,78323983774
1693256526429,sensor,all,0,21,560934420480,79326633547,79326633547
1693256527431,sensor,all,0,21,503431036928,80328553300,80328553300
1693256528434,sensor,all,0,21,447957172224,81330819627,81330819627
1693256529437,sensor,all,0,21,417207418880,82333306600,82333306600
1693256530439,sensor,all,0,21,373924560896,83334990629,83334990629
1693256531442,sensor,all,0,21,364374130688,84339273148,84339273148
1693256532444,sensor,all,0,21,559999614976,85340971874,85340971874
1693256533446,sensor,all,0,21,555747901440,86343905586,86343905586
1693256534448,sensor,all,0,21,521197060096,87347350554,87347350554
1693256535451,sensor,all,0,21,460647825408,88349253148,88349253148
1693256536453,sensor,all,0,21,410862747648,89348973416,89348973416
1693256537456,sensor,all,0,21,368139567104,90351626776,90351626776
1693256538459,sensor,all,0,21,409494618112,91354713206,91354713206
1693256539461,sensor,all,0,21,472047681536,92356708848,92356708848
1693256540463,sensor,all,0,21,438772432896,93359446095,93359446095
1693256541466,sensor,all,0,21,462677868544,94362395334,94362395334
1693256542469,sensor,all,0,21,489006563328,95364910028,95364910028
1693256543471,sensor,all,0,21,326394970112,96366921190,96366921190
1693256544474,sensor,all,0,21,300430393344,97369285168,97369285168
1693256545476,sensor,all,0,21,341110161408,98371549750,98371549750
1693256546478,sensor,all,0,21,390253772800,99373376497,99373376497
1693256547480,sensor,all,0,21,482133671936,100375650306,100375650306
1693256548482,sensor,all,0,21,407945871360,101380254097,101380254097
1693256549485,sensor,all,0,21,513489764352,102382411957,102382411957
1693256550487,sensor,all,0,21,533493710848,103384572488,103384572488
1693256551490,sensor,all,0,21,429049511936,104385319155,104385319155
1693256552492,sensor,all,0,21,378336182272,105387811835,105387811835
1693256553495,sensor,all,0,21,508374810624,106390183141,106390183141
1693256554497,sensor,all,0,21,448737574912,107393288671,107393288671
1693256555500,sensor,all,0,21,462975926272,108395912014,108395912014
1693256556503,sensor,all,0,21,443616591872,109398543081,109398543081
1693256557505,sensor,all,0,21,404312817664,110400833759,110400833759
1693256558508,sensor,all,0,21,427116199936,111403660865,111403660865
1693256559511,sensor,all,0,21,408194646016,112406370277,112406370277
1693256560513,sensor,all,0,21,388846845952,113409647145,113409647145
1693256561516,sensor,all,0,21,463877439488,114412462901,114412462901
1693256562519,sensor,all,0,21,471094001664,115415471171,115415471171
1693256563523,sensor,all,0,21,497510252544,116418229767,116418229767
1693256564525,sensor,all,0,21,441165283328,117420959409,117420959409
1693256565528,sensor,all,0,21,451706617856,118423644480,118423644480
1693256566531,sensor,all,0,21,476953182208,119426380527,119426380527
1693256567533,sensor,all,0,21,442969620480,120429120225,120429120225
1693256568536,sensor,all,0,21,374582542336,121431879807,121431879807
1693256569539,sensor,all,0,21,345001426944,122434489969,122434489969
1693256570542,sensor,all,0,21,411080065024,123437157760,123437157760
1693256571544,sensor,all,0,21,465739710464,124439770309,124439770309
1693256572547,sensor,all,0,21,477392535552,125442588626,125442588626
1693256573550,sensor,all,0,21,475954675712,126445927795,126445927795
1693256574552,sensor,all,0,21,463163621376,127448103706,127448103706
1693256575555,sensor,all,0,21,429792428032,128450593746,128450593746
1693256576557,sensor,all,0,21,429892567040,129453064260,129453064260
1693256577560,sensor,all,0,21,479671615488,130456207690,130456207690
1693256578563,sensor,all,0,21,536008196096,131458971008,131458971008
1693256579566,sensor,all,0,21,527071182848,132461420456,132461420456
1693256580568,sensor,all,0,21,459568316416,133463916898,133463916898
1693256581571,sensor,all,0,21,551494352896,134466249926,134466249926
1693256582573,sensor,all,0,21,448969048064,135468674680,135468674680
1693256583575,sensor,all,0,21,433491017728,136470752019,136470752019
1693256584577,sensor,all,0,21,552866938880,137474619548,137474619548
1693256585581,sensor,all,0,21,538680492032,138476956783,138476956783
1693256586583,sensor,all,0,21,542080761856,139478544846,139478544846
1693256587586,sensor,all,0,21,456984887296,140481061368,140481061368
1693256588588,sensor,all,0,21,393866117120,141482818062,141482818062
1693256589590,sensor,all,0,21,443790131200,142485264892,142485264892
1693256590592,sensor,all,0,21,468513980416,143487506999,143487506999
1693256591595,sensor,all,0,21,495625175040,144490699167,144490699167
1693256592598,sensor,all,0,21,418313142272,145493470309,145493470309
1693256593601,sensor,all,0,21,411526496256,146495747000,146495747000
1693256594603,sensor,all,0,21,395080105984,147498994299,147498994299
1693256595606,sensor,all,0,21,361019998208,148501653897,148501653897
1693256596609,sensor,all,0,21,396254773248,149504102957,149504102957
1693256597611,sensor,all,0,21,512936640512,150507099231,150507099231
1693256598615,sensor,all,0,21,414675632128,151509869349,151509869349
1693256599617,sensor,all,0,21,327361232896,152512325629,152512325629
1693256600620,sensor,all,0,21,357502812160,153515017723,153515017723
1693256601622,sensor,all,0,21,350876860416,154517643181,154517643181
1693256602624,sensor,all,0,21,371093405696,155519561667,155519561667
1693256603626,sensor,all,0,21,469819195392,156520956007,156520956007
1693256604628,sensor,all,0,21,482422030336,157523168807,157523168807
1693256605630,sensor,all,0,21,486470057984,158526041653,158526041653
1693256606634,sensor,all,0,21,456045625344,159528815509,159528815509
1693256607636,sensor,all,0,21,444392013824,160531126005,160531126005
1693256608639,sensor,all,0,21,437401681920,161533846329,161533846329
1693256609641,sensor,all,0,21,372389445632,162536385247,162536385247
1693256610645,sensor,all,0,21,394201399296,163540461409,163540461409
1693256611648,sensor,all,0,21,504588664832,164543426468,164543426468
1693256612651,sensor,all,0,21,433494425600,165546219768,165546219768
1693256613653,sensor,all,0,21,405814902784,166548464351,166548464351
1693256614656,sensor,all,0,21,350215733248,167551209308,167551209308
1693256615658,sensor,all,0,21,376246108160,168553556548,168553556548
1693256616661,sensor,all,0,21,374825287680,169556251384,169556251384
1693256617664,sensor,all,0,21,414454644736,170558954836,170558954836
1693256618667,sensor,all,0,21,412674424832,171561915644,171561915644
1693256619669,sensor,all,0,21,393245360128,172564705328,172564705328
1693256620672,sensor,all,0,21,486483951616,173567790234,173567790234
1693256621675,sensor,all,0,21,448485392384,174570599988,174570599988
1693256622678,sensor,all,0,21,444577873920,175573423368,175573423368
1693256623681,sensor,all,0,21,405441609728,176576251232,176576251232
1693256624684,sensor,all,0,21,408833490944,177578819054,177578819054
1693256625686,sensor,all,0,21,371833176064,178581618750,178581618750
1693256626689,sensor,all,0,21,427542708224,179584364510,179584364510
1693256627691,sensor,all,0,21,417428930560,180586523124,180586523124
1693256628694,sensor,all,0,21,444063023104,181588998214,181588998214
1693256629697,sensor,all,0,21,380943990784,182591801552,182591801552
1693256630699,sensor,all,0,21,368093429760,183594268912,183594268912
1693256631702,sensor,all,0,21,431839248384,184596757979,184596757979
1693256632704,sensor,all,0,21,427911020544,185600228612,185600228612
1693256633707,sensor,all,0,21,377858818048,186602079903,186602079903
1693256634710,sensor,all,0,21,436943716352,187604936645,187604936645
1693256635712,sensor,all,0,21,389755699200,188607381189,188607381189
1693256636715,sensor,all,0,21,363121344512,189609881069,189609881069
1693256637717,sensor,all,0,21,454258065408,190616577763,190616577763
1693256638720,sensor,all,0,21,522556014592,191616331366,191616331366
1693256639722,sensor,all,0,21,488645066752,192617091723,192617091723
1693256640725,sensor,all,0,21,402738905088,193619860849,193619860849
1693256641727,sensor,all,0,21,364251971584,194622057999,194622057999
1693256642730,sensor,all,0,21,374951378944,195624920075,195624920075
1693256643733,sensor,all,0,21,487471710208,196627597363,196627597363
1693256644735,sensor,all,0,21,576588349440,197629132923,197629132923
1693256645738,sensor,all,0,21,564229046272,198632984562,198632984562
1693256646741,sensor,all,0,21,513001390080,199636059703,199636059703
1693256647743,sensor,all,0,21,449342603264,200638502502,200638502502
1693256648747,sensor,all,0,21,421648662528,201641616045,201641616045
1693256649750,sensor,all,0,21,393808707584,202644643626,202644643626
1693256650753,sensor,all,0,21,391845511168,203647784549,203647784549
1693256651756,sensor,all,0,21,340897038336,204650872529,204650872529
1693256652759,sensor,all,0,21,260604166144,205653904751,205653904751
1693256653762,sensor,all,0,21,346978254848,206657186704,206657186704
1693256654765,sensor,all,0,21,402401263616,207660415226,207660415226
1693256655768,sensor,all,0,21,399043723264,208663284486,208663284486
1693256656771,sensor,all,0,21,387979673600,209665975159,209665975159
1693256657774,sensor,all,0,21,425676242944,210668704950,210668704950
1693256658776,sensor,all,0,21,465664737280,211671302015,211671302015
1693256659779,sensor,all,0,21,462250573824,212673985916,212673985916
1693256660782,sensor,all,0,21,411467251712,213676686600,213676686600
1693256661785,sensor,all,0,21,352627195904,214679598856,214679598856
1693256662788,sensor,all,0,21,406259236864,215682613866,215682613866
1693256663791,sensor,all,0,21,433451696128,216685924206,216685924206
1693256664793,sensor,all,0,21,561816535040,217689810310,217689810310
1693256665796,sensor,all,0,21,544053657600,218692064961,218692064961
1693256666798,sensor,all,0,21,516310695936,219694567760,219694567760
1693256667799,sensor,all,0,21,446836244480,220695874884,220695874884
1693256668802,sensor,all,0,21,498614927360,221698286423,221698286423
1693256669805,sensor,all,0,21,444597272576,222699140600,222699140600
1693256670807,sensor,all,0,21,447035998208,223702035225,223702035225
1693256671810,sensor,all,0,21,546021048320,224704661790,224704661790
1693256672813,sensor,all,0,21,521598402560,225707415483,225707415483
1693256673815,sensor,all,0,21,478355390464,226710308954,226710308954
1693256674818,sensor,all,0,21,427154735104,227713106960,227713106960
1693256675821,sensor,all,0,21,430795915264,228718018511,228718018511
1693256676824,sensor,all,0,21,528407855104,229719190991,229719190991
1693256677827,sensor,all,0,21,487309180928,230721954347,230721954347
1693256678829,sensor,all,0,21,491841650688,231724359107,231724359107
1693256679832,sensor,all,0,21,495574581248,232729093160,232729093160
1693256680837,sensor,all,0,21,427642060800,233731370621,233731370621
1693256681839,sensor,all,0,21,384008454144,234734288703,234734288703
1693256682843,sensor,all,0,21,384291569664,235737283197,235737283197
1693256683846,sensor,all,0,21,437343485952,236740369937,236740369937
1693256684849,sensor,all,0,21,411666743296,237743463711,237743463711
1693256685852,sensor,all,0,21,500658601984,238746541291,238746541291
1693256686855,sensor,all,0,21,492622577664,239750217663,239750217663
1693256687859,sensor,all,0,21,428869156864,240753379951,240753379951
1693256688862,sensor,all,0,21,390030426112,241756484882,241756484882
1693256689865,sensor,all,0,21,435615694848,242760369751,242760369751
1693256690869,sensor,all,0,21,398325972992,243763325367,243763325367
1693256691872,sensor,all,0,21,397242007552,244766952157,244766952157
1693256692875,sensor,all,0,21,409928728576,245770015351,245770015351
1693256693878,sensor,all,0,21,400253517824,246773162793,246773162793
1693256694881,sensor,all,0,21,427271389184,247776151940,247776151940
1693256695885,sensor,all,0,21,379997388800,248779298966,248779298966
1693256696888,sensor,all,0,21,441338822656,249782445724,249782445724
1693256697891,sensor,all,0,21,450591719424,250786364597,250786364597
1693256698895,sensor,all,0,21,541554376704,251789804257,251789804257
1693256699898,sensor,all,0,21,495275737088,252792702534,252792702534
1693256700901,sensor,all,0,21,356145692672,253795875127,253795875127
1693256701904,sensor,all,0,21,379593687040,254799189322,254799189322
1693256702908,sensor,all,0,21,503182524416,255802230402,255802230402
1693256703910,sensor,all,0,21,493459079168,256805259804,256805259804
1693256704913,sensor,all,0,21,425726574592,257810505476,257810505476
1693256705916,sensor,all,0,21,416610779136,258813079814,258813079814
1693256706919,sensor,all,0,21,413935861760,259815966758,259815966758
1693256707921,sensor,all,0,21,358362120192,260816421024,260816421024
1693256708925,sensor,all,0,21,422033227776,261819728702,261819728702
1693256709928,sensor,all,0,21,488158003200,262822687748,262822687748
1693256710931,sensor,all,0,21,487203799040,263826184292,263826184292
1693256711935,sensor,all,0,21,551873937408,264829867723,264829867723
1693256712938,sensor,all,0,21,567373463552,265833476392,265833476392
1693256713941,sensor,all,0,21,474997063680,266835840385,266835840385
1693256714944,sensor,all,0,21,375540940800,267838800407,267838800407
1693256715947,sensor,all,0,21,406449029120,268841828455,268841828455
1693256716950,sensor,all,0,21,384226820096,269844929902,269844929902
1693256717953,sensor,all,0,21,266520231936,270847585476,270847585476
1693256718956,sensor,all,0,21,342138552320,271850766083,271850766083
1693256719959,sensor,all,0,21,432740761600,272854359213,272854359213
1693256720963,sensor,all,0,21,510748262400,273857792996,273857792996
1693256721966,sensor,all,0,21,504384192512,274860868715,274860868715
1693256722969,sensor,all,0,21,412893052928,275864078467,275864078467
1693256723973,sensor,all,0,21,513115160576,276867780258,276867780258
1693256724976,sensor,all,0,21,558512734208,277871168267,277871168267
1693256725980,sensor,all,0,21,510554800128,278874766369,278874766369
1693256726984,sensor,all,0,21,468385005568,279878768953,279878768953
1693256727987,sensor,all,0,21,365161611264,280883681525,280883681525
1693256728989,sensor,all,0,21,341087617024,281886498463,281886498463
1693256729992,sensor,all,0,21,428889341952,282889012949,282889012949
1693256730995,sensor,all,0,21,434891128832,283892032887,283892032887
1693256731998,sensor,all,0,21,374928310272,284894918747,284894918747
1693256733001,sensor,all,0,21,393828892672,285897855293,285897855293
1693256734003,sensor,all,0,21,500371292160,286897988239,286897988239
1693256735007,sensor,all,0,21,467759529984,287900728725,287900728725
1693256736009,sensor,all,0,21,437368913920,288903969617,288903969617
1693256737012,sensor,all,0,21,373812101120,289906281264,289906281264
1693256738015,sensor,all,0,21,432591077376,290912055903,290912055903
1693256739018,sensor,all,0,21,532711473152,291913404303,291913404303
1693256740020,sensor,all,0,21,555756027904,292916373479,292916373479
1693256741023,sensor,all,0,21,570180763648,293918918629,293918918629
1693256742026,sensor,all,0,21,469545254912,294921846794,294921846794
1693256743029,sensor,all,0,21,416792707072,295923260648,295923260648
1693256744032,sensor,all,0,21,468171882496,296926051718,296926051718
1693256745035,sensor,all,0,21,463920431104,297929422899,297929422899
1693256746039,sensor,all,0,21,439727161344,298933379284,298933379284
1693256747042,sensor,all,0,21,437081079808,299936733780,299936733780
1693256748045,sensor,all,0,21,437750071296,300939757268,300939757268
1693256749049,sensor,all,0,21,417285013504,301943192676,301943192676
1693256750052,sensor,all,0,21,442215170048,302946518028,302946518028
1693256751055,sensor,all,0,21,504049172480,303949873076,303949873076
1693256752059,sensor,all,0,21,485659508736,304952943448,304952943448
1693256753062,sensor,all,0,21,398611709952,305955847607,305955847607
1693256754064,sensor,all,0,21,339059671040,306958526116,306958526116
1693256755067,sensor,all,0,21,432555425792,307962715565,307962715565
1693256756070,sensor,all,0,21,443589591040,308966965216,308966965216
1693256757073,sensor,all,0,21,434564759552,309967048267,309967048267
1693256758076,sensor,all,0,21,471474634752,310971005414,310971005414
1693256759080,sensor,all,0,21,446779621376,311974153876,311974153876
1693256760083,sensor,all,0,21,378642104320,312977245716,312977245716
1693256761086,sensor,all,0,21,456341848064,313980658496,313980658496
1693256762090,sensor,all,0,21,489671360512,314984039467,314984039467
1693256763093,sensor,all,0,21,487489536000,315987286670,315987286670
1693256764096,sensor,all,0,21,496425500672,316990430817,316990430817
1693256765100,sensor,all,0,21,486283411456,317994262697,317994262697
1693256766103,sensor,all,0,21,434117804032,318997857146,318997857146
1693256767107,sensor,all,0,21,442008600576,320000976067,320000976067
1693256768110,sensor,all,0,21,455571144704,321004295403,321004295403
1693256769113,sensor,all,0,21,451667296256,322007402487,322007402487
1693256770116,sensor,all,0,21,464171040768,323010276821,323010276821
1693256771119,sensor,all,0,21,456813445120,324013590515,324013590515
1693256772123,sensor,all,0,21,344385388544,325016925177,325016925177
1693256773125,sensor,all,0,21,325316771840,326019510265,326019510265
1693256774128,sensor,all,0,21,462249525248,327023248739,327023248739
1693256775132,sensor,all,0,21,609101283328,328027121906,328027121906
1693256776135,sensor,all,0,21,629554544640,329030505039,329030505039
1693256777138,sensor,all,0,21,610666020864,330032782254,330032782254
1693256778142,sensor,all,0,21,538994540544,331036962237,331036962237
1693256779144,sensor,all,0,21,405384462336,332039763330,332039763330
1693256780147,sensor,all,0,21,413493624832,333041648717,333041648717
1693256781151,sensor,all,0,21,430951628800,334044658715,334044658715
1693256782154,sensor,all,0,21,490781016064,335048053081,335048053081
1693256783157,sensor,all,0,21,511896190976,336051600068,336051600068
1693256784161,sensor,all,0,21,453696815104,337055191037,337055191037
1693256785164,sensor,all,0,21,394432086016,338058187965,338058187965
1693256786168,sensor,all,0,21,481186021376,339062007718,339062007718
1693256787171,sensor,all,0,21,466138169344,340065263596,340065263596
1693256788174,sensor,all,0,21,478088265728,341068783492,341068783492
1693256789178,sensor,all,0,21,570833240064,342071985922,342071985922
1693256790181,sensor,all,0,21,571867398144,343074344621,343074344621
1693256791183,sensor,all,0,21,539115913216,344077441972,344077441972
1693256792186,sensor,all,0,21,414308630528,345081197470,345081197470
1693256793189,sensor,all,0,21,446376706048,346084760282,346084760282
1693256794192,sensor,all,0,21,486774931456,347088438132,347088438132
1693256795195,sensor,all,0,21,466533744640,348089285430,348089285430
1693256796199,sensor,all,0,21,579302588416,349092787765,349092787765
1693256797202,sensor,all,0,21,610511355904,350096235907,350096235907
1693256798205,sensor,all,0,21,551780352000,351099492889,351099492889
1693256799209,sensor,all,0,21,448202801152,352103072227,352103072227
1693256800212,sensor,all,0,21,372485128192,353105517028,353105517028
1693256801215,sensor,all,0,21,450238873600,354108696351,354108696351
1693256802218,sensor,all,0,21,477379952640,355111579478,355111579478
1693256803221,sensor,all,0,21,447391989760,356119144722,356119144722
1693256804224,sensor,all,0,21,421906612224,357118071277,357118071277
1693256805228,sensor,all,0,21,394714677248,358121459007,358121459007
1693256806230,sensor,all,0,21,419000483840,359123894522,359123894522
1693256807234,sensor,all,0,21,351190384640,360128515282,360128515282
1693256808238,sensor,all,0,21,355680387072,361132228201,361132228201
1693256809241,sensor,all,0,21,448456556544,362137716637,362137716637
1693256810244,sensor,all,0,21,536961351680,363138810049,363138810049
1693256811249,sensor,all,0,21,559779151872,364142946671,364142946671
1693256812251,sensor,all,0,21,436095418368,365145358969,365145358969
1693256813254,sensor,all,0,21,429023821824,366148759081,366148759081
1693256814258,sensor,all,0,21,482139963392,367151687467,367151687467
1693256815261,sensor,all,0,21,429228294144,368155393768,368155393768
1693256816265,sensor,all,0,21,431705292800,369158826903,369158826903
1693256817268,sensor,all,0,21,362814636032,370162198870,370162198870
1693256818272,sensor,all,0,21,348392521728,371165621483,371165621483
1693256819275,sensor,all,0,21,406073638912,372170286821,372170286821
1693256820278,sensor,all,0,21,376412307456,373172190072,373172190072
1693256821281,sensor,all,0,21,328667496448,374175093319,374175093319
1693256822284,sensor,all,0,21,386185822208,375178227577,375178227577
1693256823287,sensor,all,0,21,371547439104,376181449640,376181449640
1693256824290,sensor,all,0,21,424439447552,377184437750,377184437750
1693256825294,sensor,all,0,21,451667034112,378187625219,378187625219
1693256826297,sensor,all,0,21,408894570496,379191284721,379191284721
1693256827301,sensor,all,0,21,401308123136,380195138130,380195138130
1693256828305,sensor,all,0,21,430575452160,381198795354,381198795354
1693256829308,sensor,all,0,21,412281995264,382202197020,382202197020
1693256830312,sensor,all,0,21,407786225664,383205830748,383205830748
1693256831316,sensor,all,0,21,478247387136,384209565182,384209565182
1693256832319,sensor,all,0,21,475164049408,385213250570,385213250570
1693256833323,sensor,all,0,21,440627888128,386216794158,386216794158
1693256834327,sensor,all,0,21,469092007936,387220599607,387220599607
1693256835330,sensor,all,0,21,516073455616,388224644118,388224644118
1693256836334,sensor,all,0,21,527985803264,389228337000,389228337000
1693256837337,sensor,all,0,21,487078232064,390230781150,390230781150
1693256838340,sensor,all,0,21,384273743872,391233969630,391233969630
1693256839343,sensor,all,0,21,417116454912,392236391918,392236391918
1693256840346,sensor,all,0,21,392776908800,393239828398,393239828398
1693256841350,sensor,all,0,21,437785198592,394243186413,394243186413
1693256842353,sensor,all,0,21,362839015424,395246187689,395246187689
1693256843356,sensor,all,0,21,377362055168,396249229931,396249229931
1693256844359,sensor,all,0,21,341470085120,397252407298,397252407298
1693256845362,sensor,all,0,21,431601745920,398255804391,398255804391
1693256846365,sensor,all,0,21,399015673856,399259394920,399259394920
1693256847369,sensor,all,0,21,428003819520,400262560859,400262560859
1693256848372,sensor,all,0,21,472834375680,401265244871,401265244871
1693256849375,sensor,all,0,21,452662919168,402268755942,402268755942
1693256850378,sensor,all,0,21,441610141696,403271984161,403271984161
1693256851382,sensor,all,0,21,381190406144,404275241961,404275241961
1693256852385,sensor,all,0,21,358482968576,405278578864,405278578864
1693256853388,sensor,all,0,21,377807962112,406284732070,406284732070
1693256854394,sensor,all,0,21,350022533120,407287648343,407287648343
1693256855397,sensor,all,0,21,292686397440,408294237865,408294237865
1693256856404,sensor,all,0,21,288246988800,409300262439,409300262439
1693256857410,sensor,all,0,21,422389481472,410303521439,410303521439
1693256858413,sensor,all,0,21,491015634944,411306959259,411306959259
1693256859417,sensor,all,0,21,505258967040,412311454721,412311454721
1693256860421,sensor,all,0,21,517696913408,413315150921,413315150921
1693256861425,sensor,all,0,21,496813473792,414318535450,414318535450
1693256862428,sensor,all,0,21,376550457344,415322233272,415322233272
1693256863432,sensor,all,0,21,391762673664,416325835869,416325835869
1693256864436,sensor,all,0,21,401271947264,417328928312,417328928312
1693256865439,sensor,all,0,21,403599261696,418332822670,418332822670
1693256866443,sensor,all,0,21,452601839616,419336523932,419336523932
1693256867447,sensor,all,0,21,379806547968,420340377505,420340377505
1693256868450,sensor,all,0,21,373827829760,421345152960,421345152960
1693256869455,sensor,all,0,21,473013682176,422350891274,422350891274
1693256870461,sensor,all,0,21,566291333120,423354930670,423354930670
1693256871464,sensor,all,0,21,579403776000,424358753470,424358753470
1693256872469,sensor,all,0,21,548825726976,425363537916,425363537916
1693256873474,sensor,all,0,21,546825830400,426370802298,426370802298
1693256874477,sensor,all,0,21,526369423360,427372380295,427372380295
1693256875480,sensor,all,0,21,472584290304,428377834769,428377834769
1693256876482,sensor,all,0,21,411581022208,429375899737,429375899737
1693256877487,sensor,all,0,21,492144164864,430380318134,430380318134
1693256878490,sensor,all,0,21,512817627136,431384396270,431384396270
1693256879495,sensor,all,0,21,541801054208,432388392910,432388392910
1693256880499,sensor,all,0,21,574149361664,433394711179,433394711179
1693256881503,sensor,all,0,21,586082942976,434396697030,434396697030
1693256882506,sensor,all,0,21,524267028480,435400605213,435400605213
1693256883509,sensor,all,0,21,542363615232,436402109529,436402109529
1693256884512,sensor,all,0,21,480410861568,437410066571,437410066571
1693256885516,sensor,all,0,21,475190001664,438409583924,438409583924
1693256886518,sensor,all,0,21,604915892224,439411993124,439411993124
1693256887521,sensor,all,0,21,625747427328,440415136944,440415136944
1693256888525,sensor,all,0,21,585226518528,441418359335,441418359335
1693256889528,sensor,all,0,21,544547536896,442422650013,442422650013
1693256890531,sensor,all,0,21,528458186752,443424982017,443424982017
1693256891535,sensor,all,0,21,550521798656,444430005322,444430005322
1693256892538,sensor,all,0,21,542551834624,445433951124,445433951124
1693256893541,sensor,all,0,21,471806509056,446435266763,446435266763
1693256894546,sensor,all,0,21,552939290624,447439164371,447439164371
1693256895549,sensor,all,0,21,551766720512,448442598530,448442598530
1693256896552,sensor,all,0,21,528447176704,449447144214,449447144214
1693256897554,sensor,all,0,21,538539720704,450447236188,450447236188
1693256898557,sensor,all,0,21,599050944512,451449823497,451449823497
1693256899560,sensor,all,0,21,581777227776,452453175025,452453175025
1693256900563,sensor,all,0,21,494643183616,453456322121,453456322121
1693256901566,sensor,all,0,21,460435226624,454458719951,454458719951
1693256902569,sensor,all,0,21,529207132160,455462252325,455462252325
1693256903572,sensor,all,0,21,514780299264,456465309603,456465309603
1693256904575,sensor,all,0,21,470838411264,457468358505,457468358505
1693256905578,sensor,all,0,21,521272033280,458474152055,458474152055
1693256906581,sensor,all,0,21,477871996928,459473760941,459473760941
1693256907584,sensor,all,0,21,521232187392,460477040891,460477040891
1693256908587,sensor,all,0,21,485037441024,461480460101,461480460101
1693256909590,sensor,all,0,21,533924151296,462483496123,462483496123
1693256910593,sensor,all,0,21,539768389632,463486680692,463486680692
1693256911597,sensor,all,0,21,545919336448,464490133371,464490133371
1693256912600,sensor,all,0,21,520635023360,465493232383,465493232383
1693256913604,sensor,all,0,21,487122534400,466497054365,466497054365
1693256914607,sensor,all,0,21,480666714112,467502278806,467502278806
1693256915613,sensor,all,0,21,555914625024,468506193157,468506193157
1693256916617,sensor,all,0,21,543651790848,469510072787,469510072787
1693256917620,sensor,all,0,21,501411741696,470513623512,470513623512
1693256918624,sensor,all,0,21,488767750144,471516896482,471516896482
1693256919627,sensor,all,0,21,479641468928,472520403526,472520403526
1693256920631,sensor,all,0,21,471543054336,473523735076,473523735076
1693256921634,sensor,all,0,21,476331900928,474526760476,474526760476
1693256922637,sensor,all,0,21,455462617088,475530306526,475530306526
1693256923640,sensor,all,0,21,417499971584,476533663034,476533663034
1693256924644,sensor,all,0,21,363541299200,477537095998,477537095998
1693256925647,sensor,all,0,21,323022749696,478540471835,478540471835
1693256926651,sensor,all,0,21,430148681728,479544088842,479544088842
1693256927654,sensor,all,0,21,490482434048,480546995949,480546995949
1693256928658,sensor,all,0,21,543955615744,481551466820,481551466820
1693256929661,sensor,all,0,21,490965565440,482554291535,482554291535
1693256930664,sensor,all,0,21,477984194560,483559308069,483559308069
1693256931667,sensor,all,0,21,537193086976,484560979104,484560979104
1693256932671,sensor,all,0,21,569805635584,485564969822,485564969822
1693256933675,sensor,all,0,21,551678115840,486568686686,486568686686
1693256934679,sensor,all,0,21,504737300480,487572465446,487572465446
1693256935683,sensor,all,0,21,410425229312,488576282346,488576282346
1693256936687,sensor,all,0,21,420630495232,489579681333,489579681333
1693256937690,sensor,all,0,21,430484750336,490583381537,490583381537
1693256938694,sensor,all,0,21,417115930624,491587086532,491587086532
1693256939698,sensor,all,0,21,425710845952,492590844703,492590844703
1693256940701,sensor,all,0,21,402868142080,493594420129,493594420129
1693256941705,sensor,all,0,21,462766997504,494597900239,494597900239
1693256942708,sensor,all,0,21,503039918080,495601052409,495601052409
1693256943712,sensor,all,0,21,500409827328,496605317625,496605317625
1693256944716,sensor,all,0,21,398156365824,497608515439,497608515439
1693256945719,sensor,all,0,21,349421436928,498612406337,498612406337
1693256946723,sensor,all,0,21,434282692608,499616041025,499616041025
1693256947726,sensor,all,0,21,475854536704,500619664373,500619664373
1693256948730,sensor,all,0,21,538135494656,501623710876,501623710876
1693256949734,sensor,all,0,21,533389115392,502627442847,502627442847
1693256950738,sensor,all,0,21,483045933056,503630871254,503630871254
1693256951742,sensor,all,0,21,487443398656,504635121278,504635121278
1693256952747,sensor,all,0,21,560616964096,505639858938,505639858938
1693256953751,sensor,all,0,21,578577498112,506644493093,506644493093
1693256954754,sensor,all,0,21,571539193856,507646910538,507646910538
1693256955757,sensor,all,0,21,548775133184,508652268918,508652268918
1693256956761,sensor,all,0,21,498844827648,509652866659,509652866659
1693256957764,sensor,all,0,21,452882333696,510656502878,510656502878
1693256958766,sensor,all,0,21,345242075136,511658590696,511658590696
1693256959769,sensor,all,0,21,332996542464,512661904278,512661904278
1693256960773,sensor,all,0,21,431073001472,513665852390,513665852390
1693256961775,sensor,all,0,21,550710804480,514668582055,514668582055
1693256962778,sensor,all,0,21,577897496576,515671315898,515671315898
1693256963781,sensor,all,0,21,587482005504,516674261960,516674261960
1693256964784,sensor,all,0,21,549686345728,517677473134,517677473134
1693256965788,sensor,all,0,21,536795414528,518680810815,518680810815
1693256966791,sensor,all,0,21,567818584064,519684576978,519684576978
1693256967795,sensor,all,0,21,510703697920,520688360144,520688360144
1693256968799,sensor,all,0,21,423797194752,521691789340,521691789340
1693256969803,sensor,all,0,21,544943374336,522696046600,522696046600
1693256970807,sensor,all,0,21,562200313856,523700177960,523700177960
1693256971811,sensor,all,0,21,435247120384,524703827241,524703827241
1693256972815,sensor,all,0,21,361462497280,525707174109,525707174109
1693256973818,sensor,all,0,21,353263419392,526710885897,526710885897
1693256974822,sensor,all,0,21,446942412800,527714610655,527714610655
1693256975825,sensor,all,0,21,424244674560,528718307745,528718307745
1693256976829,sensor,all,0,21,426902290432,529721672335,529721672335
1693256977832,sensor,all,0,21,482841198592,530728149307,530728149307
1693256978835,sensor,all,0,21,531255001088,531731591455,531731591455
1693256979838,sensor,all,0,21,510812487680,532731443881,532731443881
1693256980842,sensor,all,0,21,473190891520,533734529735,533734529735
1693256981844,sensor,all,0,21,553738829824,534737805017,534737805017
1693256982848,sensor,all,0,21,590804418560,535741519797,535741519797
1693256983851,sensor,all,0,21,533896626176,536745231077,536745231077
1693256984854,sensor,all,0,21,434792300544,537748056777,537748056777
1693256985857,sensor,all,0,21,468545699840,538751052927,538751052927
1693256986860,sensor,all,0,21,420363370496,539753998651,539753998651
1693256987862,sensor,all,0,21,455991885824,540756200401,540756200401
1693256988865,sensor,all,0,21,547367157760,541758359529,541758359529
1693256989868,sensor,all,0,21,545627570176,542761971985,542761971985
1693256990871,sensor,all,0,21,509574643712,543766153556,543766153556
1693256991875,sensor,all,0,21,464948559872,544769296805,544769296805
1693256992878,sensor,all,0,21,447519129600,545772041411,545772041411
1693256993881,sensor,all,0,21,521934995456,546774959015,546774959015
1693256994884,sensor,all,0,21,539370192896,547777071575,547777071575
1693256995887,sensor,all,0,21,544387891200,548779397187,548779397187
1693256996890,sensor,all,0,21,560796532736,549782925565,549782925565
1693256997893,sensor,all,0,21,577388412928,550785442529,550785442529
1693256998895,sensor,all,0,21,634408665088,551787187122,551787187122
1693256999898,sensor,all,0,21,575538462720,552790326192,552790326192
1693257000901,sensor,all,0,21,579886645248,553793763670,553793763670
1693257001905,sensor,all,0,21,600232689664,554796921419,554796921419
1693257002908,sensor,all,0,21,544346472448,555799773636,555799773636
1693257003911,sensor,all,0,21,525541048320,556803614766,556803614766
1693257004915,sensor,all,0,21,444708159488,557807370456,557807370456
1693257005918,sensor,all,0,21,439493591040,558811028578,558811028578
1693257006922,sensor,all,0,21,421686411264,559814613976,559814613976
1693257007926,sensor,all,0,21,396901744640,560818488080,560818488080
1693257008930,sensor,all,0,21,449504083968,561822263997,561822263997
1693257009933,sensor,all,0,21,429686259712,562826121548,562826121548
1693257010936,sensor,all,0,21,429439844352,563828729852,563828729852
1693257011939,sensor,all,0,21,543764774912,564832246379,564832246379
1693257012943,sensor,all,0,21,492705939456,565836016786,565836016786
1693257013947,sensor,all,0,21,446636752896,566839906728,566839906728
1693257014951,sensor,all,0,21,410727481344,567843819586,567843819586
1693257015954,sensor,all,0,21,391231569920,568846887686,568846887686
1693257016958,sensor,all,0,21,422929760256,569850360263,569850360263
1693257017961,sensor,all,0,21,426931126272,570853730821,570853730821
1693257018965,sensor,all,0,21,272177823744,571857479250,571857479250
1693257019969,sensor,all,0,21,260073848832,572861232228,572861232228
1693257020972,sensor,all,0,21,385438187520,573867223539,573867223539
1693257021976,sensor,all,0,21,420869832704,574868311669,574868311669
1693257022980,sensor,all,0,21,472562794496,575874216596,575874216596
1693257023985,sensor,all,0,21,457320169472,576876977429,576876977429
1693257024988,sensor,all,0,21,487889829888,577881847467,577881847467
1693257025993,sensor,all,0,21,541073866752,578885261181,578885261181
1693257026996,sensor,all,0,21,518528958464,579888984389,579888984389
1693257028000,sensor,all,0,21,520470921216,580893375651,580893375651
1693257029005,sensor,all,0,21,560935993344,581897550989,581897550989
1693257030008,sensor,all,0,21,552422080512,582901717518,582901717518
1693257031011,sensor,all,0,21,526879293440,583902886969,583902886969
1693257032014,sensor,all,0,21,500170489856,584906940067,584906940067
1693257033018,sensor,all,0,21,500782858240,585910600138,585910600138
1693257034021,sensor,all,0,21,529644388352,586915648987,586915648987
1693257035027,sensor,all,0,21,546773401600,587918888123,587918888123
1693257036030,sensor,all,0,21,551778779136,588922657487,588922657487
1693257037033,sensor,all,0,21,540086632448,589925145730,589925145730
1693257038035,sensor,all,0,21,479228067840,590927709891,590927709891
1693257039038,sensor,all,0,21,504560353280,591930575577,591930575577
1693257040041,sensor,all,0,21,505753894912,592933913718,592933913718
1693257041045,sensor,all,0,21,493173080064,593937082488,593937082488
1693257042048,sensor,all,0,21,555049549824,594940252320,594940252320
1693257043051,sensor,all,0,21,536015798272,595944309268,595944309268
1693257044054,sensor,all,0,21,480128008192,596946344073,596946344073
1693257045058,sensor,all,0,21,441762971648,597955052757,597955052757
1693257046061,sensor,all,0,21,456950808576,598953088177,598953088177
1693257047064,sensor,all,0,21,492851429376,599956864074,599956864074
1693257048068,sensor,all,0,21,519408713728,600960728328,600960728328
1693257049071,sensor,all,0,21,534457876480,601962443292,601962443292
1693257050074,sensor,all,0,21,465547296768,602966127468,602966127468
1693257051077,sensor,all,0,21,467869630464,603973249818,603973249818
1693257052081,sensor,all,0,21,490562912256,604975542518,604975542518
1693257053084,sensor,all,0,21,502257680384,605978369008,605978369008
1693257054087,sensor,all,0,21,449089372160,606982006664,606982006664
1693257055090,sensor,all,0,21,419601580032,607984982872,607984982872
1693257056093,sensor,all,0,21,468336246784,608987437613,608987437613
1693257057096,sensor,all,0,21,523661737984,609991414421,609991414421
1693257058100,sensor,all,0,21,433885282304,610994162305,610994162305
1693257059103,sensor,all,0,21,424217673728,611997647754,611997647754
1693257060106,sensor,all,0,21,482712223744,612998193652,612998193652
1693257061109,sensor,all,0,21,507633205248,614002935139,614002935139
1693257062112,sensor,all,0,21,512613416960,615005830323,615005830323
1693257063115,sensor,all,0,21,511894880256,616009101743,616009101743
1693257064119,sensor,all,0,21,471142498304,617013552665,617013552665
1693257065122,sensor,all,0,21,562570985472,618013515269,618013515269
1693257066125,sensor,all,0,21,540371058688,619017140181,619017140181
1693257067129,sensor,all,0,21,432326311936,620021194951,620021194951
1693257068133,sensor,all,0,21,553830580224,621025005319,621025005319
1693257069137,sensor,all,0,21,532205273088,622028774071,622028774071
1693257070140,sensor,all,0,21,448995262464,623032381641,623032381641
1693257071144,sensor,all,0,21,495953379328,624036451929,624036451929
1693257072148,sensor,all,0,21,579045949440,625040231619,625040231619
1693257073152,sensor,all,0,21,605815046144,626044709303,626044709303
1693257074156,sensor,all,0,21,617213853696,627047934495,627047934495
1693257075159,sensor,all,0,21,584900673536,628051350039,628051350039
1693257076162,sensor,all,0,21,564385284096,629054159322,629054159322
1693257077165,sensor,all,0,21,534907977728,630057280525,630057280525
1693257078169,sensor,all,0,21,509135290368,631060170250,631060170250
1693257079171,sensor,all,0,21,509448552448,632063324839,632063324839
1693257080175,sensor,all,0,21,498726076416,633066661691,633066661691
1693257081178,sensor,all,0,21,449774616576,634070243586,634070243586
1693257082182,sensor,all,0,21,422027984896,635073905122,635073905122
1693257083186,sensor,all,0,21,493180157952,636077449506,636077449506
1693257084189,sensor,all,0,21,520361869312,637081480051,637081480051
1693257085193,sensor,all,0,21,577754365952,638084732284,638084732284
1693257086196,sensor,all,0,21,593728372736,639088613073,639088613073
1693257087199,sensor,all,0,21,580239228928,640093031012,640093031012
1693257088202,sensor,all,0,21,596495826944,641095997679,641095997679
1693257089205,sensor,all,0,21,543951683584,642096883219,642096883219
1693257090209,sensor,all,0,21,433368596480,643100455732,643100455732
1693257091212,sensor,all,0,21,503172562944,644103514166,644103514166
1693257092215,sensor,all,0,21,553194356736,645106060615,645106060615
1693257093217,sensor,all,0,21,597634842624,646108072213,646108072213
1693257094219,sensor,all,0,21,577515552768,647110016318,647110016318
1693257095222,sensor,all,0,21,550517604352,648113336701,648113336701
1693257096225,sensor,all,0,21,551775633408,649116971280,649116971280
1693257097229,sensor,all,0,21,599615864832,650120874763,650120874763
1693257098233,sensor,all,0,21,630431154176,651124155944,651124155944
1693257099236,sensor,all,0,21,642437873664,652130599871,652130599871
1693257100243,sensor,all,0,21,653296664576,653135454448,653135454448
1693257101248,sensor,all,0,21,590351171584,654139146552,654139146552
1693257102251,sensor,all,0,21,538962558976,655142575441,655142575441
1693257103255,sensor,all,0,21,522827333632,656146394145,656146394145
1693257104258,sensor,all,0,21,586463576064,657148782138,657148782138
1693257105261,sensor,all,0,21,594016468992,658152116754,658152116754
1693257106264,sensor,all,0,21,625705222144,659155742174,659155742174
1693257107268,sensor,all,0,21,593931010048,660159172340,660159172340
1693257108271,sensor,all,0,21,610116304896,661162966883,661162966883
1693257109274,sensor,all,0,21,632385437696,662168579886,662168579886
1693257110276,sensor,all,0,21,629018984448,663166842139,663166842139
1693257111280,sensor,all,0,21,631634395136,664173169631,664173169631
1693257112285,sensor,all,0,21,527494545408,665180422685,665180422685
1693257113292,sensor,all,0,21,515309830144,666183551075,666183551075
1693257114295,sensor,all,0,21,524942573568,667186851496,667186851496
1693257115298,sensor,all,0,21,535914348544,668193952057,668193952057
1693257116302,sensor,all,0,21,569118818304,669193302975,669193302975
1693257117305,sensor,all,0,21,548053975040,670197218531,670197218531
1693257118308,sensor,all,0,21,469792456704,671200171225,671200171225
1693257119312,sensor,all,0,21,527772418048,672204025979,672204025979
1693257120317,sensor,all,0,21,557342261248,673209343987,673209343987
1693257121322,sensor,all,0,21,592035971072,674212628804,674212628804
1693257122325,sensor,all,0,21,576530939904,675216295839,675216295839
1693257123328,sensor,all,0,21,562519867392,676219987911,676219987911
1693257124332,sensor,all,0,21,552072380416,677223395611,677223395611
1693257125335,sensor,all,0,21,481073037312,678226885486,678226885486
1693257126339,sensor,all,0,21,452482301952,679230590118,679230590118
1693257127343,sensor,all,0,21,542221271040,680235610728,680235610728
1693257128348,sensor,all,0,21,486320898048,681239863344,681239863344
1693257129352,sensor,all,0,21,494541733888,682244141464,682244141464
1693257130356,sensor,all,0,21,527716057088,683247897724,683247897724
1693257131360,sensor,all,0,21,584329199616,684251228122,684251228122
1693257132363,sensor,all,0,21,525431996416,685255336488,685255336488
1693257133368,sensor,all,0,21,541957029888,686259992788,686259992788
1693257134372,sensor,all,0,21,575224938496,687263431292,687263431292
1693257135376,sensor,all,0,21,604530540544,688267002805,688267002805
1693257136379,sensor,all,0,21,576351371264,689271231272,689271231272
1693257137383,sensor,all,0,21,585686056960,690273934956,690273934956
1693257138385,sensor,all,0,21,536708907008,691276328532,691276328532
1693257139388,sensor,all,0,21,526147125248,692280158228,692280158228
1693257140393,sensor,all,0,21,511212257280,693284487282,693284487282
1693257141395,sensor,all,0,21,429505380352,694287083647,694287083647
1693257142399,sensor,all,0,21,369082236928,695292355040,695292355040
1693257143402,sensor,all,0,21,422152765440,696296373432,696296373432
1693257144406,sensor,all,0,21,496212901888,697297902163,697297902163
1693257145410,sensor,all,0,21,465239539712,698301916209,698301916209
1693257146414,sensor,all,0,21,515173777408,699306373116,699306373116
1693257147419,sensor,all,0,21,414401953792,700310574743,700310574743
1693257148423,sensor,all,0,21,480018169856,701314570876,701314570876
1693257149427,sensor,all,0,21,541318971392,702319033119,702319033119
1693257150432,sensor,all,0,21,615892385792,703322569502,703322569502
1693257151435,sensor,all,0,21,575616843776,704326201015,704326201015
1693257152439,sensor,all,0,21,533314142208,705330167838,705330167838
1693257153443,sensor,all,0,21,490381770752,706334222945,706334222945
1693257154447,sensor,all,0,21,553647079424,707338436033,707338436033
1693257155451,sensor,all,0,21,527357706240,708343038653,708343038653
1693257156455,sensor,all,0,21,466546589696,709347059349,709347059349
1693257157459,sensor,all,0,21,428497960960,710350934077,710350934077
1693257158463,sensor,all,0,21,415553290240,711354914733,711354914733
1693257159467,sensor,all,0,21,391933067264,712358686853,712358686853
1693257160471,sensor,all,0,21,311180656640,713362741264,713362741264
1693257161475,sensor,all,0,21,413870063616,714366430829,714366430829
1693257162478,sensor,all,0,21,397190365184,715369732204,715369732204
1693257163482,sensor,all,0,21,526013431808,716373582148,716373582148
1693257164487,sensor,all,0,21,495204171776,717378129413,717378129413
1693257165490,sensor,all,0,21,574582947840,718381207490,718381207490
1693257166494,sensor,all,0,21,583273807872,719386300264,719386300264
1693257167499,sensor,all,0,21,533958230016,720389938839,720389938839
1693257168501,sensor,all,0,21,522146021376,721392718226,721392718226
1693257169504,sensor,all,0,21,475946549248,722395957706,722395957706
1693257170508,sensor,all,0,21,440829739008,723400286717,723400286717
1693257171512,sensor,all,0,21,385760362496,724403092448,724403092448
1693257172516,sensor,all,0,21,336935780352,725406798284,725406798284
1693257173519,sensor,all,0,21,387885301760,726410247234,726410247234
1693257174522,sensor,all,0,21,355984998400,727413782630,727413782630
1693257175526,sensor,all,0,21,398395179008,728417389334,728417389334
1693257176530,sensor,all,0,21,410218135552,729420878520,729420878520
1693257177533,sensor,all,0,21,393443540992,730424529410,730424529410
1693257178537,sensor,all,0,21,388426366976,731430613478,731430613478
1693257179540,sensor,all,0,21,471311319040,732431139674,732431139674
1693257180544,sensor,all,0,21,464720494592,733434954238,733434954238
1693257181547,sensor,all,0,21,572679520256,734439872836,734439872836
1693257182551,sensor,all,0,21,548239310848,735442259953,735442259953
1693257183555,sensor,all,0,21,553071935488,736446795380,736446795380
1693257184558,sensor,all,0,21,541818355712,737449833784,737449833784
1693257185561,sensor,all,0,21,593663361024,738453349303,738453349303
1693257186566,sensor,all,0,21,590377385984,739457908571,739457908571
1693257187571,sensor,all,0,21,529228627968,740462040214,740462040214
1693257188574,sensor,all,0,21,521616752640,741465627616,741465627616
1693257189578,sensor,all,0,21,571777744896,742470005604,742470005604
1693257190583,sensor,all,0,21,616452849664,743475111160,743475111160
1693257191588,sensor,all,0,21,621077331968,744479299239,744479299239
1693257192592,sensor,all,0,21,619669356544,745483392228,745483392228
1693257193596,sensor,all,0,21,564970127360,746488005778,746488005778
1693257194601,sensor,all,0,21,517224005632,747492380755,747492380755
1693257195605,sensor,all,0,21,577932361728,748496628259,748496628259
1693257196610,sensor,all,0,21,575992496128,749501470844,749501470844
1693257197614,sensor,all,0,21,563151372288,750504690532,750504690532
1693257198618,sensor,all,0,21,646219563008,751508753631,751508753631
1693257199622,sensor,all,0,21,617968566272,752512771331,752512771331
1693257200626,sensor,all,0,21,571361198080,753517759035,753517759035
1693257201630,sensor,all,0,21,557712932864,754520343095,754520343095
1693257202633,sensor,all,0,21,553286369280,755524632129,755524632129
1693257203636,sensor,all,0,21,450105966592,756527650605,756527650605
1693257204640,sensor,all,0,21,402339397632,757531638865,757531638865
1693257205644,sensor,all,0,21,379039252480,758535147201,758535147201
1693257206648,sensor,all,0,21,474106298368,759538759235,759538759235
1693257207652,sensor,all,0,21,507380498432,760542783615,760542783615
1693257208656,sensor,all,0,21,487705542656,761546643831,761546643831
1693257209660,sensor,all,0,21,475147796480,762550786321,762550786321
1693257210664,sensor,all,0,21,524764053504,763555008114,763555008114
1693257211668,sensor,all,0,21,555898372096,764559145930,764559145930
1693257212672,sensor,all,0,21,563649183744,765563390086,765563390086
1693257213676,sensor,all,0,21,558295678976,766567668301,766567668301
1693257214680,sensor,all,0,21,524370051072,767571750741,767571750741
1693257215685,sensor,all,0,21,560440803328,768576387906,768576387906
1693257216689,sensor,all,0,21,545686814720,769580549813,769580549813
1693257217694,sensor,all,0,21,574684659712,770587669004,770587669004
1693257218698,sensor,all,0,21,600919506944,771593605662,771593605662
1693257219705,sensor,all,0,21,599538008064,772596706881,772596706881
1693257220710,sensor,all,0,21,601863487488,773600164930,773600164930
1693257221713,sensor,all,0,21,605127442432,774608334424,774608334424
1693257222716,sensor,all,0,21,533918908416,775607550712,775607550712
1693257223720,sensor,all,0,21,453139496960,776611268352,776611268352
1693257224724,sensor,all,0,21,549700501504,777614708756,777614708756
1693257225727,sensor,all,0,21,584613363712,778617652040,778617652040
1693257226731,sensor,all,0,21,496150773760,779621330090,779621330090
1693257227734,sensor,all,0,21,480449921024,780624748932,780624748932
1693257228738,sensor,all,0,21,444340895744,781631718829,781631718829
1693257229744,sensor,all,0,21,532824195072,782635717382,782635717382
1693257230749,sensor,all,0,21,562652512256,783639940682,783639940682
1693257231753,sensor,all,0,21,539555528704,784643302964,784643302964
1693257232756,sensor,all,0,21,485994004480,785649982158,785649982158
1693257233760,sensor,all,0,21,385228734464,786652370891,786652370891
1693257234763,sensor,all,0,21,362689331200,787655773531,787655773531
1693257235767,sensor,all,0,21,446222041088,788659347647,788659347647
1693257236770,sensor,all,0,21,488901705728,789660896611,789660896611
1693257237774,sensor,all,0,21,393916710912,790664272507,790664272507
1693257238777,sensor,all,0,21,454032359424,791667726908,791667726908
1693257239781,sensor,all,0,21,475944714240,792671177683,792671177683
1693257240784,sensor,all,0,21,500657029120,793675537837,793675537837
1693257241789,sensor,all,0,21,449636204544,794679648959,794679648959
1693257242793,sensor,all,0,21,471321280512,795684049626,795684049626
1693257243797,sensor,all,0,21,488744681472,796689297231,796689297231
1693257244801,sensor,all,0,21,496526426112,797691356087,797691356087
1693257245804,sensor,all,0,21,519877427200,798695553588,798695553588
1693257246808,sensor,all,0,21,568877121536,799698548593,799698548593
1693257247811,sensor,all,0,21,595158368256,800701455191,800701455191
1693257248815,sensor,all,0,21,611275505664,801705478679,801705478679
1693257249818,sensor,all,0,21,596762427392,802709577695,802709577695
1693257250823,sensor,all,0,21,580626153472,803713128982,803713128982
1693257251825,sensor,all,0,21,596832944128,804716568970,804716568970
1693257252829,sensor,all,0,21,645035982848,805719816905,805719816905
1693257253833,sensor,all,0,21,628644904960,806724678925,806724678925
1693257254838,sensor,all,0,21,589270614016,807729640443,807729640443
1693257255843,sensor,all,0,21,551832256512,808734072330,808734072330
1693257256846,sensor,all,0,21,495607611392,809737145752,809737145752
1693257257849,sensor,all,0,21,535365943296,810741202530,810741202530
1693257258852,sensor,all,0,21,496461152256,811744885828,811744885828
1693257259856,sensor,all,0,21,424671707136,812748283847,812748283847
1693257260859,sensor,all,0,21,413245898752,813751369982,813751369982
1693257261862,sensor,all,0,21,424342454272,814754462828,814754462828
1693257262865,sensor,all,0,21,400388784128,815756275104,815756275104
1693257263869,sensor,all,0,21,379072282624,816760290592,816760290592
1693257264873,sensor,all,0,21,385834287104,817764115018,817764115018
1693257265877,sensor,all,0,21,435866042368,818767606358,818767606358
1693257266881,sensor,all,0,21,465310580736,819771417038,819771417038
1693257267885,sensor,all,0,21,482962833408,820775761082,820775761082
1693257268888,sensor,all,0,21,527780020224,821784659092,821784659092
1693257269892,sensor,all,0,21,537379471360,822783570080,822783570080
1693257270896,sensor,all,0,21,509752115200,823787277878,823787277878
1693257271899,sensor,all,0,21,562456166400,824790545244,824790545244
1693257272902,sensor,all,0,21,559887679488,825793603253,825793603253
1693257273906,sensor,all,0,21,547753558016,826796891544,826796891544
1693257274910,sensor,all,0,21,596357152768,827800655191,827800655191
1693257275914,sensor,all,0,21,542471618560,828804203808,828804203808
1693257276917,sensor,all,0,21,499946881024,829807210902,829807210902
1693257277921,sensor,all,0,21,500254638080,830813519402,830813519402
1693257278924,sensor,all,0,21,505771982848,831815780379,831815780379
1693257279928,sensor,all,0,21,495642476544,832820014261,832820014261
1693257280931,sensor,all,0,21,497030529024,833823419208,833823419208
1693257281935,sensor,all,0,21,551489372160,834824886308,834824886308
1693257282938,sensor,all,0,21,585174089728,835827906390,835827906390
1693257283941,sensor,all,0,21,612970790912,836831846877,836831846877
1693257284945,sensor,all,0,21,627356729344,837834650129,837834650129
1693257285948,sensor,all,0,21,564858191872,838842142511,838842142511
1693257286951,sensor,all,0,21,556323569664,839841444541,839841444541
1693257287955,sensor,all,0,21,554298507264,840847923290,840847923290
1693257288959,sensor,all,0,21,499734282240,841851848505,841851848505
1693257289962,sensor,all,0,21,488721350656,842853261909,842853261909
1693257290967,sensor,all,0,21,555468193792,843857656850,843857656850
1693257291971,sensor,all,0,21,580699553792,844862257334,844862257334
1693257292976,sensor,all,0,21,539395883008,845866705852,845866705852
1693257293980,sensor,all,0,21,523866996736,846871268050,846871268050
1693257294985,sensor,all,0,21,528801857536,847876089219,847876089219
1693257295990,sensor,all,0,21,529909415936,848881058679,848881058679
1693257296995,sensor,all,0,21,519170686976,849886231890,849886231890
1693257298000,sensor,all,0,21,551590559744,850891039492,850891039492
1693257299004,sensor,all,0,21,521539158016,851894897685,851894897685
1693257300009,sensor,all,0,21,514499280896,852899234732,852899234732
1693257301012,sensor,all,0,21,503648092160,853903752016,853903752016
1693257302015,sensor,all,0,21,547084828672,854906239845,854906239845
1693257303020,sensor,all,0,21,581474451456,855910570529,855910570529
1693257304024,sensor,all,0,21,576346390528,856914007334,856914007334
1693257305027,sensor,all,0,21,576583106560,857916802651,857916802651
1693257306031,sensor,all,0,21,578845409280,858921152282,858921152282
1693257307036,sensor,all,0,21,533520711680,859930468900,859930468900
1693257308039,sensor,all,0,21,472713265152,860933438864,860933438864
1693257309043,sensor,all,0,21,417865138176,861933343656,861933343656
1693257310047,sensor,all,0,21,357370691584,862937469054,862937469054
1693257311051,sensor,all,0,21,283952545792,863941394531,863941394531
1693257312055,sensor,all,0,21,351824773120,864946257094,864946257094
1693257313058,sensor,all,0,21,398888009728,865949741954,865949741954
1693257314062,sensor,all,0,21,418317336576,866951292355,866951292355
1693257315065,sensor,all,0,21,503456202752,867955073271,867955073271
1693257316069,sensor,all,0,21,480267206656,868958868371,868958868371
1693257317072,sensor,all,0,21,438577659904,869961901638,869961901638
1693257318076,sensor,all,0,21,426097770496,870965911342,870965911342
1693257319079,sensor,all,0,21,511630639104,871970037571,871970037571
1693257320084,sensor,all,0,21,530247057408,872974692142,872974692142
1693257321089,sensor,all,0,21,570566639616,873980065566,873980065566
1693257322094,sensor,all,0,21,566487154688,874984724633,874984724633
1693257323098,sensor,all,0,21,580388126720,875988515295,875988515295
1693257324101,sensor,all,0,21,581536579584,876991941741,876991941741
1693257325106,sensor,all,0,21,519193493504,877996240793,877996240793
1693257326111,sensor,all,0,21,507547746304,879000551808,879000551808
1693257327114,sensor,all,0,21,533361065984,880004255735,880004255735
1693257328118,sensor,all,0,21,453169119232,881007930810,881007930810
1693257329122,sensor,all,0,21,447122767872,882011574637,882011574637
1693257330125,sensor,all,0,21,494450769920,883015007733,883015007733
1693257331129,sensor,all,0,21,516066115584,884019249095,884019249095
1693257332132,sensor,all,0,21,480777601024,885023032351,885023032351
1693257333137,sensor,all,0,21,510064590848,886032487281,886032487281
1693257334146,sensor,all,0,21,490491084800,887036560745,887036560745
1693257335150,sensor,all,0,21,498995036160,888040787961,888040787961
1693257336155,sensor,all,0,21,518481248256,889046476236,889046476236
1693257337158,sensor,all,0,21,542743461888,890050133274,890050133274
1693257338162,sensor,all,0,21,564283310080,891052844294,891052844294
1693257339165,sensor,all,0,21,573791535104,892055973851,892055973851
1693257340168,sensor,all,0,21,629605924864,893058678092,893058678092
1693257341173,sensor,all,0,21,609705000960,894063569680,894063569680
1693257342178,sensor,all,0,21,558354399232,895068453307,895068453307
1693257343183,sensor,all,0,21,535638573056,896073426467,896073426467
1693257344188,sensor,all,0,21,485136793600,897077755682,897077755682
1693257345191,sensor,all,0,21,480129318912,898081695290,898081695290
1693257346196,sensor,all,0,21,556578897920,899086214067,899086214067
1693257347200,sensor,all,0,21,576869105664,900090827493,900090827493
1693257348206,sensor,all,0,21,533750087680,901096204509,901096204509
1693257349211,sensor,all,0,21,567786078208,902101422462,902101422462
1693257350215,sensor,all,0,21,592731439104,903106292852,903106292852
1693257351221,sensor,all,0,21,584858730496,904112114906,904112114906
1693257352226,sensor,all,0,21,580560617472,905117344882,905117344882
1693257353230,sensor,all,0,21,543317819392,906121249136,906121249136
1693257354234,sensor,all,0,21,526300741632,907124216133,907124216133
1693257355238,sensor,all,0,21,431417982976,908128095876,908128095876
1693257356242,sensor,all,0,21,417016315904,909131804684,909131804684
1693257357245,sensor,all,0,21,532935081984,910136370073,910136370073
1693257358250,sensor,all,0,21,526870642688,911141131482,911141131482
1693257359254,sensor,all,0,21,486802980864,912143838733,912143838733
1693257360257,sensor,all,0,21,429660045312,913147608064,913147608064
1693257361261,sensor,all,0,21,411032616960,914151289332,914151289332
1693257362265,sensor,all,0,21,411709997056,915154505673,915154505673
1693257363268,sensor,all,0,21,455838793728,916158990977,916158990977
1693257364273,sensor,all,0,21,569026281472,917163427477,917163427477
1693257365277,sensor,all,0,21,535886823424,918166798872,918166798872
1693257366280,sensor,all,0,21,413666377728,919170521688,919170521688
1693257367284,sensor,all,0,21,450840756224,920174054883,920174054883
1693257368287,sensor,all,0,21,517692194816,921177052385,921177052385
1693257369291,sensor,all,0,21,555925897216,922181765537,922181765537
1693257370296,sensor,all,0,21,540480110592,923186526325,923186526325
1693257371300,sensor,all,0,21,450678751232,924189721555,924189721555
1693257372304,sensor,all,0,21,431281668096,925194814897,925194814897
1693257373308,sensor,all,0,21,412985327616,926197524139,926197524139
1693257374312,sensor,all,0,21,474891157504,927201944837,927201944837
1693257375316,sensor,all,0,21,521358016512,928205858433,928205858433
1693257376319,sensor,all,0,21,555643830272,929209366253,929209366253
1693257377323,sensor,all,0,21,563131187200,930212231712,930212231712
1693257378327,sensor,all,0,21,587419090944,931216360405,931216360405
1693257379330,sensor,all,0,21,565299904512,932220339669,932220339669
1693257380334,sensor,all,0,21,548671848448,933223887923,933223887923
1693257381337,sensor,all,0,21,507597291520,934230619336,934230619336
1693257382341,sensor,all,0,21,513459093504,935231017503,935231017503
1693257383345,sensor,all,0,21,586021863424,936237536736,936237536736
1693257384349,sensor,all,0,21,569514131456,937241372536,937241372536
1693257385352,sensor,all,0,21,543652839424,938244832567,938244832567
1693257386356,sensor,all,0,21,526854651904,939246126918,939246126918
1693257387360,sensor,all,0,21,483446226944,940250248058,940250248058
1693257388364,sensor,all,0,21,429185564672,941254168386,941254168386
1693257389368,sensor,all,0,21,416760201216,942258121128,942258121128
1693257390372,sensor,all,0,21,498398658560,943262608686,943262608686
1693257391378,sensor,all,0,21,543782862848,944268334758,944268334758
1693257392383,sensor,all,0,21,575960776704,945272542261,945272542261
1693257393387,sensor,all,0,21,521928179712,946276686724,946276686724
1693257394391,sensor,all,0,21,430129807360,947280857814,947280857814
1693257395395,sensor,all,0,21,442060242944,948285021738,948285021738
1693257396399,sensor,all,0,21,463865643008,949289213056,949289213056
1693257397404,sensor,all,0,21,493551616000,950294087734,950294087734
1693257398408,sensor,all,0,21,578545516544,951298728820,951298728820
1693257399413,sensor,all,0,21,556255674368,952304614817,952304614817
1693257400417,sensor,all,0,21,475817050112,953308878844,953308878844
1693257401420,sensor,all,0,21,428538855424,954313368084,954313368084
1693257402424,sensor,all,0,21,427950080000,955316810544,955316810544
1693257403427,sensor,all,0,21,490226319360,956317505955,956317505955
1693257404432,sensor,all,0,21,425727361024,957321749086,957321749086
1693257405436,sensor,all,0,21,382305042432,958325683765,958325683765
1693257406440,sensor,all,0,21,374034661376,959329550395,959329550395
1693257407444,sensor,all,0,21,385010368512,960333699990,960333699990
1693257408447,sensor,all,0,21,349593403392,961336986525,961336986525
1693257409451,sensor,all,0,21,340799258624,962341045087,962341045087
1693257410455,sensor,all,0,21,303387639808,963344864694,963344864694
1693257411459,sensor,all,0,21,315749040128,964348401629,964348401629
1693257412463,sensor,all,0,21,388935974912,965352530905,965352530905
1693257413467,sensor,all,0,21,391134576640,966356256535,966356256535
1693257414471,sensor,all,0,21,369543348224,967360240687,967360240687
1693257415474,sensor,all,0,21,345112576000,968363979419,968363979419
1693257416478,sensor,all,0,21,310468149248,969367759307,969367759307
1693257417482,sensor,all,0,21,297175351296,970371485882,970371485882
1693257418486,sensor,all,0,21,274758107136,971375390569,971375390569
1693257419490,sensor,all,0,21,250356957184,972379094260,972379094260
