success,function_name,was_cold,worker_duration_us,code_duration_sec,e2e_duration_us,tid
true,dd-0,true,2257064,1.8364884853363037,3239051,3c80ceeftod368to6b35to9b4btoa1c33f11ae6f
true,dd-0,true,2391973,1.956005573272705,3309948,29ab1b3atod1c9to59aatob8b0tod75edde27c92
true,video_processing-0,true,7905342,7.67844295501709,8738087,5f30560ftoc1d8to09afto759ato2fb9f522a25a
true,pyaes-0,true,1757296,1.689321994781494,2234363,8b4a688eto0562tof822tod83etoa8375be82aa5
true,video_processing-0,true,8202784,8.027185678482056,8520622,ade3f718tocd8dto026ato42edto8ed1a826fc3d
true,pyaes-0,true,1808677,1.726527452468872,2237657,327d6fffto4425tocd7fto1c6dto00883bcbd8d1
true,dd-0,true,2253229,1.992701768875122,2687884,b2211aeftoa5a8toeb03to7cfbto3a40fb38ebd8
true,dd-0,true,1848377,1.7428383827209473,2278105,460a203btoff36tob7c1to5069to00e9a27d96bc
true,pyaes-0,false,1884829,1.8834872245788576,1886175,086dc707toe8fcto75d4to8c5cto7d7c53c63444
true,video_processing-0,true,8338905,8.087345361709595,8693031,d354a1c6todad1tob174to4709to1a7790693afa
true,pyaes-0,true,1773235,1.6280748844146729,2305952,d605ffa6to089cto63e9to7c76to5042fab938ee
true,pyaes-0,true,1679571,1.6112802028656006,2224498,6f9b2765toadd7to1606to10dctocc1a97e08aae
true,video_processing-0,true,9109515,8.905110597610474,9709213,dcd98461to87b5to124eto6d4ctoa05ab8c056f3
true,video_processing-0,true,10407970,9.743947505950928,10740009,2dd446e3todbf5to2f4btoba46to37121c7fe88f
true,pyaes-0,false,1569720,1.5688591003417969,1570859,0fb76a54to2e32to7f4ctod5f7to24370f7e4c1a
true,pyaes-0,false,1709198,1.7082152366638184,1710510,3f7777a2to7892to96b6to4eefto892ee477c30e
true,video_processing-0,true,9778285,9.594292640686035,9964456,d6849afcto1a7btoe755to313eto5cc028b244ad
true,pyaes-0,false,2066734,2.065825939178467,2068031,74fb94bftof97btof0d5to7be8tobae94a871d0e
true,video_processing-0,true,9907140,9.711632251739502,10135247,09da00a2tod143to8167to73b0tof69a7c621c4f
true,pyaes-0,false,1807572,1.806471347808838,1808818,a11f5ab1toda71tobd60to6615to6b14587d50ce
true,pyaes-0,true,2080411,1.9834141731262207,2435236,29175967to9946to7774toe8b3to4eec1cff68ad
true,pyaes-0,false,2506160,2.504690647125244,2507586,456051fftod298to28dato0473tocd4d78f050d2
true,video_processing-0,true,9456828,9.253625392913818,9713508,226f4590tofd88to3d61to295cto4c871898dc32
true,pyaes-0,false,1454823,1.4535975456237793,1478234,a66ad19btod9eetobe60to79b7toacdb5e4f5409
true,pyaes-0,false,1682323,1.679922580718994,1684097,111c737etod02atocc26tof507to245cde9dddd6
true,dd-0,false,1934099,1.637983798980713,2278535,0a06d598toe974to6ebato303dto287ceb37f759
true,dd-0,false,3432002,2.890075206756592,3433800,5832fbf2to209cto8e10to5ef6to129a67487456
true,dd-0,false,3421894,2.9677348136901855,3423521,1716621cto80afto4e3eto0106to4bee6aaab510
true,pyaes-0,false,2924944,2.9217000007629395,2927359,e9bfb369toe0a0toc046to19f3toebe5976f118d
true,pyaes-0,false,2067136,2.0654077529907227,2068615,dc10a2dato1cecto0385tof89ftoc7c3634eb6ce
true,dd-0,false,4558551,3.873785734176636,4560999,80709b3etofb46tobfd9to52b0toe10a606e4f45
true,dd-0,false,4511504,3.9236223697662354,4513707,4b8728fdto8c04to2472to870eto243ad3b06bba
true,dd-0,true,4768363,4.105790615081787,5714189,cf3fd906to8e2ctof03bto43d6tob10670078680
true,pyaes-0,false,2772531,2.770792245864868,2812933,fb3b5c4dtof4e4to93e5to583btob299882e67b1
true,dd-0,false,4676591,4.06494402885437,5148108,8fb33e87to9123to845ctoef2ato581f493a2e1b
true,dd-0,true,3801621,3.1367006301879883,5215918,54b18350to06fcto3ec7to6465to3c9ffcee3f58
true,video_processing-0,false,8081745,8.07320523262024,8083819,b349ba31to5fe4to547bto989dto4eb185836a09
true,dd-0,false,4218113,3.530996561050415,4222995,5464de46to6fd0tob672to71b2to5106b4291c9a
true,pyaes-0,false,2411203,2.4062318801879883,3797448,71242107tod75dto09a9to5fb6to7298dbd2b768
true,pyaes-0,false,2282070,2.27940034866333,3593381,c9252e5fto4ebetob2b2to3095toc6b081d77af9
true,pyaes-0,false,2244774,2.241421699523926,3814181,9afc2d3ctob462toa3b9toee52toa124c9e54c30
true,video_processing-0,false,7809740,7.807240009307861,8650348,e78febddto5169to93c8to1902to58acdc32ef64
true,video_processing-0,false,7622466,7.619433641433716,8770501,5d1c688ftoc1dcto31a6to885cto9d3e966055ff
true,dd-0,false,2695219,2.1989471912384033,3797455,a86dbbfbto8693to8b8btodf35toa0164202190f
true,pyaes-0,false,1621786,1.6207339763641355,3430480,8c2e03d3to6aecto8d63to0e4etoa77cfa55f846
true,dd-0,false,3692766,3.090792655944824,5517583,fb49ac7btoc3eftofd92to27e6to66ad8bcb4d0d
true,video_processing-0,false,7376991,7.376020193099976,9078822,3449ac12to2cf6toece2tocd2eto61275f084101
true,dd-0,true,3540783,3.151986837387085,5483278,4871ef95to054dto8775to93a2toba3ea7f838f1
true,dd-0,false,3467866,2.9592995643615723,4619405,9d6321b0toa8ffto1b23to159dtofbc559208117
true,dd-0,false,3696561,3.3767447471618652,3698158,9d989adftob8e6toe947toa8b2to29dd52a42729
true,video_processing-0,false,7732645,7.730040550231934,7734163,6b3e149ato7117to0ab2tod2aftod41eb9debaaf
true,dd-0,false,2803807,2.5735433101654053,2805400,689231f8to57ceto2f22to2c85toc76553fda5cb
true,pyaes-0,false,1744141,1.74139142036438,1746244,7541c3fftobed6to00a5toc652toac5e174c1853
true,video_processing-0,false,8047780,8.045828342437744,8049366,2165b507to4fb1to9f94to9b6bto6bd6430f5e66
true,pyaes-0,false,1627127,1.6246538162231443,1863618,917920fdtod5cfto3d1btoa7f4to7b44dc638c09
true,video_processing-0,false,8181299,8.179472208023071,8182887,23a81536to6c19to97f1to2de3tof125989c7f73
true,dd-0,false,1559535,1.3904399871826172,1748826,1d29521etoe6f9to9697tofe3bto3280385970fd
true,video_processing-0,false,9013129,9.01100254058838,9014856,3d818bd0to8a4ftob05ftob86fto2410b2612296
true,pyaes-0,false,1467104,1.465409517288208,1468640,c501b17dto520dto7fe8to39ebto7a4b08c16856
true,video_processing-0,false,8499974,8.4989173412323,8501203,a6ddbb73tode15tof3abto5240to45fd23a295b4
true,dd-0,false,1431936,1.3557043075561523,1433509,5ddfd3beto28betoacf7to4c93to10bde355301a
true,pyaes-0,false,1482591,1.4811906814575195,1483820,420d188cto795eto3c61to372etodb7754a65014
true,dd-0,false,1841055,1.396538019180298,1844790,2b630888tof599to69adtod735to4c993b47769b
true,video_processing-0,false,8462703,8.461543321609497,8464016,f0b9a160to8f40to9557to3674tob3e8a1e36b83
true,dd-0,false,1885027,1.4076907634735107,1887852,d88167e9to2b2bto6537to4b1bto0139e2e61d66
true,dd-0,false,2150631,1.7011265754699707,2153681,58b5b7e6to11f8to22ecto4f44toa8b321c95129
true,pyaes-0,false,1886027,1.8846824169158936,1887532,504f3649to96b8toc68fto3cacto3ed514a5a2b5
true,dd-0,false,2667996,2.109541416168213,2669357,3bf040f3to976ftod74fto7df2to7539271ea063
true,pyaes-0,false,2360333,2.3586361408233643,2361774,a75d18e5tod24ftoec41to76a1to2c0281e9f91d
true,pyaes-0,false,2082329,2.0810885429382324,2083650,2841c641to8c0dto5feato581dto8d18ba1ec5dc
true,pyaes-0,false,2506503,2.502817869186402,2509174,861f9775to0239to769atodfd5to446c321fe209
true,pyaes-0,false,2407685,2.4050166606903076,2409963,0636be72toad36to9041to98dcto60895bdbf24c
true,video_processing-0,false,7801158,7.800064325332642,7853766,8783becato48f1to651ctoe222to179bd1031b6f
true,dd-0,false,3362802,2.7913477420806885,3704050,f50780a7tof6f0to76adto9234to2d6e9154497e
true,dd-0,false,3026541,2.5190343856811523,3515511,f6cd92c1to7a78toac4atoa9a6tof9b1b04d4612
true,video_processing-0,false,8347747,8.345982313156128,8527079,cbb5d042to6c66to8bb0to7828to0ea9cba9434e
true,dd-0,false,2924244,2.454669713973999,2981656,6d7031efto432btod7d0to4fd3to18c5d33eed54
true,dd-0,false,2643117,2.2203283309936523,2644530,a9da4974to1b8atod1c1todb8eto8b86fce83afd
true,pyaes-0,false,1662651,1.656231164932251,1664441,9c787cb4to9143tof14bto309ctobda3c1f34dbc
true,video_processing-0,false,8215157,8.213737487792969,8217031,40b78fcfto85f0toa91bto8a25tocb1fd8b7f13f
true,video_processing-0,false,7681032,7.679745435714722,7682507,f09a3c0fto2dc9to4eaato0828to5f70efc9a055
true,dd-0,false,2205698,1.9363527297973633,2208940,c70bad53toc07eto805ato8593todfa2417f39f3
true,dd-0,false,2230715,1.923739671707153,2232061,36a2d132toabacto7105to87e6tod28ca72b4b9e
true,dd-0,false,1967354,1.8116414546966553,1968670,2830631fto9e87to7f94to3d4bto4b3c30f1ea99
true,dd-0,false,2065123,1.7204396724700928,2066558,05a33b9fto188dtoffd4to046dto3f771a803bf4
true,dd-0,false,2439066,2.0674595832824707,2440510,c53d40e5to0e33to902fto99edtoc3798d941eb0
true,video_processing-0,false,7238688,7.237390518188477,7239936,b53a5e6ctob8c0tobb89tof8e7to51e5eaacc915
true,pyaes-0,false,2586372,2.5848164558410645,2587915,457fdcd0tof3e8to53feto20a4to210ce348317e
true,pyaes-0,false,2192007,2.190646171569824,2193646,4257c21btob9a9to4d3ftod176to38b933f0cca7
true,pyaes-0,false,2245525,2.243655204772949,2247244,34a30c87tobc19to7e89to67d5tob30ff842426b
true,pyaes-0,false,1944571,1.9432692527770996,1945874,36dcfa80to4b7fto50cctoeb57tof663aa2590c0
true,dd-0,false,2513506,1.978909969329834,2515970,0755a5dato3200toe64ftoe882toa5f44bd6d8c6
true,video_processing-0,false,7552438,7.550952434539795,7553919,ccdb00a5toe919to7de0to88detoec4cf0bb10eb
true,dd-0,false,1969295,1.7107172012329102,2131245,97eca2b0to0eddto63d5to92d2to21a212012b85
true,video_processing-0,false,8010901,8.008926630020142,8410226,d51104eeto8019to901btof944to354cae20a667
true,video_processing-0,false,8411128,8.409321784973145,8413010,2affe136toe99ato1b16toe885to5fb5508bba96
true,pyaes-0,false,1455320,1.4541842937469482,1456479,66401c33to6ddbtobfddto2ba0to19305c5141ab
true,video_processing-0,false,8257490,8.256218910217285,8258817,76e1acfdto67c0to3579tob4d4tof3e1f97e6341
true,video_processing-0,false,8528433,8.52672290802002,8530027,c8e0c681to4686to66c1to2df4tod80266e171f0
true,pyaes-0,false,1403397,1.4025189876556396,1404491,f2eccd9fto7c33tob476to2addto8bad6bcc1ce8
true,video_processing-0,false,8012934,8.012120246887207,8014124,eae65253to3377tob1d2toe358to91a3a0010a52
true,pyaes-0,false,1465242,1.464397430419922,1466395,9cd0aa0ftobbb0tod56btoac19tofce5c3eef869
true,video_processing-0,false,8736111,8.734405279159546,8737450,68afe742todc07tobd9cto0dfeto1da77745e83b
true,pyaes-0,false,1789218,1.7880775928497314,1790466,7f3fb346tof979to61dbto948eto6b1ac6ac93d6
true,dd-0,false,2044245,1.8085169792175293,2045338,38dd429cto6532to3672tod3f1to3cd913478fcd
true,pyaes-0,false,1824930,1.8233940601348877,1826311,f44834dbtod242to688cto86c1to0233ac53ed7f
true,pyaes-0,false,2216875,2.2154152393341064,2218053,dada283cto7d53to154btoe4a2to6fdbd60aa153
true,dd-0,false,2057865,1.8592095375061035,2059616,34baa5c6tocf93to33f0tod5efto1561f4d93b9c
true,video_processing-0,false,7737616,7.735670804977417,7773615,b8305ac2tob987toe6c5to585dtoa3fc8d085395
true,video_processing-0,false,7725856,7.724400520324707,8073128,e78afe0cto31b8to0706toba88to9b4903feb604
true,video_processing-0,true,8425687,7.998729467391968,9440929,8193db3fto920ftoa43ftodd60to03614970509d
true,pyaes-0,false,1781263,1.779374599456787,1806272,d69c2523to4638to3d00to8d05to616c1b365e2e
true,dd-0,false,2744823,2.470726490020752,3165016,e2c460f9tobf4bto803etoec11to88fcacb8bba5
true,dd-0,false,2898639,2.720008850097656,3107969,3e35084btoab1etodf1fto3a5ftoa799c1225bc8
true,video_processing-0,false,8004756,8.00324010848999,8006265,c3f85803to0425to8ba3toef5dto5a26436e7e84
true,video_processing-0,false,7546503,7.54406213760376,7548207,a90c55bdto52bbtod702toe41fto809e421d99a3
true,dd-0,false,2885994,2.4343082904815674,3099253,353f3b41to8648to5f49tob01dto380d74c5df46
true,pyaes-0,false,2598718,2.596750020980835,2700132,9ce207bfto33bato0f38to5833to12e296b02d22
true,video_processing-0,false,7298060,7.296706199645996,7834649,9db7c590to092eto4d2ctodd78toacf0acdf12dd
true,dd-0,false,2496528,2.1012017726898193,2672728,2a44b985toc799tode93toa0c9tof4b98e493dce
true,dd-0,false,2839316,2.456393003463745,3008374,ff0ca219todb90tofe0ctob5actoaa2981c43068
true,pyaes-0,false,1818734,1.816991090774536,1820298,35bc46dbtoa028to864eto9746to5ef8b449c4b9
true,video_processing-0,false,8363999,8.35737919807434,9391257,da623078tob57dto0cabto040bto76d6a9f41f92
true,dd-0,false,1875882,1.6308584213256836,2819903,71d359f3to7b46to8369to7343to736ec059a138
true,video_processing-0,false,7620983,7.618832349777222,8861433,c7032a33to5220tod616toadb5toa58a70e81c0a
true,video_processing-0,false,8049404,8.047444343566895,9429890,dc1bf85eto26e5to79a0to815etod7e180d9cd63
true,pyaes-0,false,1500219,1.498847484588623,1622257,4b8720e6to589ato3e11toba40to78f0d4c44361
true,video_processing-0,false,7401637,7.399667739868164,7402923,5b95d704to7f82to4dfatod6fdto623ab967b554
true,video_processing-0,false,7339947,7.338994264602661,7341190,367c05dfto859cto7b8dtoa89bto3fdc8bf2dbd8
true,dd-0,false,1533930,1.4658851623535156,1535511,f56009edto26d6toad96to7172to0cf53baac0ef
true,pyaes-0,false,1472742,1.471085548400879,1474645,ab73d40dtob20dto65cdtoebb9to6c92e16ce662
true,dd-0,false,2492763,2.3477108478546143,2494424,4687c9a0toaa8atoe34ato1021tod4011669ff5f
true,pyaes-0,false,2296346,2.294057846069336,2298414,c5b995aeto3372to042cto77c3to30c3062a2a93
true,dd-0,false,2807343,2.2872378826141357,2809196,4722ba00toc447to90edto8e1dto55cab898a7fc
true,pyaes-0,false,1634444,1.6330888271331787,1635857,d69b030btob9a8tod883to33e3to4e8720e43e05
true,pyaes-0,false,1704236,1.7028563022613523,1705680,e7c697d9to32fcto2706to710ftoc28c0e82dae1
true,dd-0,false,1895873,1.6964209079742432,1897209,1da9554fto809etoe9f0to982cto1407ad48197c
true,video_processing-0,false,7804086,7.802837371826172,7805525,afc75d90to89eetoc5f0to860cto9f9cee63c8ec
true,video_processing-0,false,7423855,7.422797441482544,7425148,f54faed4toa2c2toa373to8af9toa4533778b774
true,video_processing-0,false,7979667,7.978559970855713,7981012,903019a9tocedato2698to4920tod3d9cec38113
true,video_processing-0,false,7737727,7.736757040023804,7739094,ba0734c6to4c48to053eto5973tocd3272c04b11
true,pyaes-0,false,1416664,1.4153852462768557,1417886,5eebbe81toa2c5to0ecatoe1d1to782459c90daf
true,dd-0,false,1662205,1.5194506645202637,1663481,1eabc035to24ddtoeb33to7b68todceac0d4f8af
true,dd-0,false,1581025,1.5022108554840088,1581966,56639dcbto07a0toa0cetoa62dto726767113476
true,video_processing-0,false,8365111,8.364192247390747,8366514,8300a0cetoffdato5385to2c61tocf021d6d0416
true,video_processing-0,false,7959881,7.95872688293457,7961137,da7af95ftoad62tod02cto2282to7b6341920c10
true,pyaes-0,false,1518033,1.5171492099761963,1519669,ef2862f5tof3d3to28bfto41f8to24ba12ca51fd
true,pyaes-0,false,1500485,1.4994676113128662,1501762,8a35741ctob96ato1696to856atoa95461b67527
true,dd-0,false,1333667,1.2682855129241943,1334954,aa1e02fbto4891toef77to042bto9098763068fa
true,pyaes-0,false,1392729,1.3916540145874023,1393855,6c7f7942to5b78to2a79to699dto0f8a1d346656
true,dd-0,false,1862265,1.4785583019256592,1864378,63850d67to1940to0a0etoa1afto3d08788c2329
true,dd-0,false,3061628,2.5391626358032227,3065814,e9d6290fto8f6bto9cb8toa973to0d1ece0790e4
true,pyaes-0,false,2087122,2.0858852863311768,2088621,e23e8885to4470to8776to71e8tof74be9d0a7ac
true,video_processing-0,false,7941765,7.940152645111084,7943324,25e8e8d0to7ab3toee92to870cto4347a08a3f21
true,pyaes-0,false,2932951,2.931140422821045,2934570,a334dd7ato109btof97bto3addtofd1d4fe0aa5d
true,dd-0,false,3108732,2.5411195755004883,3110356,50a4b24eto3c25to6ee6tob6a8to625ae7e5e37f
true,pyaes-0,false,1825634,1.8224303722381592,1827565,ff4fa929tof9dbtoda6eto9c16to25dfb2627d25
true,dd-0,false,2876488,2.4648449420928955,2878084,d452815cto178ato0b09to5dd7to890efad1d983
true,video_processing-0,false,8464662,8.463143348693848,8466392,814931b1to28aftoc921tof750to9074c37e382a
true,pyaes-0,false,1954595,1.9533236026763916,1955982,350c2dbftoccb7to592eto4e80to3b3ca1226119
true,video_processing-0,false,8333170,8.332213401794434,8645844,c6b0c241to022etob54cto10fbto48bb005d3419
true,dd-0,false,2289880,1.8985986709594729,2646890,6f73c5b1to5b7dto0b6dto215dto5ca3337f8d74
true,video_processing-0,false,8217265,8.215504884719849,8485100,50e3f96dto7a1dto420ato4ee1tob853a3f517a5
true,video_processing-0,false,8060784,8.059201717376709,8117056,3c5251a2to62a3tobbd1to0a7ato189163c87d30
true,dd-0,false,2006278,1.5850157737731934,2011151,d27b4d95to5bfdto6aaato6bc7to6825412a0a0d
true,dd-0,false,1933931,1.442817211151123,1935157,4e4662d8to31ddto6ac2to6ffato6484c33e1e05
true,pyaes-0,false,1417908,1.4169511795043943,1419142,120cc3a0to1952todcadto3f88to026c6e53c42b
true,dd-0,false,1410453,1.1425449848175049,1411805,7cd13fa6tocd3fto3841to59e9to7de48b9301bf
true,pyaes-0,false,1420253,1.4191851615905762,1421534,1e02a316to6defto07e6to4463toda54c6426d9c
true,dd-0,false,1894440,1.5204708576202393,1895856,d23a98b9to6b6btof814to30eeto0ee482e01305
true,dd-0,false,2898836,2.459449052810669,2900116,ebbe01d7toc293tod842toa63etoa0818d858fb4
true,pyaes-0,false,1900644,1.8977530002593992,1903164,a97b157ctod02ftob543to95f6to2880f107d371
true,video_processing-0,false,7583588,7.581899166107178,7585024,cae6b920to66f6tod0a7to528etofbab8f3362ba
true,dd-0,false,2607776,2.2145309448242188,2609446,cf870104toe89cto34f4to7d5eto25b377a9426d
true,pyaes-0,false,2128621,2.1271414756774902,2130169,e8af22f0to4209toaddato731btoe64106c63d54
true,pyaes-0,false,2186073,2.18404221534729,2187598,3cb1a7d9to5ff1to1c9fto581ato6ce7b7991e45
true,dd-0,false,1803898,1.626495122909546,1805255,d37f1d2ato77c3toa500toe21ctofda47c57fcd1
true,video_processing-0,false,7388200,7.38649320602417,7389479,08990369tof3f8toca22to2969to92a7fbffbdfe
true,pyaes-0,false,1492114,1.4911293983459473,1493410,5f2de3d8to3badto83a5to63d3to747632f63444
true,pyaes-0,false,1418580,1.4176428318023682,1419734,5c15782cto2680toabe7to75e7toe0e12909a538
true,pyaes-0,false,1475512,1.474573850631714,1476680,343406e6to08f0toc9catoaa17to568518663fce
true,video_processing-0,false,7303000,7.302095890045166,7304171,97030133to6737toe3d4tod1c1to893600c819f7
true,pyaes-0,false,1441869,1.4410016536712646,1443195,f9a431cbtob7a9to0bd7to727ftob633d5bec699
true,pyaes-0,false,1419564,1.4179272651672363,1420651,160c2c8eto2f75tobfc3to6e2etoe1a778269187
true,dd-0,false,1496607,1.3544621467590332,1497723,7a329167to75b7to3f89to05d6to4153c827b921
true,pyaes-0,false,1596807,1.5954909324645996,1598149,47aaf0c8to3d59tob1e2tof054to9cba668d134f
true,pyaes-0,false,1553729,1.5526845455169678,1554953,9747d207to17c3to3e7cto29f5toa921ac0253bf
true,dd-0,false,1109874,1.0510036945343018,1111182,b2febb02to1605to5654to041fto8a01c6be997d
true,pyaes-0,false,1442423,1.4415481090545654,1443646,1635f3c0to3c7cto1ab8toe68btoa5ae23a9efcf
true,dd-0,false,1608986,1.530447244644165,1610072,9f80a42bto14ddto8ebdto874dto98d0611e8213
true,dd-0,false,1546938,1.4634463787078855,1548268,8e54d467toe7d9tof24ato107ato917820c9529d
true,pyaes-0,false,1413853,1.412536859512329,1415180,0c65e7fbto84c4to1ae8to8445to81d537db9de6
true,video_processing-0,false,7403821,7.402966022491455,7404993,65612aaetob786to6655tof2d6to96550cbbfd09
true,video_processing-0,false,7754241,7.753110885620117,7755582,1795c68cto24d7toc1b9to82cfto5fd546c85bb7
true,dd-0,false,1132932,1.076091766357422,1134372,5192c82bto7a53toa88cto2dd8to2b1afebeb0eb
true,video_processing-0,false,7688008,7.687095165252685,7689210,39fc21f8to69fftoa1f9toab1fto2761a0a146ef
true,pyaes-0,false,1446760,1.4459350109100342,1447975,b20565a6to2884to2a40to8d6ato12f71566f151
true,dd-0,false,3720609,3.432145595550537,3723819,9892dfc2to033ctob61atoc2f0to9fcefaa6a1ee
true,dd-0,false,3206732,2.999072551727295,3207992,370b8dceto02f2to8d5dtod462to4c4afc6d419c
true,pyaes-0,false,1405840,1.404731512069702,1406942,1db5be5eto2154to3968to763fto6700ab2f6e77
true,video_processing-0,false,7421993,7.42104434967041,7423176,c44888aetodbc7to75f3tof3ddtoa59d8339f907
true,pyaes-0,false,1395719,1.39454984664917,1396995,984b92eetof950tob8e8tode1ato093dfbe29834
true,video_processing-0,false,7301955,7.300781726837158,7303286,11d38aa1to9afftoddcato43e9tob8b4d3e6e4a7
true,dd-0,false,2497510,2.029310703277588,2499053,64f62f66to00f9toc87dto798eto68454cf2c8a9
true,dd-0,false,2364545,2.016892194747925,2366306,8db9b625to9ff5to7eeato4259toba24124e4ed1
true,dd-0,false,1907123,1.7128241062164309,1908403,25b1d270tof1d0to345ftodcf8to6dca5c622151
true,pyaes-0,false,1401038,1.3990938663482666,1402634,90eda000toc86fto5a30to4c8bto2dccb05e7f3b
true,pyaes-0,false,1472190,1.4710330963134766,1473613,6e12a316tobb96to5703to9517to07c2d2e2146b
true,video_processing-0,false,7397638,7.396589517593384,7398815,93f42450to6593to7fb0todecftof30b22e504b0
true,dd-0,false,1711149,1.4688162803649902,1712910,36de9ff7toa428to52c3toabebto53601e4fea9a
true,dd-0,false,2137827,1.6767032146453855,2139075,6fe590a5to1375to46d2to5eb8toe9cb22f7f277
true,dd-0,false,1684464,1.5128238201141355,1686098,46f1245cto23a3to1e2fto3d54to93fca21e1dbf
true,video_processing-0,false,7094128,7.09316873550415,7095703,7cfc1152to6aeeto9df2tocc52toa712ddcba626
true,dd-0,false,1925906,1.7254979610443115,1934911,a7580755to915btofa48tocba1toca94e1e06484
true,dd-0,false,1981114,1.736685037612915,1982264,8df510bbto438btoc072toa7bctoc782744e4ea5
true,dd-0,false,1965332,1.7865724563598633,1966539,2f67c5fctoc8eetoc4datoa7b7tob967493c7193
true,pyaes-0,false,1491994,1.490992546081543,1493152,97065f01toa57atoa05bto5d40to17a9783960a9
true,video_processing-0,false,7379322,7.377996921539307,7380698,2a1d0617toe9c4tod172to446etoc65255cc1484
true,pyaes-0,false,1423604,1.4224982261657717,1424731,a948dcfdto4998to7ff4toab50toa8c134997f32
true,pyaes-0,false,1603818,1.6023743152618408,1605062,6907fdefto0754toe301tob961toaad8e03dc1e2
true,video_processing-0,false,7553496,7.551902294158936,7554800,f2c8db81toe7e4to930ftoebdfto117c16c01a77
true,video_processing-0,false,7605469,7.603842973709107,7606849,d87c7d48tod0fftoa2f8toca56tod6ded6d24e11
true,pyaes-0,false,1448895,1.447941541671753,1450045,0969a058toaba8toc405toa8b5to32696f85ed61
true,video_processing-0,false,7499188,7.497941017150879,7500437,0992debdtode6fto3925to5e8bto2ee24a37e440
true,video_processing-0,false,8007265,8.006062507629395,8008536,4faa55d6to9d79to1caeto5e62tof1f2f48af417
true,dd-0,false,1213530,1.155552625656128,1214959,a35fcbe7to74ffto380ctoa479to1332ca8249d1
true,pyaes-0,false,1487431,1.486022710800171,1489275,4c03868dtobc1ftof3d9toe227toee6a8583006f
true,video_processing-0,false,7800233,7.79937219619751,7801518,7899c3efto6752to4562to5965toa348ff5158c6
true,dd-0,false,1320075,1.2408955097198486,1321328,d577a7cctoe995to5e5etod8cbtoff845fc15053
true,pyaes-0,false,1519472,1.5179872512817385,1521062,c61b9255to695btod4e3to11eftof6fc4627e7cf
true,dd-0,false,1647537,1.4872868061065674,1648796,980a790eto3254to9ac1tofa58to6562514a9c7c
true,video_processing-0,false,7400739,7.398799657821655,7402056,9f65f2b2to3b5btoe452toecedtoc935b051c21b
true,pyaes-0,false,1696737,1.6939301490783691,1698357,879295aeto6f28tob790toe4bbto00a78639736b
true,video_processing-0,false,7851261,7.849667549133301,7852921,1ee975d8to6a2atoda7ato947ato3d876d4fbf2f
true,dd-0,false,2554604,2.1843228340148926,2556003,f5cb07bato575bto34c3to1f25to2db1806fb26d
true,dd-0,false,2554920,2.145338535308838,2556836,698b8170toed96toee2eto48ceto8f51e0755d69
true,video_processing-0,false,8292375,8.291128158569336,8294255,1d478bc9to1ad8to04eftob7fatocaec1f05a1b7
true,video_processing-0,false,8456982,8.454869747161865,8458437,a8fd5986to32fdtoc574to6a2cto0c017742727e
true,dd-0,false,2559474,2.2341148853302,2560791,5d9d718fto0caato8fd5to4b94to85827c113f7e
true,video_processing-0,false,8223960,8.222434759140015,8225244,f304c5b5to516dtoe6d9toce5ftoe027ad3f761a
true,pyaes-0,false,1505923,1.503767728805542,1507630,9bc00694tod660to2981to91batobffa0c61d2d6
true,dd-0,false,2142794,1.9473769664764404,2144182,85f052aeto2db6toec48to5d32to337adc4f8d45
true,video_processing-0,false,8271855,8.270095825195313,8273672,4c823b77to7f3ato4d4cto93ebtocc480c0fdb6e
true,video_processing-0,false,9310448,9.309103727340698,9632245,ba0f36a5tod6a6tobcc4to9deetofdd84d5285be
true,video_processing-0,false,8500240,8.49838900566101,8501830,9f2480a1to648cto68aetofa08to24ff2e980bca
true,dd-0,false,1392297,1.280235767364502,1393567,df636522to4c42to7d2bto0438to39cf3192c00b
true,pyaes-0,false,1636307,1.635382890701294,1637569,44e5c930to3b1dtob718toe2d6to86c608a07470
true,video_processing-0,false,8701835,8.700063467025757,8703175,075c7832to13a2toacf7toe108to4f2e820a9399
true,video_processing-0,true,8902739,8.736212968826294,9208697,46a2e8c9to9df6to3890tob6fctob6cc254e8723
true,video_processing-0,true,8957811,8.770209789276123,9625861,40e212a9tob270to4487to7a69toddf9c008548b
true,pyaes-0,false,1531330,1.5291738510131836,2029150,18df165eto9270to50e1to4a2ftoff7dbf48d14d
true,dd-0,false,2101674,1.9995670318603516,3379566,9c234a0ato6e61toc629todd7cto36bd26918008
true,video_processing-0,false,8481460,8.479920864105225,9929105,0e8ef485toc1d5to12feto3731to1ed60c29d49c
true,video_processing-0,false,7941318,7.9391090869903564,10242583,057e1310toc984tob84fto1dc1to824ff4db67e0
true,pyaes-0,false,2010161,2.0076982975006104,5000873,3c9e7e72to919ctobeebtobd73to4b8cebe32dd5
true,video_processing-0,false,7894627,7.892539739608765,9972203,c94bde94to27datobbd7to6165to268ad54ade3f
true,dd-0,false,3221568,2.926241159439087,4593585,afc31af6tof81atoef11to5f33tob92722184027
true,dd-0,false,3027185,2.7821567058563232,4066750,d1cffeaetoe5ceto0eb3to6baeto488a8a76ca2a
true,dd-0,false,2893840,2.6048014163970947,4303487,495b98aeto1cd6to0690toe08dtodd48fd104dbe
true,video_processing-0,false,7485590,7.481774806976318,9202639,5e33b6fdto280ato31d3to080eto322fa97912ed
true,video_processing-0,false,7353750,7.350634098052979,8337011,5fbf2d3fto0633to369eto5f93to66023643be9f
true,video_processing-0,false,7721186,7.719590187072754,9354832,b7aebe76to5403tof017todf40to7d7f8fc11cdf
true,dd-0,false,2364910,2.09071946144104,4009144,e1218ba3to909atof13etocfa9to6ee8ac762e3c
true,video_processing-0,false,8390296,8.389033794403076,8479476,6629b6a7to6c2fto1890to5c8cto808b5c01c70e
true,pyaes-0,false,1990903,1.9888734817504885,2159451,321d5c4cto81cfto3827to5ac6to194288a417d5
true,dd-0,false,2937895,2.4679195880889893,3289667,77658d72toc143to1514to521dtoc702b4472d69
true,video_processing-0,false,8107494,8.105432510375977,8799636,b45ae5f8to56datoe299toc0adto60ac341e07a1
true,dd-0,false,2485078,2.1150050163269043,3417243,6b857488to27b0tof8e6to1187to050740c12d7c
true,dd-0,false,1946507,1.7222082614898682,1948322,2aba1ac9toed26tofe62to234dtoa38ddec44209
true,video_processing-0,false,7614994,7.613728761672974,7616289,492417catoc18ftofc2etode1ftod44e9462c1c0
true,video_processing-0,false,7756736,7.755678415298462,7757817,f5087402to24f4tod9f2to6671to8fdf67c69d72
true,pyaes-0,false,1491510,1.4905798435211182,1492644,e713053ato2732to1807toef6dto1ba815f195df
true,dd-0,false,2565436,2.285938262939453,2566993,0e685cb7to7120toe5ecto8e9ato256d5fbd1f12
true,dd-0,false,3124760,2.694375991821289,3126072,bc3d0fe0to11bdto1d65to722dto7a298a4f1bad
true,dd-0,false,2868368,2.6083481311798096,2869656,a24a639dtoae6cto34f7to36d5toe17ee3c492bd
true,pyaes-0,false,2525603,2.524059534072876,2526960,510fca51to3ef4to15e5tobae3to38e406439869
true,pyaes-0,false,2262618,2.260667085647583,2264308,b953c356tob55atob9e3to235bto3f04b52fe488
true,video_processing-0,false,7599993,7.597925662994385,7601483,d88c9625toc218tod49ctodc67tob613f215699a
true,dd-0,false,2731588,2.2792036533355713,2734095,aa0a85c8tob2eftoba3btob982tocb9f1519c9ea
true,video_processing-0,false,7711798,7.709229469299316,7713351,f2a7c047to91fdtoccb5to4397to3f05520e1c31
true,pyaes-0,false,1919393,1.9173002243041992,2420730,8acea0dbtoc5b5to2fbcto7e1ato737fc781587a
true,video_processing-0,false,7199710,7.198794603347778,7200880,57ad31a5to3134to1505toda75to85255453c667
true,dd-0,false,2007425,1.5283856391906738,2123047,cace61c6tob5d1to460atob300to35570dcec3b6
true,pyaes-0,false,1514083,1.5129740238189695,1515282,4f1aede2tob881tof506tofc19to5e799d5a5f83
true,video_processing-0,false,7380240,7.378976106643677,7381491,68af0601to295cto6f6bto9303to8f02c4e65c2f
true,pyaes-0,false,1590539,1.5894465446472168,1591792,f4817932to26b1to9cf5to33a4to1ea576f8121a
true,dd-0,false,1591230,1.363318681716919,1592465,73ab5ac7to7a29to77acto1ba4to58f25a63d734
true,video_processing-0,false,7852227,7.850812673568726,7853585,cf19d2d8to8d8ftod4d6toa772to709c54b48ef4
true,video_processing-0,false,7593616,7.592367172241211,7596258,75a3ff1cto019ftoa053tob87atof3a10de9f70f
true,pyaes-0,false,1441008,1.4398174285888672,1442094,4d23d271toc2b8toc661to78b1to07a4855a8ef9
true,pyaes-0,false,1496282,1.4947788715362549,1497601,f3fde9f4to802dto5b98tof6e2to1d6c44a7e0c3
true,video_processing-0,false,7912882,7.911159992218018,7914250,865bd3cbtof527to9251toea96to773cbeee7df9
true,pyaes-0,false,1458829,1.4579448699951172,1460090,517ef398to16c5tod094tof182tofca02aa3be94
true,video_processing-0,false,8320759,8.319773435592651,8322122,65e16da4toeb09to9af3tod302toa3d04bb9ffed
true,pyaes-0,false,1470562,1.4695041179656982,1471747,be4f3c2ato001fto2870toa8c1to7c062c3c7747
true,pyaes-0,false,1477189,1.4759764671325684,1478534,754e1adfto7159to9189tof1a3to9d7ca58f3f1d
true,pyaes-0,false,1788360,1.7862906455993652,1789782,b9dbb761toc28fto71f7to76adto337a50d705f0
true,video_processing-0,false,7595129,7.594223737716675,7596166,3fe5a51atof2dbto7ab1tocff3to59cc313b0aa5
true,dd-0,false,1421176,1.355675220489502,1422683,f16b5d5ato0f1btodb19to08afto4a85f6878b2f
true,video_processing-0,false,7831550,7.830314874649048,7832819,af4131d6to5481to9268to6585to46c6c2cd235b
true,pyaes-0,false,1435451,1.4339203834533691,1436662,f4b3acd1to98fdto0f92to7ab9to355dabb94532
true,dd-0,false,2466177,2.1072261333465576,2470429,1cfb147ctoe8b5toab48to9924tof23d10c47118
true,dd-0,false,2797845,2.2145745754241943,2799142,b5b827e7to7c31to1ccfto11e7to9f4a90d22c4b
true,dd-0,false,2774167,2.453195095062256,2775723,12c31ca5to0917to3328to3555to221e83aa668d
true,dd-0,false,2427309,1.9449472427368164,2434399,7853cbabtob77ftoc67eto30d2to8a692f2b862e
true,pyaes-0,false,1887725,1.8850176334381104,1889920,7501c6b0to29e3toe243to811dto6ae84dc07244
true,video_processing-0,false,9072464,9.070088624954224,9073874,e78176e6tod0f3tobdebtobbabto88bb609ee963
true,video_processing-0,false,8847729,8.845929861068726,8849115,d5bdb8eatocf71to259dtocbb2to43b2a3acdc3b
true,video_processing-0,false,9504956,9.503232955932615,9506229,99b64eeeto932dto0642tob49dto3d27b391c078
true,dd-0,false,6138138,5.8023293018341064,6140128,0895c202tode81toc6ceto21c4tof08045aa5e44
true,dd-0,false,5927445,5.655600070953369,5930998,eb6bca92tobd92to30dcto5ab3to842ca2978659
true,dd-0,false,6387175,6.014947414398193,6389189,bcd7d098toe2e1to5bfbtoa1dctobb4a06cd69d8
true,video_processing-0,false,9098532,9.094970226287842,9102165,cbff426etof73ftof955toeaa7tod37c155a268f
true,dd-0,false,5941368,5.292061805725098,5943064,21282281to6be0to05a3to80e7toa2daa25658b6
true,pyaes-0,false,1576618,1.574998378753662,1578182,8c53b0a6to6afcto6257to274bto36f8f7e3e8bb
true,dd-0,false,4771824,3.9439404010772705,4773405,8ef153cbtofb99tod866toe499to7629f4eec1f2
true,dd-0,false,4728765,3.913005113601685,4730802,42f05c89to0e95toe3cato4c81toc6c112296568
true,video_processing-0,false,8617014,8.614652872085571,8618596,509a2e8ftob5bdtof9e9to8a27toec02a9a7f633
true,pyaes-0,false,2436170,2.43235445022583,3027773,0019fdb0toac05to469cto610eto125c903f7068
true,dd-0,false,4558048,3.8619484901428223,6661776,f67e3d6cto33abto705dto590dto5d897695f598
true,pyaes-0,false,2804124,2.7989509105682373,4963676,37de9328to7fe8toaa64to5d82tob5ea1d7b503b
true,pyaes-0,false,2683594,2.676616668701172,5100812,3b082133to0d2ato409ctod401to2b879bfeb865
true,video_processing-0,false,7599592,7.596633434295654,9845677,35f13beetoab58tod8c0to0089toe35667986596
true,dd-0,false,4670488,4.0810792446136475,7527551,f48bad15toea6dto99dctoa636to5171c4da4072
true,dd-0,false,4869244,4.321604251861572,7002472,1c6e20f4to9331toc910tod70cto5c18c7e07e75
true,dd-0,false,4889275,4.31585955619812,6284069,965e959btobaf9to3a86toc13dtob7f4791531c1
true,dd-0,false,4889430,4.431608200073242,6233384,b8584662toe1batoa565to8508toa0085e554dc5
true,dd-0,false,4808279,4.359175443649292,5740376,55b3f0a2toc13ato5c54to35bbto198e87333f2d
true,pyaes-0,false,2396236,2.3920340538024902,3914772,0bb2f581to5304toe4b2to4d21toe3171f7a9380
true,pyaes-0,false,2612296,2.6095237731933594,4248412,943e8e1dto0e95to6f4ftoa5b9tod349238880da
true,video_processing-0,false,7577826,7.574782133102417,9135806,3ca153f5to5272to73a8to8acdtoacefaa21459d
true,pyaes-0,false,1931124,1.929511308670044,3110537,86c76f6ftoc931to5d45to9638to04114e6e9c81
true,dd-0,false,3038304,2.497004270553589,5117273,cd1d9265to049cto743eto1e76toadb16c05033b
true,pyaes-0,false,1859424,1.8556711673736572,3944460,faeac0fdto622dto5f6fto294dto3c1a14e8de8f
true,pyaes-0,false,2115978,2.1134793758392334,4040895,7a10f6c3to78a1to073ato68d0to221a96e9218a
true,dd-0,false,2034199,1.6741368770599363,3907881,2fb94297to4f14to5186to6f6ftoe50c62de3912
true,video_processing-0,false,8059561,8.057635307312012,8061236,5ef95c19to7218tob8b3to336btoba22d5fac3ce
true,pyaes-0,false,1392633,1.3918335437774658,1393839,e814b812to560btof6eeto9ee0tobb9558beb044
true,video_processing-0,false,7543006,7.541236162185669,7544240,f31275a0to9cbato8e30toeed4toed6bbaff04ca
true,video_processing-0,false,7665704,7.664249420166016,7666948,a097f7dcto39c5to3331tof1aato9393e7b5d342
true,video_processing-0,false,8439340,8.437774658203125,8440809,418867fdtof43bto9617tod7f0tob94805966ab4
true,pyaes-0,false,1436432,1.4354255199432373,1437671,1b30c11ato5e16toc3a3to7121to5e7ec0419931
true,video_processing-0,false,8526988,8.525789022445679,8528377,ae299a93to9813to6a4dto459eto5d1519c52a2d
true,video_processing-0,false,8299656,8.29813265800476,8300813,adbef65ato8213to3a5ftoc2bbto7b1b573f5568
true,video_processing-0,false,7861531,7.860496759414673,7864704,7494770etoe51ato4e1ato1204toa5e4ecb67690
true,video_processing-0,false,7962914,7.961971282958984,7963969,9d091ddato1432tode12to85cato2653ae37d426
true,pyaes-0,false,1583423,1.5825388431549072,1584631,899bbf63tof672tod33ato050eto8eefc87c230d
true,pyaes-0,false,1507331,1.506115198135376,1508647,52d4477btoeb33to8fe0toe230to78cd3ab5eda2
true,video_processing-0,false,7486246,7.485334634780884,7487372,88852484to3468to8057toc863to6336b14d43e5
true,pyaes-0,false,2474150,2.4721901416778564,2475447,178cef87toe58eto7f24to4c99to8f23d8252ce2
true,pyaes-0,false,1641551,1.6390206813812256,1643366,25e412e3to3308to311dtob638to464be42f8915
true,dd-0,false,2563628,2.308511972427368,2565152,0d0a5e3dtobd22tod2f7tof718tocfe698dc85a1
true,pyaes-0,false,1648059,1.646003007888794,1649870,1c175364to7a32to275ato6da3to838a2d155b82
true,video_processing-0,false,7025194,7.023873567581177,7026328,b0eb8ab0to59ccto728bto9308to006cba22ddbd
true,video_processing-0,false,7081562,7.080033779144287,7222891,dd90d6eetob1c4to9070tobae8todd83131c2122
true,dd-0,false,2505312,2.1512086391448975,2618253,b6071b8dto3d7cto8101toac3eto6192ed2faebf
true,pyaes-0,false,1983097,1.9803974628448489,2542678,a0e78653toe13cto0c32to8423to3c4e147c27a2
true,pyaes-0,false,2339310,2.337568521499634,2844364,80808ab5to9606toa542toccd1to9dd6225f217f
true,dd-0,false,2119245,1.757767677307129,2894962,ef85cfb0tof999to711ato0635tof6b164573367
true,video_processing-0,false,7445320,7.437357425689697,7451860,1d36435dto8cb0to5916to631ftoaa4d2513b10a
true,video_processing-0,false,7112598,7.111179828643799,7114237,8c2ae15cto9852to27e6to067bto6f7088bdd2ae
true,video_processing-0,false,8083881,8.08315134048462,8085048,e3164029tob073to5e64to470bto83ae7db3b7da
true,video_processing-0,false,7740460,7.739674568176269,7741512,5ef9e409to00d5to8574toc5bfto03f231b6e39d
true,dd-0,false,1270708,1.2108981609344482,1271890,d6f01d0fto337bto8c7dto6194to3ece820076f7
true,pyaes-0,false,1445176,1.4443016052246094,1446365,895dce3fto2a50to7fb2to2a12tof87bcc28224c
true,video_processing-0,false,8455621,8.454104900360107,8457024,bcd8e0cbto54f3toc4e7to92a3to856004399e0e
true,video_processing-0,false,8060351,8.058191537857056,8061950,78ac965cto41d2tocf50to7097tod5420e298a55
true,dd-0,false,2129874,1.7389533519744873,2131077,7f640885to48beto16a6to32b7to8652da0be229
true,pyaes-0,false,1568509,1.5664689540863037,1569953,01977e00to1b24to3899to2c03to50922e519137
true,dd-0,false,1912723,1.776472806930542,1914179,977d68e1to2c50to133cto3081to45872107f8fc
true,pyaes-0,false,1557573,1.5560615062713623,1558962,8bb073abto262btofed4to6c3cto1a053d5fe46b
true,video_processing-0,false,8449036,8.447949647903442,8450367,fa30d37ctobb21to4eb2to0206tof12a5d45f825
true,video_processing-0,false,8152853,8.151125431060791,8154209,44d37fffto05e6to0d89toc5b5to5ea95ff1ffb7
true,pyaes-0,false,1504368,1.503488063812256,1505524,7d0ecf93to92feto24edtodf18to59a275455b8b
true,pyaes-0,false,1471886,1.4707369804382324,1473154,ff8c48e5tod430toa600to72fbtoc0be0ac3a100
true,pyaes-0,false,1517051,1.515282392501831,1518444,8d231440tocb65to4305todb38to88ff9e22bdf2
true,dd-0,false,3326697,2.980433940887451,3328586,1e87c609tobd01toc65dtoaff0tob644f872b3ae
true,dd-0,false,3382938,3.07611083984375,3387731,0c896670tocbccto0cdbtob2f3to1ef6af0a3c9b
true,dd-0,false,3511546,3.1194801330566406,3516578,5f835a4cto273eto2738toaec0to2f84e93e17ab
true,dd-0,false,4133907,3.665769338607788,4135329,c8e12bcbto1d08to7934to0885tod597366f7ece
true,dd-0,false,3499264,3.150416374206543,3501194,9ba1cc0cto96ccto8e51to2349to3e750b3820d1
true,pyaes-0,false,1915316,1.9113869667053225,1917624,eaf4f92btoa36ato81a6to372eto4ed60f079d43
true,dd-0,false,3642453,2.839338779449463,3644065,85a7b33ctoeb66to70bato540ftodae410fd9827
true,pyaes-0,false,2149905,2.1447532176971436,2160062,2a9f04bbtod1e0to04adtoc9b3toc738883e57f7
true,dd-0,false,2800081,2.5046727657318115,2801645,9c6a29c6toab37to51b4tod804to038019eed737
true,video_processing-0,false,7570690,7.568024158477783,7572433,c2aafa91to8277to1a07to5ae6to83671da391ae
true,video_processing-0,false,7744021,7.7412333488464355,7745557,562904f3to9bb6toc491to2fe3toc479bcad1862
true,dd-0,false,2349717,2.126275062561035,2351287,d47caba0to5926toeac1toe7c1to6bf9032193fc
true,video_processing-0,false,7273392,7.271268844604492,7274727,4aa81fedtoab81toab7cto118cto72d89f41a4e0
true,dd-0,false,1802690,1.643153429031372,1804161,c8a34746tof478to1e0etod042to8099d39c1d02
true,video_processing-0,false,7716499,7.714563369750977,7717992,02854ccfto58b8toce1dtof6f7to696ec99e689d
true,pyaes-0,false,1417454,1.4163861274719238,1418694,659da002tofb84to138dto11dctoe2f3d9460834
true,video_processing-0,false,7603473,7.602647066116333,7604715,8abb6f0bto2cc8to6d80to5d02to11303a48daa0
true,dd-0,false,1601999,1.185539722442627,1603139,0b014ed7to63cbtoaa2ato0367tobc58d174d90f
true,dd-0,false,1618087,1.2314565181732178,1619141,d63cc6bctode66to574atoa711toc130baf84e16
true,video_processing-0,false,7638797,7.637680292129517,7640005,60d87e97to4806toc579tod418to3902a4963ee5
true,video_processing-0,false,7846178,7.845189571380615,7847580,ebd3d8c7to0c0btocc6btod51etod26746360cdf
true,dd-0,false,1563186,1.4854419231414795,1564621,df74d358to91f8tod0aatoe209to031f5e689b3b
true,video_processing-0,false,7530614,7.529419660568237,7531930,a4c67fa4to82b0toc4a4toff4dto9e3ef342c7e0
true,video_processing-0,false,7302227,7.300137758255005,7304241,c09c8ee2tod705to692fto685dto8e01ba35a770
true,pyaes-0,false,1556798,1.5550978183746338,1558357,b13268bbto6c2btofccetoc763to6befee84bcc4
true,dd-0,false,1729713,1.481956958770752,1732800,25c898b8tof5e5to1feftoe59ctod7d57ec0ebcc
true,dd-0,false,1619462,1.3860347270965576,1620539,7ab8fb47toce2cto4916to864eto82ae3e26fffb
true,video_processing-0,false,7936466,7.934417486190796,7937870,8c956f25toabc9toc857toca0cto3cfa9e11f4e9
true,video_processing-0,false,7266508,7.264964580535889,7268263,562f1e3eto70cdto87ddtoed25to1749bac6c948
true,pyaes-0,false,1671839,1.67051100730896,1673151,361b02d3to5899to7a12to67b2to31a9afb4246c
true,video_processing-0,false,7638915,7.63775110244751,7640303,0ba4260dto4ca0to20e5tod7fbtoc72b55019261
true,pyaes-0,false,1636742,1.6353473663330078,1637869,606c1677to7f5btoc411to3b93to5d46b6fc3f21
true,video_processing-0,false,8704251,8.703330278396606,8705273,19aae834to64f7to24f0to9b3ato2393ddb89544
true,video_processing-0,false,8633669,8.632460117340088,8634955,27086dc1to61abto9aeftoe5bctob27ace59fc56
true,pyaes-0,false,1513447,1.5114398002624512,1514962,1d0d83deto5b28to60eato93e1tob1c15bc29ce5
true,video_processing-0,false,7988301,7.987306833267212,7989558,669b4ea8toae73to5a98to7062to70199dd641a4
true,dd-0,false,1513550,1.4465892314910889,2245819,5c4ac52eto8df4to6485to611ctoa1546ca4677d
true,video_processing-0,false,7835700,7.83455491065979,8767928,69e6d5f0tof2dato2c46to2f88to9bae0e05a919
true,video_processing-0,false,8072839,8.071581363677979,9139188,7f818599to6965tob75cto9f20to88012c4d3376
true,dd-0,false,1416925,1.28818941116333,3212521,18b6ece5to8e89to6380tof1e8tofb18e73c9c1a
true,pyaes-0,false,1684603,1.6824381351470947,3561928,c11e918ftoddbeto0382tocdcatod8f4d3b5d524
true,video_processing-0,false,7367006,7.365967035293579,9575243,60f8dc64to0c2fto0ebetoccc6to738e43f15b80
true,pyaes-0,false,1521286,1.520271062850952,3865752,3bb6911etof4b0to05e3tob182to631998a71208
true,pyaes-0,false,1534282,1.5327119827270508,3508964,872e62d5to6d6dtodc21tob355to315a9f1d008d
true,video_processing-0,false,7649824,7.648688793182373,7651047,123986cato2c2fto32c7to372ftoc2933f5cbfc7
true,video_processing-0,false,7847466,7.846428632736206,7848917,bb96df87to3696tod84ato725bto494d122a829e
true,pyaes-0,false,1726290,1.725130558013916,1727585,9712634bto2ef8to9c66to110bto6376cddaec53
true,dd-0,false,2174212,2.0077431201934814,2176091,f0483d5atoca33to6a0eto4c8fto859c0c3de232
true,pyaes-0,false,1683038,1.6818015575408936,1684142,44c00d74toaec2tof2d1tof710to32c9dbe57d65
true,video_processing-0,false,7681006,7.679811000823975,7682234,15e5431fto2e46toa5f1to1ca9to603e77c9a014
true,video_processing-0,false,7087181,7.086004972457886,7455091,89e5b9e2to0bb6to4d44to76deto470d675e3bbd
true,video_processing-0,false,7634466,7.633702516555786,7635625,2ab50fdato287dtof66ctoff90to482e9e2b4fdb
true,pyaes-0,false,1476231,1.4749841690063477,1477373,cc96f994to41a7to1fe2tofc6ato4ae297c18e15
true,pyaes-0,false,1525734,1.5249085426330566,1526805,8be05ecato10cato5de3tof5e2to4bf3c7a68d44
true,pyaes-0,false,1587458,1.5863962173461914,1588737,bae5e808to1072to00d5todcf7to8631b0c859dd
true,video_processing-0,false,7353111,7.352146148681641,7354467,eadea686to5fe3to4859tobe40to07fd5da28b3c
true,video_processing-0,false,7812328,7.811156988143921,7813605,2ec0602btoa91ato4041to3a88to73e24ec3f9fa
true,pyaes-0,false,1516860,1.5156033039093018,1518093,34fb5046tobda2to36b9tof2fdto0db6a65e3a7e
true,video_processing-0,false,8047109,8.04597520828247,8048426,bf85fda1to09c8to933eto5fe9to61ac953c5431
true,video_processing-0,false,8133521,8.131183862686157,8135033,9f7dafecto62b2to0573to8394to14196d7ab342
true,video_processing-0,false,7759989,7.758529186248779,7761163,eb277d87to10aato39f6tof73atoe20e8558b6ce
true,video_processing-0,false,8487512,8.48497462272644,8489321,65603a4bto7a01tocb79to5e28to1aecda1872e9
true,dd-0,false,1272961,1.1936678886413574,1274182,71495133to3037to8333to59d3to00ae2eb7a208
true,video_processing-0,false,8704551,8.702717781066895,8705739,8a4dad81to06e5to541atobf59to7401b8d47ba9
true,pyaes-0,false,1443591,1.442296266555786,1444775,c9da0d39to0df7tob383to1592tod122c9b0409a
true,dd-0,false,4019120,3.799046039581299,4020420,86e06ba0to4de3tod351to00bbtocafae71ca79d
true,video_processing-0,false,8778494,8.77727198600769,8780177,d26ad84bto2b87to7e62to5665to6b3d647484c8
true,video_processing-0,false,8100659,8.09977912902832,8101808,1b8af388to026eto07abto76d9tod956a4db6a3d
true,dd-0,false,3584675,2.74945330619812,3586336,86104acatob1dato8dcdto2bactoc2a9481af3b2
true,video_processing-0,false,8177988,8.177002191543579,8179192,4b35ad84to3116to482bto4269to7df6c26d025d
true,pyaes-0,false,2065258,2.063737392425537,2066590,35cdf16dtoba9atocbb4to2c54tod9a18e1230ba
true,pyaes-0,false,1643888,1.642249584197998,2654948,ed94775etobc4etob2d3tobee2to06b4da8207f1
true,pyaes-0,false,1838042,1.8365356922149656,2708145,3d2628a7to27f3toac85tod021toa715cb9e4e21
true,dd-0,false,2965032,2.69598388671875,3371083,9634c57btob587to4d54todc43to88e4d84e9048
true,dd-0,false,2710168,2.479640007019043,3237791,9e475b14tofc21to5b88to1edato4ce48d04f591
true,dd-0,false,3316228,2.9597461223602295,4183289,5530bc84toeedetod8dcto00bdto478ca5e560a8
true,video_processing-0,false,7674007,7.672504425048828,7831357,15d46958toe513to1effto897ftoa1ef6c86f9e5
true,pyaes-0,false,2614791,2.6119544506073,2616803,fa5914b2tocab1to17e3to1a21to0bdbf151f719
true,dd-0,false,2795155,2.288276433944702,2796641,f51875a4toa9a5tof35fto3382to3aca8611cb4a
true,video_processing-0,false,7402171,7.400941848754883,7403392,ebebfdf5tob054to9455tof30bto385375e0a142
true,pyaes-0,false,1916449,1.9151949882507324,1917693,af7ab186tofb8eto0519to4c2dto0c933e90fb8a
true,dd-0,false,2145557,1.6246569156646729,2150463,5ccbd6b9to15f7toe517to4cc9toa8e9e64d5486
true,video_processing-0,false,7694513,7.693042278289795,7695877,1f3c38f0to6308tobbc4to0babto7d103feb6a8d
true,video_processing-0,false,7346259,7.3452372550964355,7347450,b5913aa2toe2c9to7bd2toa12dtocecd6222e583
true,dd-0,false,1359127,1.1560907363891602,1360376,0a626c6eto14acto1987toa448to2783371107c8
true,pyaes-0,false,1437795,1.436945915222168,1438993,fe5b3897to3da4toaa7fto798eto145bf3f32015
true,video_processing-0,false,7690883,7.689935922622681,7692025,b6f2fddcto9f56tobbe2to2735to5d6ec5c414d4
true,pyaes-0,false,1519785,1.518756628036499,1521031,ab72cd75tobf96to1d49tod724to1fbeddb8fe52
true,video_processing-0,false,7371414,7.3704893589019775,7372523,57d14786to25dato19b3to0b8etoba2037051829
true,pyaes-0,false,1452897,1.452056646347046,1453979,f9178d5ctod253to62b2toed13toe37f22ae98e9
true,pyaes-0,false,1533034,1.5320115089416504,1534506,1581edb5to5129to7682to5debtod78ab709f3df
true,pyaes-0,false,1688044,1.686978101730347,1689201,6b4df8a9to56e8tof6b8to11ccto572bf9df975a
true,pyaes-0,false,1503174,1.5022923946380615,1504458,10881f46to3416to9bc1toc270todd2589bb4e91
true,dd-0,false,1843952,1.754951000213623,1845439,b91b0432to529ato58c1to540eto199bc2337eb8
true,dd-0,false,1786654,1.699235439300537,1787809,c6e139fbtoea8cto13cbtoc961tof8a515dd09bf
true,video_processing-0,false,8258976,8.255861043930054,8393720,0408f9eatof0a5to2f0dto493etoe17a9c555961
true,video_processing-0,false,8687393,8.685755014419556,8688666,d3149105toaf54toee23tob8bfto0cff7723963d
true,pyaes-0,false,1547981,1.546295404434204,1549136,00e4d4a0tob4beto8132to12adto1fb4c38cf178
true,video_processing-0,false,8436706,8.434850931167603,8438002,feedec17to111ato49a8to7577tofdc5cce1c4ca
true,pyaes-0,false,1437851,1.4369380474090576,1438999,e3228c57to630cto2559toa3bfto722bd201f6f5
true,dd-0,false,1375440,1.2895562648773191,1376655,647f8761tod6dcto15c9tod02bto3eb5d0168578
true,pyaes-0,false,1445861,1.444591999053955,1447164,ab453a4ato7d31to4277toec6ato7476953aa300
true,pyaes-0,false,1466942,1.4659090042114258,1468260,307431e3todc98tob823toa032to023ba1c30899
true,pyaes-0,false,2110857,2.109570026397705,2115170,2378805eto619cto1ad9to1415to080216037972
true,pyaes-0,false,1643075,1.6418814659118652,1644218,e5654c31to42dato8ce3toaca7to2c1df8c6c0d9
true,pyaes-0,false,2206575,2.204274892807007,2208288,ae19dae5to90c2toe1bbto52dfto1c3e4a9dd9b6
true,pyaes-0,false,2451309,2.4499824047088623,2452701,cab405ebto35fctof24cto2dc4tocc58f0ce7576
true,pyaes-0,false,2579997,2.5788466930389404,2581195,d4bb44eato72batofd28to1687to758ac9583ff2
true,dd-0,false,2914681,2.535287618637085,2915980,6258ec7ftoee9cto6ff3tob009to340d8a495ede
true,dd-0,false,3420962,2.907710313796997,3422258,44386428to672cto6abato0aadto91412a8fcd4b
true,dd-0,false,3254583,2.8309221267700195,3256268,275cc6cctobd1btocedctoce44tocb8ad083bd37
true,dd-0,false,3147860,2.5357093811035156,3149474,352016f7toa43ato598ctod6f4toa7513d0c930f
true,dd-0,false,1748110,1.526890754699707,1749413,ce8167c7to3790to77ddtob379tob8553f906b41
true,video_processing-0,false,8578416,8.576289415359497,8579887,409e82dfto2886toa289to72f0to395b9574cf39
true,video_processing-0,false,8353730,8.351613283157349,8355405,029b5fbetoe2catob30dtoc291to1df010b0d1db
true,pyaes-0,false,1459905,1.4590554237365725,1460978,d5174990to6315todea9tof562to1fca2273aa14
true,video_processing-0,false,9361667,9.360559463500977,9362986,bf76f67cto7326to9fa6tod4cftoc515fce968de
true,video_processing-0,false,8704870,8.702547073364258,8706560,bb53c0f6toe5e5to7fb9tobe60to83cdeecb6f8f
true,pyaes-0,false,1413865,1.41296124458313,1414996,d2fb401cto0021to4872to962bto6dd11a88e85f
true,pyaes-0,false,1416079,1.4152109622955322,1417244,272d5430to1440to3c87to52e1todbd98bd6dd62
true,video_processing-0,false,8957172,8.95579981803894,8958362,c864e800to40c1to2ca5toca45to090e75a2af2c
true,video_processing-0,false,9463686,9.46182346343994,9465207,674b0483tod608tof7cdtoac92tod5e2fc4daf98
true,dd-0,false,1660475,1.2413387298583984,1661661,7f4cb228to8e3dto5c64tob500toaddf551d6573
true,dd-0,false,1730477,1.2493326663970947,1733045,a25d7721tof93cto845btoafeftoc659791d26c4
true,pyaes-0,false,2218220,2.216857671737671,2219815,6b79011eto15cbto9549to56a9to5bda8e429030
true,dd-0,false,2500737,2.115509271621704,2502373,bcab7234to1738to2868toef4dto05a8ea3f18aa
true,dd-0,false,2974891,2.532950639724731,2976891,31374043to08a5tofc6dto5bfctof2f6b288df4c
true,video_processing-0,false,8766393,8.7649564743042,8768075,c688f376to9450to8250to1a82to7cde85092dbd
true,dd-0,false,3379669,2.98726487159729,3384201,0dfe4c46to2751to51bdto1432to12a216871987
true,video_processing-0,false,8973772,8.968866109848022,8975915,403e3705to3f44to702cto0c8atofbf1882d7708
true,video_processing-0,false,9133844,9.132417678833008,9605712,6438c3adtof76ato09e3toa2b6to17c66e5b942e
true,dd-0,false,4620828,3.948458433151245,5155135,49c656c0toe798to24fato4962to2a866f4c2a0c
true,dd-0,false,4892161,4.423805952072144,5987938,4e430d72to4ac9to56adto6ce7to9a2787c9988a
true,dd-0,false,4576775,4.20897650718689,5381018,5097c23dto7b7ato59f2tod1f1to034b6e8c94a3
true,dd-0,false,4291752,3.9189341068267822,5013126,3b55ed39to3ff3to7e48tob3f3to046f51e18d5d
true,dd-0,false,4247111,3.7974236011505127,5715098,cfc5ca13to3a7ato6907tod011tobdd26f0ad46b
true,pyaes-0,false,2219724,2.216707229614258,3696016,048c854ctod665tocf22to0949toabba3de16af1
true,dd-0,false,3859308,3.433081865310669,5548085,1f2e02datof81bto2b26todccctobf3f9df8b4da
true,dd-0,false,3574148,2.931891679763794,6176115,d2d0cd65toc889to0d24to21cetod82bfaae0a8d
true,video_processing-0,false,7561766,7.558817148208618,9121031,3128839eto6935to6e6btod2cfto74eba15c8b79
true,video_processing-0,false,7543359,7.537926912307739,9494068,d8f50c8fto9c57toded8to284bto38d693b7d72e
true,pyaes-0,false,2019973,2.0157694816589355,4015704,f4025012tofc3cto8f16to8c3btoedae9ec00c54
true,pyaes-0,false,2011400,2.0093162059783936,3875161,e806ca9btoe2betod521to18c4tod80fadee4cd0
true,video_processing-0,false,8890083,8.888648986816406,9359346,ba27fa5ftoee46todc11toe31btoeaccff0e19cb
true,dd-0,false,4144242,3.4366202354431152,4601352,764c22batoa2c0to1e3ato954atoda056e69a9b2
true,dd-0,false,6295636,5.630444765090942,6675241,6067a731todd21to8a39to6f24to4bfaa8f7a85b
true,pyaes-0,false,2741896,2.7392375469207764,3022352,c37e02cbto299etod362to2f53tofd54a7d1cdb2
true,dd-0,false,6577073,6.024103164672852,7149784,a7944015to90ecto7ce0to1b8dto2c752b10b4a3
true,dd-0,false,7144319,6.650833368301392,7843490,1534df65to4aabto3f8ato96f3tod6281f01791c
true,dd-0,false,6657768,6.075639247894287,7490530,a44dba25to3b9ato94d6toae53tof9908a0804fc
true,dd-0,false,6792016,6.2863054275512695,7225371,a097bfa4tofdb6to3285to5c44to6b6775d3d69e
true,video_processing-0,false,9025142,9.021966218948364,9392483,2ebba9dftoeb10to8ab3toda32to04a02833073d
true,dd-0,false,6521625,5.823265314102173,7892485,888c87dbtocd20toce84to6533to124a3f25807d
true,pyaes-0,false,1686943,1.6860218048095703,2086530,65d2b72ctoe5f2tocde3to6b09toa6f8066daf72
true,video_processing-0,false,8596230,8.594462156295776,9212009,f3b3a20ftodeebtobf82to8712tobac251329490
true,dd-0,false,4980332,3.9057869911193848,5692831,f36c3b09to7dbftoae8dto863btoa90e9500937f
true,pyaes-0,false,2542078,2.540321111679077,4022545,82c05aeftob6c9to7043to47d5tof38549fa2090
true,pyaes-0,false,2715594,2.711289882659912,4642536,ba8f4cb4to2510to65d1tod2a9to6d271849127e
true,dd-0,false,4584019,3.878411531448364,6614550,ed60863bto9b5bto782ato11b5toad5524303ebc
true,dd-0,false,5132693,4.169886827468872,8274309,c2ef4432to856fto40b2to3adftoac7ecdad0799
true,video_processing-0,false,7161941,7.1590352058410645,10272693,c42119fcto523fto6408to9d04to2796636ed368
true,video_processing-0,false,7709592,7.707768201828003,11105329,ca97e561toc616to2006toc84etod0f440e9d2cc
true,dd-0,false,4707039,4.252557754516602,7734841,e6e8a6ddtod46dto64a4toc8c8to558452f8936f
true,dd-0,false,4527550,4.128850221633911,7465201,3910568ctof99eto76bbto7efcto5c20da74958a
true,video_processing-0,false,7838041,7.836159944534302,10113681,ad0eae4ato3e63to55b9toa2aato2f808feba768
true,dd-0,false,4154920,3.837160348892212,6890682,53453a19tobf90to0042toa848toa919507af644
true,dd-0,false,4024791,3.5596225261688232,7052458,badb7119tobb1ctoa073to5c7dto0d4d7b20adc1
true,video_processing-0,false,7615332,7.611499309539795,10112430,60659b70toef87tob004to8068to91896dbf5bf6
true,pyaes-0,false,1696016,1.6949858665466309,3904801,70b78153to9831to0a4ctoa633to87c3c94d809a
true,dd-0,false,2656790,2.423854112625122,4384010,ac0fda52to2945to8172tof25eto019453cf78b9
true,video_processing-0,false,8213720,8.212707996368408,11100951,92527e34to10f1tofe64tocfbbtof722c25d2ff6
true,pyaes-0,false,2031738,2.0309059619903564,4755785,a93163cdto6bc4to0256toa128to24ee8f7bedf5
true,pyaes-0,false,1566267,1.5650601387023926,3802804,0bfd718bto2800to3938tof1a0tobf699cc89c16
true,pyaes-0,false,1699161,1.6976206302642822,3138662,87d10ac5to9697to2608to3aadto932cb2f664b5
true,video_processing-0,false,8323856,8.322660207748413,9520963,b495875dto823atodc24tobd3ftoae6740a67f4b
true,video_processing-0,false,8678418,8.677075147628784,9896669,666d65d9to4409tof5eetoe872to234e0f20770d
true,video_processing-0,false,7780056,7.778466463088989,8818118,c8e52373tod634to0662tod086to1ea3d11dcaf6
true,video_processing-0,false,8443065,8.441954135894775,9686240,6988404dtod276to384fto197fto1efb49f4d052
true,video_processing-0,false,8511129,8.508577346801758,10059444,9902ec14toa234toa240to8f5dtod47c0fa8df11
true,pyaes-0,false,1455724,1.454930543899536,3138968,edbc261ftod06fto049btofc62to5300c8c3bf53
true,video_processing-0,false,8663020,8.661538124084473,10404923,252772a1to8622to1c84to72e3to168dc231ff54
true,pyaes-0,false,1490102,1.4891786575317385,3736062,83523d7bto8a03tob83ato5962tod54ad15be25f
true,dd-0,false,1726106,1.365478515625,4495256,759c4f6dto61cctoce62toabc9tod8bbcddde4db
true,video_processing-0,false,8397307,8.395151615142822,8913064,8069d9abtodbb0to69a5to9d8bto87966f156fa2
true,pyaes-0,false,1507156,1.5061964988708496,2142119,09999e58to7e03toc44fto2352tof19ccd961e74
true,dd-0,false,1420983,1.198530673980713,1801413,d6ba23b8tobd23toda6btoc82fto638cd7a62e38
true,pyaes-0,false,1470994,1.4694573879241943,2523029,f53d8255to57b0to4cc9to0996to69669efcebd1
true,video_processing-0,false,8760036,8.758877277374268,9495446,f166f960to6d99to4982to5bcdto1fd93e1bc52b
true,video_processing-0,false,8672118,8.671127557754517,9261716,7b3f505dto3b35to64a8to7b21tof26b601d5ab6
true,dd-0,false,1859906,1.775017499923706,1917071,f99d63ebto71e8to8525to3ea0to2996557c3d98
true,video_processing-0,false,8411801,8.409467935562134,8413643,0ffc44a0todc62todc0ato819atobe8453a12ef8
true,pyaes-0,false,1783252,1.7811412811279297,1784821,82442430to4695to5e3btoeb39todcb628ff1c4f
true,pyaes-0,false,2392593,2.391345739364624,2771990,ce4a8aa0to5624to94f3toa192to32001bcf5321
true,dd-0,false,2151381,2.02500319480896,2902742,63897386toeb2ato2c41to3351to07755c75230f
true,dd-0,false,2142411,2.0440568923950195,2812839,edac42bcto118bto391eto21dcto64f7575c4e15
true,video_processing-0,false,8296912,8.295455694198608,9046013,d10e42ebto98f4todeb3tob8bdto330554c7020f
true,video_processing-0,false,8771421,8.767629146575928,9683412,6778c431to4391to10ebtof146to1ca45352706e
true,pyaes-0,false,1613648,1.6109287738800049,2549204,1310f5d2to2744to12d8to212cto1272521d455e
true,pyaes-0,false,2282766,2.279909610748291,3845448,51d0079dto36a1to0669toa8c0to50fc1ef23db9
true,video_processing-0,false,8576896,8.575524091720581,10282149,ad75c246toff77tod8b1to6a89to0b5cdaabf063
true,pyaes-0,false,1833277,1.831364393234253,3273255,a91966b6to84a7tofdactof11btod80094808567
true,video_processing-0,false,8372483,8.371236085891724,9243569,52e2c655to884eto2e94to4372to2231928a93ca
true,dd-0,false,2742194,2.409014940261841,2743433,4b9617dbtoff9btoe06btoc5e2to9a8589bd105f
true,dd-0,false,2841126,2.5355658531188965,2842953,1a2cff95to50cctoffc6tobb9cto2deeefac867e
true,dd-0,false,2772739,2.395711898803711,2774335,f3d7f1c3to421btof19dto6533toff0904895c98
true,dd-0,false,3153529,2.708895444869995,3337476,26fba289to405ato4798to36b2to7b9862fa1814
true,video_processing-0,false,7912976,7.90990161895752,8046419,6743e4f7tob018to12ddtobb77to70341cdd9c94
true,pyaes-0,false,1649972,1.6487817764282229,3095659,31df8ba3toee6bto8c74to34b6to3886756c3ea6
true,pyaes-0,false,1607041,1.6055576801300049,2005966,395a0880to8e3atof660to5e39to7cd23240a92e
true,pyaes-0,false,2348515,2.3462119102478027,2622388,3861ee7atof84btof038to37fdto313d60c1395b
true,dd-0,false,1881383,1.6473543643951416,2291657,08575b49to04e8to97d3toa474todfcb842f8490
true,video_processing-0,false,7589201,7.588116884231567,8344339,08509c53to3065to9089to08f9to9f9970e0d372
true,video_processing-0,false,7209150,7.207886219024658,7210321,b5be92cfto025eto3c42to9519to451b56fd126e
true,dd-0,false,1836877,1.685640573501587,1838277,7c93b658toc0dbto2502to772ctoe12c0a010c94
true,video_processing-0,false,8021703,8.018860816955566,8023188,019120ebtoc0ffto12d7to8675to87aeb93b2b77
true,pyaes-0,false,1675126,1.6738743782043457,1676230,d0432dcctof324tofbecto8107to889e69e0ba32
true,pyaes-0,false,2078692,2.077309846878052,2080114,80a7ff8cto420etof098to2c61to0d15e84c21f3
true,pyaes-0,false,1810244,1.8081471920013428,1811414,05718037to4ac5todb17to72bato4a215f5215e9
true,video_processing-0,false,8000080,7.999106645584106,8974258,b54d5043to47a0to3ea0tocf3eto9d9630fbd48b
true,video_processing-0,false,7354346,7.353195905685425,7762952,1d68423bto2dbeto10e7to1736to2d57c914f48f
true,pyaes-0,false,1588407,1.5874459743499756,1888957,4d081ba4toc5a2to45actod3dato808870255da7
true,pyaes-0,false,1819654,1.8185527324676511,1820817,7e716566to8df6to3280toe603to477d9b805713
true,pyaes-0,false,1546116,1.5453214645385742,1613319,793ad31bto5b69to883cto1883to4b08c69f17d0
true,dd-0,false,1347601,1.2845351696014404,1548880,393e78f3to7056toca04toc1cbtob775a1241371
true,video_processing-0,false,7353112,7.352144002914429,7354328,c1626977toedb2toa9bctof05ato10eb46606053
true,pyaes-0,false,1588737,1.5861036777496338,1590674,aaef05b9to37detoeb76to8d36to942110743232
true,dd-0,false,2227516,1.8757011890411377,2228858,21ba4ddbto8ee5tof914to6dc9toa515210c098d
true,video_processing-0,false,8605649,8.60449767112732,8606870,e6523837toe918to4ff4tod70bto0c0c34950690
true,dd-0,false,2307506,2.1127800941467285,2309147,552d14c1to84dftoe94etod4a9to295cff4ff61d
true,dd-0,false,2244775,2.0645086765289307,2246057,dcfe4fbato0f90tob949tofaeatoc627fc6539a8
true,video_processing-0,false,8309569,8.307754516601563,8311318,e04a3211tocec6to33c3to30eetod6f972987aea
true,video_processing-0,false,8263150,8.259996891021729,8264665,3511034etoc9c1to4b6dto3997toa818ca513f97
true,video_processing-0,false,8100384,8.098534345626831,8103081,ca191a95tob89bto4bdatod33fto3f205d00a6b5
true,pyaes-0,false,1391733,1.390859603881836,1393154,802cc018to3f19toc53dto280ctoc7428055f3e4
true,dd-0,false,5442348,5.2142603397369385,5444238,217cb086tob841to7cd3tob250to2d756cc102ad
true,dd-0,false,5661447,5.413594007492065,5662975,20eeb3f2to6c91to11fdto3105to3ca498c0ce50
true,dd-0,false,4870947,3.8601582050323486,4872744,74fd53d9to97e7toe7bftoe79dtof94fe0d539c0
true,dd-0,false,4378679,3.6674201488494873,4380351,78abe69btod75bto1a59tof7dbto1198e805a750
true,video_processing-0,false,7785898,7.783516883850098,7787628,35d69cfdto3635to50a0toc971to922992571821
true,video_processing-0,false,7881295,7.879783630371094,7882498,fc4ab206to0ed7to8855to3a81to85ab268476ff
true,video_processing-0,false,7925786,7.923785209655762,7927517,178d3439to6d9ato2e85to9101toef73b0880c19
true,dd-0,false,1712278,1.4763281345367432,1714034,08577b68to8d91tocce7to3260to7b1e15d2c149
true,video_processing-0,false,7529608,7.528190612792969,7530836,7f3263e1to4a24tobe51to7469toe20555e0c215
true,video_processing-0,false,7274451,7.273375511169434,7275656,3e12fa89to01e2tod2e2to1ecetob1e84e3a37b2
true,dd-0,false,1623396,1.3446650505065918,1625179,016bc1c3toede8to98e8to760fto04d96fd8ee3c
true,dd-0,false,2392954,1.9376423358917236,2394665,21ee99cftoa672to90a3tocaf8toe2475df2b365
true,dd-0,false,2293294,1.9890053272247312,2294853,1584359dto993fto2765to2255to163e6bfac9ae
true,video_processing-0,false,7402618,7.4010303020477295,7404159,71749333to862btoa167tobedbto30a47d272633
true,dd-0,false,2607803,2.2924013137817383,2609383,8a0802b8toa417to467dto00b6toa6f545d68142
true,pyaes-0,false,2125611,2.1235408782958984,2127906,7d52c54bto5640tof63dtod616tod6c650744545
true,dd-0,false,2356343,1.9491217136383057,2358328,7eeb2186to4babto9c9ato69cato7ca29881efdc
true,dd-0,false,1566505,1.4530606269836426,1568563,9a28b6f3to23a6to4f4dtoaa61tobc4f28ed5948
true,video_processing-0,false,7402784,7.4017653465271,7404193,d40813fato7c8cto2437to830bto0966d9396e70
true,video_processing-0,false,7832423,7.8310546875,7833670,bc75f650toff16to20d9toc0a2tod42c225d8d00
true,pyaes-0,false,1415584,1.414384841918945,1416682,70d7de86to7dd6toa17eto8ce0to31bd8572bf09
true,dd-0,false,1293242,1.218637466430664,1294300,a063dacdtoe842toaddctof083toa60803ef23e2
true,video_processing-0,false,7884756,7.8837730884552,7885900,dea1ca1eto2ebfto667fto461dtoef9d78230dd5
true,video_processing-0,false,7672815,7.671786785125732,7673995,17b77449to68dctofda5toeff3to375b50909fb8
true,dd-0,false,1584072,1.5070078372955322,1585273,64d30c2ato3504to0640toa3d5to389dac181c72
true,pyaes-0,false,1386741,1.38573956489563,1387805,9de62342to9885toc02bto5d4eto806ddd838c8f
true,video_processing-0,false,7420371,7.419049501419067,7421612,161d2fb3to2c46to0e08to6557to0bd7d8d4d6f8
true,video_processing-0,false,7676258,7.675461530685425,7677490,a2a127d0to12a0to9b23tofa9ftobe8aa2dee415
true,dd-0,false,1319954,1.2393968105316162,1321098,77d5075bto0d99to7145to7883to1fd96c008f8a
true,video_processing-0,false,7254357,7.253412961959839,7255425,cf1cfbb8tof379toe37ftod065tobecad8afe1e8
true,video_processing-0,false,7424837,7.423675537109375,7426115,22a053a3to1aedtod9c7to69f1toe6e99d4632d6
true,dd-0,false,1724482,1.4267642498016355,1725565,e8f722c4toa570toc2bbto8603to96f187e834af
true,pyaes-0,false,1526398,1.5251359939575195,1527808,7c9d28fdto4d8eto95d9todfcbtod9cfb861547d
true,dd-0,false,1581069,1.3979849815368652,1582398,a28f27e4toaf65toa07ato3a91to4b2237e4252a
true,video_processing-0,false,7468633,7.467592477798462,7470241,d0bebe62todf0cto286ctoe70dto1bfc498b6c17
true,pyaes-0,false,1532023,1.5310051441192627,1533479,94a754eetoaafdto3fccto4d1fto0e692a87aab8
true,video_processing-0,false,7435242,7.434285163879395,7436446,2271d9batof95bto5aaftodfe1to8f640938d041
true,video_processing-0,false,7184441,7.1834821701049805,7185669,37fad23fto4bdbto2fb3to1f18to22df0ac86277
true,dd-0,false,2136969,1.6330530643463137,2138092,fc7a82a7tob74ato9987to0d01to8514767c5564
true,dd-0,false,1994626,1.5834333896636963,1995813,eaf33226tocfb4toa304to08f0toaee0d8318129
true,pyaes-0,false,1425272,1.4238426685333252,1426790,6e78984eto0b7dto32c4tod78ftoa4d7413a6051
true,video_processing-0,false,7151596,7.150078058242798,7152782,9b556f7ftob9c4tof43atofa3ctoc126bc58c9c8
true,video_processing-0,false,7460932,7.459818363189697,7462000,28cc6389to3a9cto1514toe45dtof4e4977668d5
true,dd-0,false,1387862,1.235973596572876,1389052,19ff5fc7tofdabtod28btod3d1to55e8ec37d9a4
true,pyaes-0,false,1396717,1.395627498626709,1398046,c8552f73tof4f4toa21etod7a8to958126f89e0a
true,pyaes-0,false,1424573,1.4237370491027832,1425660,fb1b2c97tofe4fto53d4tofe5bto670efa850603
true,video_processing-0,false,8341391,8.340018510818481,8342691,fe4446c2toc222toac6fto480ato5243213f2489
true,pyaes-0,false,2183773,2.1827189922332764,2184920,231983e8toc0f5toe7b0toe5c6toec0fdb079c5d
true,pyaes-0,false,1566881,1.565859317779541,1568076,2b567501to0118to6510to7a99tod1c9f641e0b3
true,video_processing-0,false,7965222,7.963741302490234,7966365,c0a7686eto4afbtob8fcto3137tobd6e21d50cc6
true,video_processing-0,false,8067017,8.0653817653656,8068393,b0473675to3d5fto540ftoa17atof2dce27e9962
true,video_processing-0,false,8448026,8.4467933177948,8449502,d345fc32to81dbtoc355to18a6to419af5ee91fe
true,pyaes-0,false,1519000,1.5180094242095947,1520129,c93d69d1todda0to6836to53aato1235a32aa953
true,pyaes-0,false,1997975,1.9962186813354492,1999245,9d95012eto3fa8to3ae8to2297to2dad9e6d85f4
true,video_processing-0,false,7676503,7.675264596939087,7677706,f4adf60eto4a9atod204toaf95to5f4b58bc9aaa
true,video_processing-0,false,8258967,8.257922649383545,8260053,1adc074bto10e6to0721to3e02to04d68f8235a6
true,dd-0,false,1296644,1.2391667366027832,1562989,b4bbed29toabbdto1753tofffetoc15ab04bb597
true,pyaes-0,false,1445936,1.444650173187256,1447558,6bc7971cto8fadto248dtob7f6to823be1d65ce5
true,dd-0,false,1916818,1.4538025856018066,1918207,37744c07tod4eeto86bbto799ato1461e236f4a1
true,dd-0,false,1863746,1.4447190761566162,1865232,d89334beto4a7cto2387toe7b2to299529ac368d
true,pyaes-0,false,1562344,1.5613183975219729,1563436,71d8c3dftocb4dto6fcbto5bb3to972f0963da83
true,pyaes-0,false,1507110,1.5055279731750488,1508513,48434e86tob917toaa32to123ctoe0c89a536645
true,dd-0,false,1903834,1.4748127460479736,1905271,e661f3bdto64a0to6de7toeeefto2a74fb5617e2
true,pyaes-0,false,1906374,1.9040977954864504,1907917,009ab98atodb56to2daeto57d6to8262cdaa31d1
true,dd-0,false,2349679,2.0655593872070313,2351406,42956448toc5abtofea5tod988to3656c5eded33
true,dd-0,false,1777659,1.6535959243774414,1780243,c1043adfto6a8cto39e4to274cto8587aac3b473
true,video_processing-0,false,8460060,8.458389520645142,8461555,4471f6acto2d00to50a7tofeb2to57f28237218f
true,dd-0,false,1720424,1.5523152351379397,1721682,1e76c626to0fb3tob5feto80e5toa50805a366a2
true,pyaes-0,false,1461997,1.4610707759857178,1463176,05650c32to4afdto9a58to0541to22779fd44644
true,video_processing-0,false,8261455,8.259889841079712,8262866,7772a23cto267bto19d2toa96eto93ab17862c57
true,video_processing-0,false,8971610,8.969425916671753,8973345,951ad755tocc39tod988to7a2etob598f655ce43
true,pyaes-0,false,1399584,1.3987181186676023,1400684,adfbffe6tod873toa66btoc561toed184608b69b
true,video_processing-0,false,8160962,8.160094499588013,8162370,75754e09to4b09to99f7toc3d3toa8c16f7fadbe
true,dd-0,false,3335408,2.7081139087677,3336683,1827b64atof7dctof8e6to87b9to93b0f2bfb4cd
true,dd-0,false,3080006,2.3067290782928467,3081310,fc74405dto73b8to2a9cto0ad5toa758d501bd32
true,video_processing-0,false,7743560,7.742637395858765,7744735,43569300to4945to6f49tofa3etof24155baec72
true,video_processing-0,false,7756665,7.755585670471191,7758196,00c7b068toa3efto5616tobf28toe2884b90f9ea
true,dd-0,false,2542752,2.142850160598755,2544205,dd6dd65dto8d3ato7732to303ftofaa6353f9bdb
true,dd-0,false,2724552,2.5225799083709717,2726211,c69bfa0atoedc9to6cebtobbc6tobfd8820a4bcc
true,video_processing-0,false,7256675,7.254395246505737,7258324,266133f9to756eto139ato209eto1b182c88f15e
true,pyaes-0,false,1950610,1.9465935230255127,1952924,b68718ccto0e58to6a3bto9009toa3accc713628
true,dd-0,false,3234160,2.820406675338745,3235863,b613185ftof0d1toc7f6to0d96to16f73aee8250
true,dd-0,false,3296353,2.966207981109619,3298180,02bedee4to286ftob92bto44b1tof84de7066db6
true,dd-0,false,2575607,2.3697502613067627,2577498,e8d169dfto973cto3089to142ctoa9fcdd0c416d
true,pyaes-0,false,2272898,2.270197868347168,2274618,9616a586tob7d6to4fb7to69aeto24fc1fc34d09
true,video_processing-0,false,7281141,7.278236627578735,7282762,2aa03e1dtoaf26to552dto8d35to2898a8125751
true,pyaes-0,false,1677820,1.6763603687286377,1679312,82dae729tobb7cto7d68to2391tof9f219f3c090
true,video_processing-0,false,7413602,7.412464618682861,7415011,25675e2bto3502to6a51to99ectof10c7e574040
true,dd-0,false,2014238,1.4629459381103516,2016275,a70acbdfto8ceatob193to4e56to300d502e5c60
true,dd-0,false,1416030,1.1906719207763672,1417198,2b6d0aa3tof2acto2b5atoc237to9cac6ca96b00
true,video_processing-0,false,7738811,7.737903594970703,7739992,69071287to11fftod2deto7b94to4e690a51a8f3
true,dd-0,false,1245634,1.1881320476531982,1246784,5dc6af4bto88c5toff36to9df0to9733c602bd35
true,pyaes-0,false,1410752,1.4098715782165527,1412364,88d210c6to3a16to9cf1to5abato8eb34632c6d8
true,pyaes-0,false,1469194,1.4682753086090088,1470278,63bb9504tobdcatocc1btoceeftoe3aefe1bb56b
true,pyaes-0,false,1489358,1.4883863925933838,1490368,3f3188a5to4375to049eto62f4tobfd5ca13e658
true,dd-0,false,1215446,1.1554443836212158,1216579,fa608b37tof2f2to7d1dto9e69to035d2006190a
true,video_processing-0,false,7211290,7.210164070129395,7212521,3e93592dtoe35cto4075to5b41to9089c95ce5ff
true,dd-0,false,1128606,1.0674598217010498,1129801,7450927fto8e1bto30a4toc2f7toa0f5b9d652c2
true,dd-0,false,1677491,1.3912124633789063,1678591,d483f991to98c2to7c2ato31bdto26e9d452e530
true,dd-0,false,1442957,1.295079469680786,1444188,012ee5ffto78d4to396cto2758to8c41295ace7a
true,video_processing-0,false,8512305,8.511351108551025,8513562,9d2b9ce3to2e32to64c3to1f3eto15f11beb16af
true,video_processing-0,false,9302137,9.300213813781738,9303718,e9092e73to6cd3to9621tob464to9a68a2fb4d94
true,pyaes-0,false,1504336,1.5034127235412598,1505516,13fce462to7055toa8a6toc47bto6665d1693e1b
true,video_processing-0,false,8759557,8.757389783859253,8761114,07f534d4to72b8to6234to66f0to1c96b231c35b
true,video_processing-0,false,8766014,8.76379942893982,8767795,5d87339etodce6tob93cto7acdtoafbdbb39fa4f
true,dd-0,false,1647707,1.4523608684539795,1649426,82ccfa69to4d2cto74bcto88c0to3bc61c9afe9b
true,dd-0,false,2488395,1.816684007644653,2491130,f5cceadeto8af0toa029to6ef9to535efcae29d1
true,dd-0,false,2587040,2.4267358779907227,2588170,38d7b585tob75cto5f5bto5daatod0662ac68357
true,dd-0,false,2569342,2.383880138397217,2570575,6ced8dc5tobf88to6cbdto0925to15ab103f0eef
true,video_processing-0,false,9531041,9.528999090194702,9532654,60dc79c5to9d4ato2cc4to3231tob1edb21d9178
true,dd-0,false,2472550,2.299340009689331,2473877,f7856b81to8eebtobd0fto0c8ato424095113242
true,video_processing-0,false,9153219,9.150065183639526,9154994,dd7b84c1tob5cctof962to4463to9b6e5854dd9f
true,video_processing-0,false,9441542,9.438579082489014,9443624,2c655d20to3aa7to6aa5to867fto859bbb89ee6b
true,video_processing-0,false,9624812,9.623827695846558,9626072,a272c8b9to6587toa700to3e40to645b3fe8835f
true,video_processing-0,false,9185859,9.184680938720703,9187297,7179ca23toff84to78cdto1eb4toc1c6a72b194f
true,dd-0,false,2652220,2.5086803436279297,3319834,e6061e45to50f2tocb58to760ato1f7947200674
true,dd-0,false,2857252,2.768850326538086,3554754,1667a007to49a1toa4e6to5596to72a1d19f851e
true,dd-0,false,2863451,2.772468328475952,3110550,90adf98bto52e2to95a3to22feto5cf3e1322ee5
true,pyaes-0,false,2441245,2.439181089401245,4786461,a93bbbbdto3ae0to71a0to9ee4to006308352d8d
true,dd-0,false,4319975,3.8886232376098633,6385558,9e969ab2toc091to780ctocd21to1267285ccbf8
true,dd-0,false,4679317,4.3377110958099365,6155301,d5fd9ebdto116eto1911toa316to8203f7d6318f
true,dd-0,false,4459399,4.1907453536987305,5618927,14000962toa3b4to2a5eto50e1to8eea389ff25f
true,dd-0,false,4050006,3.674934148788452,5854562,b08e791etobc5ato90acto6c0atod3124b2b9757
true,video_processing-0,false,7546354,7.543574333190918,9314492,fd4c2fb8tod5a1to9c7cto66cbto3f48670dc99d
true,dd-0,false,4058895,3.655323266983032,5790211,41526c20toa1c0toc15bto0f45tofea3d88e2f83
true,pyaes-0,false,2755919,2.7499711513519287,4924555,f75fca8ftob87bto9c68to4832toaba6215a0476
true,dd-0,false,2715773,2.4250943660736084,6882383,57b5e8a7to94aetocaa5tob677toc9a534f9b305
true,video_processing-0,false,7628086,7.625044584274292,10957093,a53e195eto79dfto3d8ctoa840to1995cf5c4625
true,pyaes-0,false,1718705,1.7159593105316162,4560834,68610ed9tob8e2to72f0to7eecto8072c124aea2
true,dd-0,false,2518172,2.1749911308288574,5435008,ab97c3b4to0775tob328tob6fatoc5e615c1b4d4
true,pyaes-0,false,1845826,1.842493772506714,3869502,4781309btoae6eto2b54toa54bto07479932ca47
true,video_processing-0,false,8607693,8.605428695678711,9194616,90def93ato9989toc3abto9931toca841a1289db
true,pyaes-0,false,1749945,1.748647928237915,2073678,5508548fto7f5fto5a2atob2b8to0bc3a33b1add
true,dd-0,false,2045608,1.6866405010223389,2046798,c671b987to5b30to636fto3079toeae57d017e76
true,video_processing-0,false,7940290,7.938613414764404,7941589,4b1736fcto5256tof287toedf3toc7f3ec741e3b
true,video_processing-0,false,9283065,9.281644105911257,9284572,63417b43to3d95tob1b8to14e3to2f867952b115
true,video_processing-0,false,9029046,9.027888059616089,9030396,67962cf4to3db1to6e06to52a6tof388fe3cd88a
true,dd-0,false,1435376,1.2443654537200928,1436598,53b5d681tobebato9685toe788to40ea551dda92
true,pyaes-0,false,1466751,1.465477705001831,1468207,3c1fa4d0tof7a1todea9to832cto9b9673787fea
true,video_processing-0,false,8578793,8.5780029296875,8579817,15f57fe6tob53eto4d2eto5a04to43dee997c7a9
true,video_processing-0,false,8039653,8.038833856582642,8040855,79c0ec78to2d82toa066to522dto6e05a0601ab2
true,pyaes-0,false,1471019,1.4700877666473389,1472122,1f872d6cto3061to811dto5872to13d3108f4805
true,video_processing-0,false,8180550,8.179636716842651,8181712,2bd23f79to1552tof621tobdd2to3bcc725aed79
true,dd-0,false,4423031,4.181162595748901,4427516,a9d38247tocbf2to83a8to5cadtoa58953b674ec
true,dd-0,false,4515291,4.218680143356323,4671354,2a0d6379toc841toa680to70afto8886e4a7f269
true,pyaes-0,false,1456357,1.455535888671875,1668822,d122b179to11c0to4e8fto141fto267578a3c9e0
true,dd-0,false,3909313,2.7527787685394287,3981444,ffd34c39toea1bto928eto629cto6b8a9b84bdef
true,video_processing-0,false,7394600,7.392365217208862,7396174,e09a4f4cto7e66tof447to1d48to540bbc174eae
true,pyaes-0,false,1612609,1.611196756362915,1980929,71989440to584cto9a66to43e3to2ba505c13149
true,dd-0,false,2645369,2.4282772541046143,4132899,257ef986toc68dto67b1tob072to87b86a8fbc4d
true,dd-0,false,2642926,2.448107957839966,3875326,1179832dtobc2cto3addto5755to0c8ac87b7b84
true,video_processing-0,false,7103352,7.102280378341675,8380300,1b9fe701tod7c8to7a95toe991toabe8715a71f2
true,pyaes-0,false,2048083,2.0456318855285645,3216550,d8b5233bto5301to8a93to86a9tobd44bdf49ba5
true,video_processing-0,false,7606457,7.605212450027466,8966395,e9f6aa96to20a3to9afctoa98etoad35a316fb52
true,pyaes-0,false,1547246,1.545832872390747,1548453,b472cf16toe4e9to32d3tocd2dto10ca0f415c8a
true,pyaes-0,false,1874871,1.8734185695648191,1876195,985a4080to7452tod376toaea1to64fb82a424ae
true,pyaes-0,false,1649370,1.6481075286865234,1650642,51ebb043to43f8to6d39toaa3dto23cfa2a3f8ab
true,video_processing-0,false,8780529,8.779329061508179,8781882,9a072a2ato13a6toee1eto3601to52bf2672be30
true,video_processing-0,false,8538764,8.537312269210815,8539836,aca3fd2ato486ato692dto0a06todf42de6f66eb
true,dd-0,false,1605276,1.2509684562683103,1606454,0c2ce5d8to19b4tofdf8to0968toda0caaf5294c
true,video_processing-0,false,9005608,9.004262685775757,9007030,5c875e2bto6064to773dtof9abtoa3b7541614ff
true,video_processing-0,false,8379467,8.377696752548218,8380691,246b8dd4to31c4to80bbto257etoc8503d1835e8
true,dd-0,false,1432487,1.213334560394287,1433720,e19b52ddto4389to61eetob068to30421bc0fba8
true,video_processing-0,false,8725779,8.724498510360718,8727106,47b866edto68e5toe009toe705to034dfb629cb6
true,dd-0,false,1321834,1.270887851715088,1322940,c10e24f0to9278to5182to9810to2957cd6f5bbd
true,pyaes-0,false,1477155,1.4757637977600098,1478663,5b453cc8to016eto2c70to249bto1757cddd7fbf
true,video_processing-0,false,8485641,8.484655380249023,8486951,fed00fe2to0e5eto7de1to228etobc588feefc7e
true,pyaes-0,false,1475781,1.4748458862304688,1477086,2598a30eto57d8toe0d4to6799toe8eb01cefdaa
true,video_processing-0,false,7950699,7.949397087097168,7952222,c5db5047to5676to0aa3to7e51to2ce282d90599
true,video_processing-0,false,7814498,7.813456773757935,7870916,76ea02aatob067to0584to663bto76e00f96618f
true,pyaes-0,false,1469589,1.468496322631836,1470823,f15d33e8to652atod9a4tof9b8to00a61ab9c1f4
true,pyaes-0,false,1455747,1.454796314239502,1457167,8aad6dfdto56b0toe401to595dto74ecf6440cad
true,pyaes-0,false,1539661,1.538036584854126,1541584,09164df3to54d3toc86etoc012to5a1db63a76b9
true,dd-0,false,1979934,1.80518102645874,1987624,12f5d13etoe4f0to3d3eto9479to3e911fbaa06b
true,video_processing-0,false,7107531,7.10627555847168,7108803,64e8d1e3toe5d3to2de4to3bd4to78840b683062
true,dd-0,false,2992175,2.69836688041687,2993573,4c827424todc16to4575tofba2to2ac12b601521
true,dd-0,false,2597306,2.4905920028686523,2810327,35e5e6e4tocd60to75catoed47toad67b3d2a5d2
true,pyaes-0,false,2124633,2.1217970848083496,2127211,4be519dfto1a6cto9140to9cd1tofad0d015c8bf
true,pyaes-0,false,1796925,1.795905590057373,1798105,ab03f298to4211to49c6toc862to16f8553a7ed3
true,pyaes-0,false,1383804,1.3828794956207275,1384984,8c74769eto38e1to7786toa15atodf665d0affd5
true,pyaes-0,false,1454998,1.4541902542114258,1456152,28a2c3f2to49ceto2da3to085bto10402d54d653
true,dd-0,false,1177260,1.1151020526885986,1178396,f887b3dftoaf31to3d76to32abto111519bfff48
true,video_processing-0,false,7305261,7.304439306259155,7306275,cb585c85to7924to1ff2to2591to6640f789b203
true,dd-0,false,1439182,1.3912911415100098,1440480,8d5618d5tod7fctoef03to663ato69c34ee7b695
true,dd-0,false,2435048,1.8113791942596436,2436841,69c3e9b2to66b7to41aato0ee2to8b65a8e2f698
true,dd-0,false,2117975,1.6767988204956057,2120063,876b2138to9b60toa1edto7639to58ba09a9a603
true,video_processing-0,false,7141255,7.139969348907471,7142592,33cf2bf6todfb7to1008to5cf7to007caefb12f7
true,dd-0,false,2133003,1.5209856033325195,2135909,ed957698to71c9to044cto4bactoafc97c3ca230
true,pyaes-0,false,1457821,1.4564895629882813,1459229,2ba9c6eeto6326to5b30to90c9toe3b8b93ca49a
true,pyaes-0,false,1420294,1.4192111492156982,1421447,62becefatod35eto1125to893atoac87744a99e2
true,dd-0,false,1642864,1.338423728942871,1643984,b9fda5c7tob918to073cto3ab3to1471bf970f04
true,pyaes-0,false,1717055,1.7159883975982666,1718156,fc9088a0toc4e5to5929tocc83tob8df10afbc43
true,video_processing-0,false,7307516,7.306564807891846,7308511,837d6b5bto5be3toc108to3368to55ace3e45778
true,pyaes-0,false,1541944,1.5409517288208008,1543089,3f249779tod64etof0dctof612toc140f41af9d7
true,pyaes-0,false,1395211,1.39414644241333,1396511,ebca306cto8209to3765to1831tobea7c99bb0a9
true,pyaes-0,false,1401949,1.401112079620361,1403096,460d8c5eto83e6to687cto0d32to3f7bde0cb6e6
true,pyaes-0,false,1468365,1.467396259307861,1469464,37932febto9858toc302to6c5ato56c57270e602
true,pyaes-0,false,1445106,1.4441874027252195,1446384,42e3d717tod257to3c9ftoe877to185c8c3ebb75
true,dd-0,false,1333310,1.2009568214416504,1334375,4942bfaetoc9c1tobf44toc5e5toe8001f025d3e
true,dd-0,false,1111539,1.0549049377441406,1112697,9994edd8tob82cto02bdto9b5dto9c6bda153e75
true,pyaes-0,false,1385513,1.384678840637207,1386574,26929129to3402to503fto1860tob5ed73beeb95
true,dd-0,false,1758864,1.2873153686523438,1760009,aa49e3aftoc3edto5a4btof6c8toe1c7d90e94b9
true,dd-0,false,1497907,1.1840384006500244,1498999,579319b8to5f51to79a9to3d27tod79c267aee09
true,pyaes-0,false,1449942,1.449084758758545,1450978,0fed1a05toa3a1to84d3to4772to0005671dd5a5
true,pyaes-0,false,1396093,1.3950488567352295,1397272,6d2c1ca7tod70fto3eceto43afto7fbcdec6c2ce
true,pyaes-0,false,1397935,1.3969764709472656,1398995,0e0fe38cto26d6toe6dfto2983to77075b0a394b
true,pyaes-0,false,1386710,1.3858377933502195,1387851,964d3f72tof7b8toad9dtoa728to026c7b05981c
true,pyaes-0,false,1380128,1.3793396949768066,1381320,60270338to3011to513bto8002to49662dadd667
true,pyaes-0,false,1454202,1.4532012939453125,1455376,46bce465todc71to26bdto090dto98d0033e743a
true,pyaes-0,false,1384567,1.3837342262268066,1385708,9d2f13e3to7887tod79ato6e30to03a19f83ec1b
true,pyaes-0,false,1384925,1.3841261863708496,1386056,903c28betod3c5toc386to0b3ctoeeb49a79cf24
true,pyaes-0,false,1386134,1.385246992111206,1387357,653aa799to2754to388eto85b7toa908cfadddb4
true,pyaes-0,false,1515290,1.5144720077514648,1516425,ebf0f605toe7edtof76cto10e7to72101cf1d9a3
