timestamp,cpu_pct,cpu_time
2023-08-02 21:42:54.677423367,9.0,00:00:00
2023-08-02 21:42:55.680449806,5.5,00:00:00
2023-08-02 21:42:56.681545373,4.3,00:00:00
2023-08-02 21:42:57.681732833,3.5,00:00:00
2023-08-02 21:42:58.694036295,3.2,00:00:00
2023-08-02 21:42:59.682744182,3.0,00:00:00
2023-08-02 21:43:00.683969093,2.7,00:00:00
2023-08-02 21:43:01.684062268,2.7,00:00:00
2023-08-02 21:43:02.684112829,2.5,00:00:00
2023-08-02 21:43:03.682170514,2.4,00:00:00
2023-08-02 21:43:04.684956720,2.2,00:00:00
2023-08-02 21:43:05.686288666,2.3,00:00:00
2023-08-02 21:43:06.687297921,2.3,00:00:00
2023-08-02 21:43:07.688050701,2.2,00:00:00
2023-08-02 21:43:08.688894856,2.2,00:00:00
2023-08-02 21:43:09.688371625,2.1,00:00:00
2023-08-02 21:43:10.689763057,2.1,00:00:00
2023-08-02 21:43:11.687729297,2.1,00:00:00
2023-08-02 21:43:12.690519629,2.0,00:00:00
2023-08-02 21:43:13.691371830,2.0,00:00:00
2023-08-02 21:43:14.692855246,2.0,00:00:00
2023-08-02 21:43:15.692618856,2.0,00:00:00
2023-08-02 21:43:16.693812171,1.9,00:00:00
2023-08-02 21:43:17.693682624,1.9,00:00:00
2023-08-02 21:43:18.695184175,1.9,00:00:00
2023-08-02 21:43:19.695725840,1.9,00:00:00
2023-08-02 21:43:20.696573973,1.9,00:00:00
2023-08-02 21:43:21.696694517,1.8,00:00:00
2023-08-02 21:43:22.698065643,1.8,00:00:00
2023-08-02 21:43:23.698261985,1.8,00:00:00
2023-08-02 21:43:24.698771990,1.8,00:00:00
2023-08-02 21:43:25.698963550,1.8,00:00:00
2023-08-02 21:43:26.698832455,1.8,00:00:00
2023-08-02 21:43:27.699836682,1.8,00:00:00
2023-08-02 21:43:28.700811484,1.8,00:00:00
2023-08-02 21:43:29.701936637,1.8,00:00:00
2023-08-02 21:43:30.702281379,1.8,00:00:00
2023-08-02 21:43:31.702042028,1.8,00:00:00
2023-08-02 21:43:32.702960581,1.8,00:00:00
2023-08-02 21:43:33.704179547,1.8,00:00:00
2023-08-02 21:43:34.704442813,1.8,00:00:00
2023-08-02 21:43:35.704170879,1.8,00:00:00
2023-08-02 21:43:36.705306239,1.8,00:00:00
2023-08-02 21:43:37.707012373,1.8,00:00:00
2023-08-02 21:43:38.706396992,1.8,00:00:00
2023-08-02 21:43:39.707494064,1.8,00:00:00
2023-08-02 21:43:40.708207373,1.7,00:00:00
2023-08-02 21:43:41.708977344,1.8,00:00:00
2023-08-02 21:43:42.711144555,1.7,00:00:00
2023-08-02 21:43:43.710336194,1.8,00:00:00
2023-08-02 21:43:44.710348934,1.7,00:00:00
2023-08-02 21:43:45.708469419,1.7,00:00:00
2023-08-02 21:43:46.713784958,1.7,00:00:00
2023-08-02 21:43:47.712986504,1.7,00:00:00
2023-08-02 21:43:48.712820632,1.7,00:00:00
2023-08-02 21:43:49.714359323,1.7,00:00:00
2023-08-02 21:43:50.714851664,1.7,00:00:01
2023-08-02 21:43:51.715306623,1.7,00:00:01
2023-08-02 21:43:52.715235624,1.7,00:00:01
2023-08-02 21:43:53.716384864,1.7,00:00:01
2023-08-02 21:43:54.716845254,1.7,00:00:01
2023-08-02 21:43:55.716987222,1.7,00:00:01
2023-08-02 21:43:56.716845209,1.7,00:00:01
2023-08-02 21:43:57.717594808,1.7,00:00:01
2023-08-02 21:43:58.719892186,1.7,00:00:01
2023-08-02 21:43:59.718592489,1.7,00:00:01
2023-08-02 21:44:00.719480608,1.7,00:00:01
2023-08-02 21:44:01.720468092,1.7,00:00:01
2023-08-02 21:44:02.718497210,1.7,00:00:01
2023-08-02 21:44:03.719170163,1.7,00:00:01
2023-08-02 21:44:04.719465518,1.7,00:00:01
2023-08-02 21:44:05.719877485,1.7,00:00:01
2023-08-02 21:44:06.732846024,1.7,00:00:01
2023-08-02 21:44:07.721830582,1.7,00:00:01
2023-08-02 21:44:08.723274910,1.7,00:00:01
2023-08-02 21:44:09.723230868,1.7,00:00:01
2023-08-02 21:44:10.724435792,1.7,00:00:01
2023-08-02 21:44:11.725192084,1.7,00:00:01
2023-08-02 21:44:12.725097206,1.7,00:00:01
2023-08-02 21:44:13.726530193,1.7,00:00:01
2023-08-02 21:44:14.726956537,1.7,00:00:01
2023-08-02 21:44:15.726664527,1.7,00:00:01
2023-08-02 21:44:16.727867672,1.7,00:00:01
2023-08-02 21:44:17.727966771,1.7,00:00:01
2023-08-02 21:44:18.732272509,1.7,00:00:01
2023-08-02 21:44:19.728061679,1.7,00:00:01
2023-08-02 21:44:20.728768412,1.7,00:00:01
2023-08-02 21:44:21.729812076,1.6,00:00:01
2023-08-02 21:44:22.730691921,1.7,00:00:01
2023-08-02 21:44:23.733902409,1.7,00:00:01
2023-08-02 21:44:24.731678811,1.7,00:00:01
2023-08-02 21:44:25.732203198,1.6,00:00:01
2023-08-02 21:44:26.732362438,1.6,00:00:01
2023-08-02 21:44:27.732848930,1.6,00:00:01
2023-08-02 21:44:28.732844666,1.6,00:00:01
2023-08-02 21:44:29.734471343,1.6,00:00:01
2023-08-02 21:44:30.734561979,1.6,00:00:01
2023-08-02 21:44:31.735794682,1.6,00:00:01
2023-08-02 21:44:32.736993210,1.6,00:00:01
2023-08-02 21:44:33.736393936,1.6,00:00:01
2023-08-02 21:44:34.736256764,1.6,00:00:01
2023-08-02 21:44:35.737034769,1.6,00:00:01
2023-08-02 21:44:36.738335617,1.6,00:00:01
2023-08-02 21:44:37.738422005,1.6,00:00:01
2023-08-02 21:44:38.739713845,1.6,00:00:01
2023-08-02 21:44:39.742698627,1.6,00:00:01
2023-08-02 21:44:40.744618181,1.6,00:00:01
2023-08-02 21:44:41.745041078,1.6,00:00:01
2023-08-02 21:44:42.742826168,1.6,00:00:01
2023-08-02 21:44:43.742735795,1.6,00:00:01
2023-08-02 21:44:44.744312989,1.6,00:00:01
2023-08-02 21:44:45.744573712,1.6,00:00:01
2023-08-02 21:44:46.749369643,1.6,00:00:01
2023-08-02 21:44:47.745471988,1.5,00:00:01
2023-08-02 21:44:48.746159487,1.5,00:00:01
2023-08-02 21:44:49.747342658,1.5,00:00:01
2023-08-02 21:44:50.746994956,1.5,00:00:01
2023-08-02 21:44:51.749134189,1.5,00:00:01
2023-08-02 21:44:52.748202486,1.5,00:00:01
2023-08-02 21:44:53.762641407,1.5,00:00:01
2023-08-02 21:44:54.750263184,1.5,00:00:01
2023-08-02 21:44:55.750067253,1.5,00:00:01
2023-08-02 21:44:56.751221513,1.5,00:00:01
2023-08-02 21:44:57.751384433,1.5,00:00:01
2023-08-02 21:44:58.751525225,1.5,00:00:01
2023-08-02 21:44:59.751774385,1.5,00:00:01
2023-08-02 21:45:00.751974092,1.5,00:00:01
2023-08-02 21:45:01.751910201,1.5,00:00:01
2023-08-02 21:45:02.753204423,1.5,00:00:01
2023-08-02 21:45:03.754703866,1.5,00:00:01
2023-08-02 21:45:04.754068794,1.5,00:00:01
2023-08-02 21:45:05.753600221,1.5,00:00:01
2023-08-02 21:45:06.754253574,1.4,00:00:01
2023-08-02 21:45:07.755542739,1.4,00:00:02
2023-08-02 21:45:08.755243651,1.4,00:00:02
2023-08-02 21:45:09.756043868,1.4,00:00:02
2023-08-02 21:45:10.757119175,1.4,00:00:02
2023-08-02 21:45:11.757148421,1.4,00:00:02
2023-08-02 21:45:12.758415274,1.4,00:00:02
2023-08-02 21:45:13.758825376,1.4,00:00:02
2023-08-02 21:45:14.759348005,1.4,00:00:02
2023-08-02 21:45:15.759820765,1.4,00:00:02
2023-08-02 21:45:16.759943380,1.4,00:00:02
2023-08-02 21:45:17.759860237,1.4,00:00:02
2023-08-02 21:45:18.761524116,1.4,00:00:02
2023-08-02 21:45:19.761713753,1.4,00:00:02
2023-08-02 21:45:20.762189381,1.4,00:00:02
2023-08-02 21:45:21.762044689,1.4,00:00:02
2023-08-02 21:45:22.765796964,1.4,00:00:02
2023-08-02 21:45:23.764170419,1.4,00:00:02
2023-08-02 21:45:24.764439469,1.4,00:00:02
2023-08-02 21:45:25.764969733,1.4,00:00:02
2023-08-02 21:45:26.764900291,1.4,00:00:02
2023-08-02 21:45:27.766451524,1.4,00:00:02
2023-08-02 21:45:28.770000417,1.4,00:00:02
2023-08-02 21:45:29.766936539,1.4,00:00:02
2023-08-02 21:45:30.768423987,1.4,00:00:02
2023-08-02 21:45:31.768512453,1.4,00:00:02
2023-08-02 21:45:32.772375127,1.4,00:00:02
2023-08-02 21:45:33.769228055,1.4,00:00:02
2023-08-02 21:45:34.769969597,1.4,00:00:02
2023-08-02 21:45:35.770951486,1.4,00:00:02
2023-08-02 21:45:36.774567329,1.4,00:00:02
2023-08-02 21:45:37.772636964,1.4,00:00:02
2023-08-02 21:45:38.772736958,1.4,00:00:02
2023-08-02 21:45:39.772642543,1.3,00:00:02
2023-08-02 21:45:40.773586151,1.3,00:00:02
2023-08-02 21:45:41.774945492,1.3,00:00:02
2023-08-02 21:45:42.778481261,1.3,00:00:02
2023-08-02 21:45:43.775016140,1.3,00:00:02
2023-08-02 21:45:44.776002184,1.3,00:00:02
2023-08-02 21:45:45.778578752,1.3,00:00:02
2023-08-02 21:45:46.778361063,1.3,00:00:02
2023-08-02 21:45:47.778237617,1.3,00:00:02
2023-08-02 21:45:48.779395582,1.3,00:00:02
2023-08-02 21:45:49.778843018,1.3,00:00:02
2023-08-02 21:45:50.779929434,1.3,00:00:02
2023-08-02 21:45:51.781019818,1.3,00:00:02
2023-08-02 21:45:52.782007317,1.3,00:00:02
2023-08-02 21:45:53.783000157,1.3,00:00:02
2023-08-02 21:45:54.783618696,1.3,00:00:02
2023-08-02 21:45:55.784377506,1.3,00:00:02
2023-08-02 21:45:56.798569250,1.3,00:00:02
2023-08-02 21:45:57.788699300,1.3,00:00:02
2023-08-02 21:45:58.786399452,1.3,00:00:02
2023-08-02 21:45:59.787741239,1.3,00:00:02
2023-08-02 21:46:00.787668801,1.3,00:00:02
2023-08-02 21:46:01.788754726,1.3,00:00:02
2023-08-02 21:46:02.793313934,1.3,00:00:02
2023-08-02 21:46:03.790128259,1.3,00:00:02
2023-08-02 21:46:04.790935738,1.3,00:00:02
2023-08-02 21:46:05.792168547,1.3,00:00:02
2023-08-02 21:46:06.792640085,1.3,00:00:02
2023-08-02 21:46:07.792734755,1.3,00:00:02
2023-08-02 21:46:08.792712948,1.3,00:00:02
2023-08-02 21:46:09.793987943,1.3,00:00:02
2023-08-02 21:46:10.797547227,1.3,00:00:02
2023-08-02 21:46:11.795255063,1.3,00:00:02
2023-08-02 21:46:12.799791325,1.3,00:00:02
2023-08-02 21:46:13.796895725,1.3,00:00:02
2023-08-02 21:46:14.796764895,1.3,00:00:02
2023-08-02 21:46:15.797765718,1.3,00:00:02
2023-08-02 21:46:16.797836801,1.3,00:00:02
2023-08-02 21:46:17.798196039,1.3,00:00:02
2023-08-02 21:46:18.799803297,1.3,00:00:02
2023-08-02 21:46:19.798724153,1.3,00:00:02
2023-08-02 21:46:20.799968158,1.3,00:00:02
2023-08-02 21:46:21.800389832,1.3,00:00:02
2023-08-02 21:46:22.800236181,1.3,00:00:02
2023-08-02 21:46:23.800917076,1.3,00:00:02
2023-08-02 21:46:24.801819306,1.3,00:00:02
2023-08-02 21:46:25.803054658,1.3,00:00:02
2023-08-02 21:46:26.802774309,1.3,00:00:02
2023-08-02 21:46:27.803555193,1.3,00:00:02
2023-08-02 21:46:28.804462620,1.3,00:00:02
2023-08-02 21:46:29.806123871,1.3,00:00:02
2023-08-02 21:46:30.806648487,1.3,00:00:02
2023-08-02 21:46:31.806872706,1.3,00:00:02
2023-08-02 21:46:32.806926277,1.3,00:00:02
2023-08-02 21:46:33.807360579,1.3,00:00:02
2023-08-02 21:46:34.808312645,1.3,00:00:02
2023-08-02 21:46:35.808996875,1.3,00:00:02
2023-08-02 21:46:36.809806217,1.3,00:00:02
2023-08-02 21:46:37.814190167,1.3,00:00:02
2023-08-02 21:46:38.811472729,1.3,00:00:02
2023-08-02 21:46:39.811680516,1.3,00:00:02
2023-08-02 21:46:40.812268367,1.3,00:00:02
2023-08-02 21:46:41.812808666,1.3,00:00:02
2023-08-02 21:46:42.812537038,1.3,00:00:02
2023-08-02 21:46:43.813977078,1.3,00:00:02
2023-08-02 21:46:44.814612382,1.2,00:00:02
2023-08-02 21:46:45.814947441,1.2,00:00:03
2023-08-02 21:46:46.814771045,1.2,00:00:03
2023-08-02 21:46:47.818954100,1.2,00:00:03
2023-08-02 21:46:48.819426626,1.2,00:00:03
2023-08-02 21:46:49.816418318,1.2,00:00:03
2023-08-02 21:46:50.817439876,1.2,00:00:03
2023-08-02 21:46:51.818865783,1.2,00:00:03
2023-08-02 21:46:52.823417191,1.2,00:00:03
2023-08-02 21:46:53.819678565,1.2,00:00:03
2023-08-02 21:46:54.823182123,1.2,00:00:03
2023-08-02 21:46:55.833533992,1.2,00:00:03
2023-08-02 21:46:56.820522904,1.2,00:00:03
2023-08-02 21:46:57.824611863,1.2,00:00:03
2023-08-02 21:46:58.821871162,1.2,00:00:03
2023-08-02 21:46:59.822394980,1.2,00:00:03
2023-08-02 21:47:00.822832339,1.2,00:00:03
2023-08-02 21:47:01.823232373,1.2,00:00:03
2023-08-02 21:47:02.827060462,1.2,00:00:03
2023-08-02 21:47:03.828135363,1.2,00:00:03
2023-08-02 21:47:04.824392018,1.2,00:00:03
2023-08-02 21:47:05.825016080,1.2,00:00:03
2023-08-02 21:47:06.825879153,1.2,00:00:03
2023-08-02 21:47:07.826266786,1.2,00:00:03
2023-08-02 21:47:08.826079800,1.2,00:00:03
2023-08-02 21:47:09.827161693,1.2,00:00:03
2023-08-02 21:47:10.827110422,1.2,00:00:03
2023-08-02 21:47:11.829191395,1.2,00:00:03
2023-08-02 21:47:12.829303399,1.2,00:00:03
2023-08-02 21:47:13.833334459,1.2,00:00:03
2023-08-02 21:47:14.830411267,1.2,00:00:03
2023-08-02 21:47:15.831355288,1.2,00:00:03
2023-08-02 21:47:16.836373014,1.2,00:00:03
2023-08-02 21:47:17.833614306,1.2,00:00:03
2023-08-02 21:47:18.833903316,1.2,00:00:03
2023-08-02 21:47:19.835796632,1.2,00:00:03
2023-08-02 21:47:20.835227797,1.2,00:00:03
2023-08-02 21:47:21.835731813,1.2,00:00:03
2023-08-02 21:47:22.836354963,1.2,00:00:03
2023-08-02 21:47:23.837357941,1.2,00:00:03
2023-08-02 21:47:24.837673445,1.2,00:00:03
2023-08-02 21:47:25.837669746,1.2,00:00:03
2023-08-02 21:47:26.839354055,1.2,00:00:03
2023-08-02 21:47:27.840125205,1.2,00:00:03
2023-08-02 21:47:28.840632442,1.2,00:00:03
2023-08-02 21:47:29.840640804,1.2,00:00:03
2023-08-02 21:47:30.841704848,1.2,00:00:03
2023-08-02 21:47:31.842760644,1.2,00:00:03
2023-08-02 21:47:32.844292999,1.2,00:00:03
2023-08-02 21:47:33.844550137,1.2,00:00:03
2023-08-02 21:47:34.844712374,1.2,00:00:03
2023-08-02 21:47:35.845199132,1.2,00:00:03
2023-08-02 21:47:36.845587826,1.2,00:00:03
2023-08-02 21:47:37.846849713,1.2,00:00:03
2023-08-02 21:47:38.848554325,1.2,00:00:03
2023-08-02 21:47:39.847014961,1.2,00:00:03
2023-08-02 21:47:40.846498828,1.2,00:00:03
2023-08-02 21:47:41.847938173,1.2,00:00:03
2023-08-02 21:47:42.850849931,1.2,00:00:03
2023-08-02 21:47:43.848246913,1.2,00:00:03
2023-08-02 21:47:44.848934332,1.2,00:00:03
2023-08-02 21:47:45.849277451,1.2,00:00:03
2023-08-02 21:47:46.852783807,1.2,00:00:03
2023-08-02 21:47:47.853700330,1.2,00:00:03
2023-08-02 21:47:48.854704992,1.2,00:00:03
2023-08-02 21:47:49.852002751,1.2,00:00:03
2023-08-02 21:47:50.852232788,1.2,00:00:03
2023-08-02 21:47:51.853312949,1.2,00:00:03
2023-08-02 21:47:52.853030969,1.2,00:00:03
2023-08-02 21:47:53.853576416,1.2,00:00:03
2023-08-02 21:47:54.855798213,1.2,00:00:03
2023-08-02 21:47:55.855116426,1.2,00:00:03
2023-08-02 21:47:56.855422861,1.2,00:00:03
2023-08-02 21:47:57.855414555,1.2,00:00:03
2023-08-02 21:47:58.859623403,1.2,00:00:03
2023-08-02 21:47:59.856279333,1.2,00:00:03
2023-08-02 21:48:00.856873967,1.2,00:00:03
2023-08-02 21:48:01.858217220,1.2,00:00:03
2023-08-02 21:48:02.858259955,1.2,00:00:03
2023-08-02 21:48:03.862173930,1.2,00:00:03
2023-08-02 21:48:04.859929696,1.2,00:00:03
2023-08-02 21:48:05.861337147,1.2,00:00:03
2023-08-02 21:48:06.862387624,1.2,00:00:03
2023-08-02 21:48:07.861275960,1.2,00:00:03
2023-08-02 21:48:08.861905451,1.2,00:00:03
2023-08-02 21:48:09.863874154,1.2,00:00:03
2023-08-02 21:48:10.867238360,1.2,00:00:03
2023-08-02 21:48:11.866917904,1.2,00:00:03
2023-08-02 21:48:12.865915559,1.2,00:00:04
2023-08-02 21:48:13.865674942,1.2,00:00:04
2023-08-02 21:48:14.868267441,1.2,00:00:04
2023-08-02 21:48:15.867072451,1.2,00:00:04
2023-08-02 21:48:16.869348308,1.2,00:00:04
2023-08-02 21:48:17.868844248,1.2,00:00:04
2023-08-02 21:48:18.870323611,1.2,00:00:04
2023-08-02 21:48:19.869241309,1.2,00:00:04
2023-08-02 21:48:20.870713250,1.2,00:00:04
2023-08-02 21:48:21.869986520,1.2,00:00:04
2023-08-02 21:48:22.871929734,1.2,00:00:04
2023-08-02 21:48:23.871546676,1.2,00:00:04
2023-08-02 21:48:24.872320427,1.2,00:00:04
2023-08-02 21:48:25.873184285,1.2,00:00:04
2023-08-02 21:48:26.873644274,1.2,00:00:04
2023-08-02 21:48:27.874341600,1.2,00:00:04
2023-08-02 21:48:28.875203421,1.2,00:00:04
2023-08-02 21:48:29.876528007,1.2,00:00:04
2023-08-02 21:48:30.876930805,1.2,00:00:04
2023-08-02 21:48:31.877099951,1.2,00:00:04
2023-08-02 21:48:32.877053479,1.2,00:00:04
2023-08-02 21:48:33.877297347,1.2,00:00:04
2023-08-02 21:48:34.877939653,1.2,00:00:04
2023-08-02 21:48:35.878307167,1.2,00:00:04
2023-08-02 21:48:36.878829395,1.2,00:00:04
2023-08-02 21:48:37.879183663,1.2,00:00:04
2023-08-02 21:48:38.879965000,1.2,00:00:04
2023-08-02 21:48:39.880302857,1.2,00:00:04
2023-08-02 21:48:40.881152955,1.2,00:00:04
2023-08-02 21:48:41.881678728,1.2,00:00:04
2023-08-02 21:48:42.881989333,1.2,00:00:04
2023-08-02 21:48:43.882318660,1.2,00:00:04
2023-08-02 21:48:44.883134243,1.2,00:00:04
2023-08-02 21:48:45.884070986,1.2,00:00:04
2023-08-02 21:48:46.884965967,1.2,00:00:04
2023-08-02 21:48:47.886347105,1.2,00:00:04
2023-08-02 21:48:48.885858765,1.2,00:00:04
2023-08-02 21:48:49.886315535,1.2,00:00:04
2023-08-02 21:48:50.887680870,1.2,00:00:04
2023-08-02 21:48:51.887182872,1.2,00:00:04
2023-08-02 21:48:52.888428404,1.2,00:00:04
2023-08-02 21:48:53.888010172,1.2,00:00:04
2023-08-02 21:48:54.889156248,1.2,00:00:04
2023-08-02 21:48:55.889283171,1.2,00:00:04
2023-08-02 21:48:56.889857819,1.2,00:00:04
2023-08-02 21:48:57.890471609,1.2,00:00:04
2023-08-02 21:48:58.891156347,1.2,00:00:04
2023-08-02 21:48:59.892548336,1.2,00:00:04
2023-08-02 21:49:00.892050944,1.2,00:00:04
2023-08-02 21:49:01.892378979,1.2,00:00:04
2023-08-02 21:49:02.893399336,1.2,00:00:04
2023-08-02 21:49:03.895075014,1.2,00:00:04
2023-08-02 21:49:04.894575630,1.2,00:00:04
2023-08-02 21:49:05.895427611,1.2,00:00:04
2023-08-02 21:49:06.896120058,1.2,00:00:04
2023-08-02 21:49:07.896932275,1.2,00:00:04
2023-08-02 21:49:08.897602415,1.2,00:00:04
2023-08-02 21:49:09.899249005,1.2,00:00:04
2023-08-02 21:49:10.898594697,1.2,00:00:04
2023-08-02 21:49:11.899300791,1.2,00:00:04
2023-08-02 21:49:12.899579238,1.2,00:00:04
2023-08-02 21:49:13.900156913,1.2,00:00:04
2023-08-02 21:49:14.900522950,1.2,00:00:04
2023-08-02 21:49:15.904505200,1.2,00:00:04
2023-08-02 21:49:16.902038302,1.2,00:00:04
2023-08-02 21:49:17.902737742,1.2,00:00:04
2023-08-02 21:49:18.903160886,1.2,00:00:04
2023-08-02 21:49:19.903963927,1.2,00:00:04
2023-08-02 21:49:20.905388746,1.2,00:00:04
2023-08-02 21:49:21.905035042,1.2,00:00:04
2023-08-02 21:49:22.906388855,1.2,00:00:04
2023-08-02 21:49:23.906028646,1.2,00:00:04
2023-08-02 21:49:24.906985980,1.1,00:00:04
2023-08-02 21:49:25.908276870,1.1,00:00:04
2023-08-02 21:49:26.908103548,1.2,00:00:04
2023-08-02 21:49:27.908872227,1.1,00:00:04
2023-08-02 21:49:28.909704331,1.1,00:00:04
2023-08-02 21:49:29.910045480,1.1,00:00:04
2023-08-02 21:49:30.910970890,1.1,00:00:04
2023-08-02 21:49:31.911738865,1.1,00:00:04
2023-08-02 21:49:32.912872402,1.1,00:00:04
2023-08-02 21:49:33.912520296,1.1,00:00:04
2023-08-02 21:49:34.913060377,1.1,00:00:04
2023-08-02 21:49:35.913930762,1.1,00:00:04
2023-08-02 21:49:36.914285991,1.1,00:00:04
2023-08-02 21:49:37.915063831,1.1,00:00:04
2023-08-02 21:49:38.915584978,1.1,00:00:04
2023-08-02 21:49:39.916130442,1.1,00:00:04
2023-08-02 21:49:40.920547051,1.1,00:00:04
2023-08-02 21:49:41.916924941,1.1,00:00:04
2023-08-02 21:49:42.918031407,1.1,00:00:04
2023-08-02 21:49:43.918181122,1.1,00:00:04
2023-08-02 21:49:44.918534747,1.1,00:00:04
2023-08-02 21:49:45.919188826,1.1,00:00:04
2023-08-02 21:49:46.923701071,1.1,00:00:04
2023-08-02 21:49:47.923992684,1.1,00:00:04
2023-08-02 21:49:48.920713032,1.1,00:00:04
2023-08-02 21:49:49.923654095,1.1,00:00:04
2023-08-02 21:49:50.922656695,1.1,00:00:04
2023-08-02 21:49:51.923709191,1.1,00:00:04
2023-08-02 21:49:52.923315806,1.1,00:00:04
2023-08-02 21:49:53.923614387,1.1,00:00:04
2023-08-02 21:49:54.923932950,1.1,00:00:04
2023-08-02 21:49:55.924879326,1.1,00:00:04
2023-08-02 21:49:56.929030579,1.1,00:00:05
2023-08-02 21:49:57.926641138,1.1,00:00:05
2023-08-02 21:49:58.927006469,1.1,00:00:05
2023-08-02 21:49:59.927254174,1.1,00:00:05
2023-08-02 21:50:00.928444151,1.1,00:00:05
2023-08-02 21:50:01.928189148,1.1,00:00:05
2023-08-02 21:50:02.933777477,1.1,00:00:05
2023-08-02 21:50:03.930157158,1.1,00:00:05
2023-08-02 21:50:04.929746238,1.1,00:00:05
2023-08-02 21:50:05.930649168,1.1,00:00:05
2023-08-02 21:50:06.931438314,1.1,00:00:05
2023-08-02 21:50:07.932739925,1.1,00:00:05
2023-08-02 21:50:08.932626737,1.1,00:00:05
2023-08-02 21:50:09.933243515,1.1,00:00:05
2023-08-02 21:50:10.933886279,1.1,00:00:05
2023-08-02 21:50:11.934544671,1.1,00:00:05
2023-08-02 21:50:12.935274297,1.1,00:00:05
2023-08-02 21:50:13.935923361,1.1,00:00:05
2023-08-02 21:50:14.937408914,1.1,00:00:05
2023-08-02 21:50:15.937243950,1.1,00:00:05
2023-08-02 21:50:16.940243635,1.1,00:00:05
2023-08-02 21:50:17.938966468,1.1,00:00:05
2023-08-02 21:50:18.939763290,1.1,00:00:05
2023-08-02 21:50:19.940684243,1.1,00:00:05
2023-08-02 21:50:20.942396649,1.1,00:00:05
2023-08-02 21:50:21.950456820,1.1,00:00:05
2023-08-02 21:50:22.948964861,1.1,00:00:05
2023-08-02 21:50:23.945763867,1.1,00:00:05
2023-08-02 21:50:24.945876528,1.1,00:00:05
2023-08-02 21:50:25.946475833,1.1,00:00:05
2023-08-02 21:50:26.945494985,1.1,00:00:05
2023-08-02 21:50:27.946378450,1.1,00:00:05
2023-08-02 21:50:28.947477248,1.1,00:00:05
2023-08-02 21:50:29.948231423,1.1,00:00:05
2023-08-02 21:50:30.948541355,1.1,00:00:05
2023-08-02 21:50:31.949420987,1.1,00:00:05
2023-08-02 21:50:32.953913668,1.1,00:00:05
2023-08-02 21:50:33.950259539,1.1,00:00:05
2023-08-02 21:50:34.950614081,1.1,00:00:05
2023-08-02 21:50:35.951428103,1.1,00:00:05
2023-08-02 21:50:36.956937897,1.1,00:00:05
2023-08-02 21:50:37.952686838,1.1,00:00:05
2023-08-02 21:50:38.955918312,1.1,00:00:05
2023-08-02 21:50:39.954296950,1.1,00:00:05
2023-08-02 21:50:40.954015971,1.1,00:00:05
2023-08-02 21:50:41.955822190,1.1,00:00:05
2023-08-02 21:50:42.955850943,1.1,00:00:05
2023-08-02 21:50:43.956589725,1.1,00:00:05
2023-08-02 21:50:44.956904151,1.1,00:00:05
2023-08-02 21:50:45.970070738,1.1,00:00:05
2023-08-02 21:50:46.958181695,1.1,00:00:05
2023-08-02 21:50:47.957566650,1.1,00:00:05
2023-08-02 21:50:48.962867168,1.1,00:00:05
2023-08-02 21:50:49.958412470,1.1,00:00:05
2023-08-02 21:50:50.959000640,1.1,00:00:05
2023-08-02 21:50:51.959420666,1.1,00:00:05
2023-08-02 21:50:52.959975223,1.1,00:00:05
2023-08-02 21:50:53.964124848,1.1,00:00:05
2023-08-02 21:50:54.961129092,1.1,00:00:05
2023-08-02 21:50:55.965165732,1.1,00:00:05
2023-08-02 21:50:56.963069566,1.1,00:00:05
2023-08-02 21:50:57.963429060,1.1,00:00:05
2023-08-02 21:50:58.967333820,1.1,00:00:05
2023-08-02 21:50:59.965384887,1.1,00:00:05
2023-08-02 21:51:00.966610546,1.1,00:00:05
2023-08-02 21:51:01.967163207,1.1,00:00:05
2023-08-02 21:51:02.971372444,1.1,00:00:05
2023-08-02 21:51:03.968047916,1.1,00:00:05
2023-08-02 21:51:04.968754979,1.1,00:00:05
2023-08-02 21:51:05.973293307,1.1,00:00:05
2023-08-02 21:51:06.969904236,1.1,00:00:05
2023-08-02 21:51:07.971381144,1.1,00:00:05
2023-08-02 21:51:08.971724845,1.1,00:00:05
2023-08-02 21:51:09.972262197,1.1,00:00:05
2023-08-02 21:51:10.971943559,1.1,00:00:05
2023-08-02 21:51:11.972726938,1.1,00:00:05
2023-08-02 21:51:12.974114401,1.1,00:00:05
2023-08-02 21:51:13.974900711,1.1,00:00:05
2023-08-02 21:51:14.974684321,1.1,00:00:05
2023-08-02 21:51:15.975935121,1.1,00:00:05
2023-08-02 21:51:16.976093592,1.1,00:00:05
2023-08-02 21:51:17.975897132,1.1,00:00:05
2023-08-02 21:51:18.976210147,1.1,00:00:05
2023-08-02 21:51:19.976903404,1.1,00:00:05
2023-08-02 21:51:20.981282798,1.1,00:00:05
2023-08-02 21:51:21.978237589,1.1,00:00:05
2023-08-02 21:51:22.982179902,1.1,00:00:05
2023-08-02 21:51:23.980322123,1.1,00:00:05
2023-08-02 21:51:24.979573848,1.1,00:00:05
2023-08-02 21:51:25.980272316,1.1,00:00:05
2023-08-02 21:51:26.980550134,1.1,00:00:05
2023-08-02 21:51:27.984767931,1.1,00:00:05
2023-08-02 21:51:28.985130498,1.1,00:00:06
2023-08-02 21:51:29.981835772,1.1,00:00:06
2023-08-02 21:51:30.982896902,1.1,00:00:06
2023-08-02 21:51:31.983789574,1.1,00:00:06
2023-08-02 21:51:32.984815172,1.1,00:00:06
2023-08-02 21:51:33.985459869,1.1,00:00:06
2023-08-02 21:51:34.986340444,1.1,00:00:06
2023-08-02 21:51:35.987634370,1.1,00:00:06
2023-08-02 21:51:36.987047408,1.1,00:00:06
2023-08-02 21:51:37.987504489,1.1,00:00:06
2023-08-02 21:51:38.988174595,1.1,00:00:06
2023-08-02 21:51:39.988893913,1.1,00:00:06
2023-08-02 21:51:40.989527221,1.1,00:00:06
2023-08-02 21:51:41.990663296,1.1,00:00:06
2023-08-02 21:51:42.990374645,1.1,00:00:06
2023-08-02 21:51:43.991038786,1.1,00:00:06
2023-08-02 21:51:44.992392402,1.1,00:00:06
2023-08-02 21:51:45.992253217,1.1,00:00:06
2023-08-02 21:51:46.992718649,1.1,00:00:06
2023-08-02 21:51:47.993833972,1.1,00:00:06
2023-08-02 21:51:48.993918875,1.1,00:00:06
2023-08-02 21:51:49.994644161,1.1,00:00:06
2023-08-02 21:51:50.994327076,1.1,00:00:06
2023-08-02 21:51:51.994805713,1.1,00:00:06
2023-08-02 21:51:52.995596686,1.1,00:00:06
2023-08-02 21:51:53.997215971,1.1,00:00:06
2023-08-02 21:51:54.998172904,1.1,00:00:06
2023-08-02 21:51:55.999206390,1.1,00:00:06
2023-08-02 21:51:56.999197710,1.1,00:00:06
2023-08-02 21:51:58.000060867,1.1,00:00:06
2023-08-02 21:51:59.000435902,1.1,00:00:06
2023-08-02 21:52:00.001105436,1.1,00:00:06
2023-08-02 21:52:01.001740661,1.1,00:00:06
2023-08-02 21:52:02.002084667,1.1,00:00:06
2023-08-02 21:52:03.003336356,1.1,00:00:06
2023-08-02 21:52:04.003134609,1.1,00:00:06
2023-08-02 21:52:05.003824592,1.1,00:00:06
2023-08-02 21:52:06.004284921,1.1,00:00:06
2023-08-02 21:52:07.005500606,1.1,00:00:06
2023-08-02 21:52:08.005475077,1.1,00:00:06
2023-08-02 21:52:09.005737345,1.1,00:00:06
2023-08-02 21:52:10.006125428,1.1,00:00:06
2023-08-02 21:52:11.006813817,1.1,00:00:06
2023-08-02 21:52:12.010658547,1.1,00:00:06
2023-08-02 21:52:13.011998180,1.1,00:00:06
2023-08-02 21:52:14.008606034,1.1,00:00:06
2023-08-02 21:52:15.009263817,1.1,00:00:06
2023-08-02 21:52:16.010308437,1.1,00:00:06
2023-08-02 21:52:17.011267886,1.1,00:00:06
2023-08-02 21:52:18.011581622,1.1,00:00:06
2023-08-02 21:52:19.013159258,1.1,00:00:06
2023-08-02 21:52:20.012528074,1.1,00:00:06
2023-08-02 21:52:21.013011472,1.1,00:00:06
2023-08-02 21:52:22.013541547,1.1,00:00:06
2023-08-02 21:52:23.013904790,1.1,00:00:06
2023-08-02 21:52:24.014802820,1.1,00:00:06
2023-08-02 21:52:25.015847262,1.1,00:00:06
2023-08-02 21:52:26.016425262,1.1,00:00:06
2023-08-02 21:52:27.017667994,1.1,00:00:06
2023-08-02 21:52:28.017463349,1.1,00:00:06
2023-08-02 21:52:29.018494839,1.1,00:00:06
2023-08-02 21:52:30.019534701,1.1,00:00:06
2023-08-02 21:52:31.020495419,1.1,00:00:06
2023-08-02 21:52:32.020956300,1.1,00:00:06
2023-08-02 21:52:33.022713101,1.1,00:00:06
2023-08-02 21:52:34.024047519,1.1,00:00:06
2023-08-02 21:52:35.022666707,1.1,00:00:06
2023-08-02 21:52:36.022904035,1.1,00:00:06
2023-08-02 21:52:37.023705566,1.1,00:00:06
2023-08-02 21:52:38.024846168,1.1,00:00:06
2023-08-02 21:52:39.024324962,1.1,00:00:06
2023-08-02 21:52:40.024630149,1.1,00:00:06
2023-08-02 21:52:41.025217854,1.1,00:00:06
2023-08-02 21:52:42.025612057,1.1,00:00:06
2023-08-02 21:52:43.031031405,1.1,00:00:06
2023-08-02 21:52:44.026214290,1.1,00:00:06
2023-08-02 21:52:45.030369672,1.1,00:00:06
2023-08-02 21:52:46.027734732,1.1,00:00:06
2023-08-02 21:52:47.031657628,1.1,00:00:06
2023-08-02 21:52:48.033226164,1.1,00:00:06
2023-08-02 21:52:49.029542234,1.1,00:00:06
2023-08-02 21:52:50.030333605,1.1,00:00:06
2023-08-02 21:52:51.034850132,1.1,00:00:06
2023-08-02 21:52:52.031352012,1.1,00:00:06
2023-08-02 21:52:53.032413754,1.1,00:00:06
2023-08-02 21:52:54.033113056,1.1,00:00:06
2023-08-02 21:52:55.032865185,1.1,00:00:06
2023-08-02 21:52:56.034392443,1.1,00:00:06
2023-08-02 21:52:57.034223021,1.1,00:00:06
2023-08-02 21:52:58.034856266,1.1,00:00:06
2023-08-02 21:52:59.035561107,1.1,00:00:06
2023-08-02 21:53:00.036706274,1.1,00:00:06
2023-08-02 21:53:01.036291658,1.1,00:00:06
2023-08-02 21:53:02.037251592,1.1,00:00:06
2023-08-02 21:53:03.038135856,1.1,00:00:06
2023-08-02 21:53:04.038702029,1.1,00:00:06
2023-08-02 21:53:05.039070916,1.1,00:00:06
2023-08-02 21:53:06.040093587,1.1,00:00:06
2023-08-02 21:53:07.041614789,1.1,00:00:06
2023-08-02 21:53:08.041130170,1.1,00:00:07
2023-08-02 21:53:09.046039884,1.1,00:00:07
2023-08-02 21:53:10.048196977,1.1,00:00:07
2023-08-02 21:53:11.047536309,1.1,00:00:07
2023-08-02 21:53:12.043448957,1.1,00:00:07
2023-08-02 21:53:13.044095711,1.1,00:00:07
2023-08-02 21:53:14.044214034,1.1,00:00:07
2023-08-02 21:53:15.045842321,1.1,00:00:07
2023-08-02 21:53:16.046096308,1.1,00:00:07
2023-08-02 21:53:17.059525427,1.1,00:00:07
2023-08-02 21:53:18.059782366,1.1,00:00:07
2023-08-02 21:53:19.047003865,1.1,00:00:07
2023-08-02 21:53:20.047320972,1.1,00:00:07
2023-08-02 21:53:21.048426978,1.1,00:00:07
2023-08-02 21:53:22.048933612,1.1,00:00:07
2023-08-02 21:53:23.049747058,1.1,00:00:07
2023-08-02 21:53:24.050806770,1.1,00:00:07
2023-08-02 21:53:25.051400588,1.1,00:00:07
2023-08-02 21:53:26.052119787,1.1,00:00:07
2023-08-02 21:53:27.066368717,1.1,00:00:07
2023-08-02 21:53:28.057367386,1.1,00:00:07
2023-08-02 21:53:29.054017259,1.1,00:00:07
2023-08-02 21:53:30.054876882,1.1,00:00:07
2023-08-02 21:53:31.055094462,1.1,00:00:07
2023-08-02 21:53:32.055026602,1.1,00:00:07
2023-08-02 21:53:33.056478728,1.1,00:00:07
2023-08-02 21:53:34.056796080,1.1,00:00:07
2023-08-02 21:53:35.057201569,1.1,00:00:07
2023-08-02 21:53:36.057760799,1.1,00:00:07
2023-08-02 21:53:37.057999739,1.1,00:00:07
2023-08-02 21:53:38.058624528,1.1,00:00:07
2023-08-02 21:53:39.061460733,1.1,00:00:07
2023-08-02 21:53:40.063207942,1.1,00:00:07
2023-08-02 21:53:41.064791485,1.1,00:00:07
2023-08-02 21:53:42.061782528,1.1,00:00:07
2023-08-02 21:53:43.062163644,1.1,00:00:07
2023-08-02 21:53:44.063476323,1.1,00:00:07
2023-08-02 21:53:45.063485675,1.1,00:00:07
2023-08-02 21:53:46.064719866,1.1,00:00:07
2023-08-02 21:53:47.066532143,1.1,00:00:07
2023-08-02 21:53:48.065229799,1.1,00:00:07
2023-08-02 21:53:49.066965149,1.1,00:00:07
2023-08-02 21:53:50.066259359,1.1,00:00:07
2023-08-02 21:53:51.066807234,1.1,00:00:07
2023-08-02 21:53:52.067055295,1.1,00:00:07
2023-08-02 21:53:53.068463528,1.1,00:00:07
2023-08-02 21:53:54.068592985,1.1,00:00:07
2023-08-02 21:53:55.069415426,1.1,00:00:07
2023-08-02 21:53:56.072365067,1.1,00:00:07
2023-08-02 21:53:57.073803243,1.1,00:00:07
2023-08-02 21:53:58.072000100,1.1,00:00:07
2023-08-02 21:53:59.070540304,1.1,00:00:07
2023-08-02 21:54:00.075503865,1.1,00:00:07
2023-08-02 21:54:01.076989590,1.1,00:00:07
2023-08-02 21:54:02.074235615,1.1,00:00:07
2023-08-02 21:54:03.072917692,1.1,00:00:07
2023-08-02 21:54:04.073509341,1.1,00:00:07
2023-08-02 21:54:05.074108588,1.1,00:00:07
2023-08-02 21:54:06.075119756,1.1,00:00:07
2023-08-02 21:54:07.078925606,1.1,00:00:07
2023-08-02 21:54:08.076571476,1.1,00:00:07
2023-08-02 21:54:09.081225114,1.1,00:00:07
2023-08-02 21:54:10.078174936,1.1,00:00:07
2023-08-02 21:54:11.078757084,1.1,00:00:07
2023-08-02 21:54:12.079725113,1.1,00:00:07
2023-08-02 21:54:13.080254454,1.1,00:00:07
2023-08-02 21:54:14.081430334,1.1,00:00:07
2023-08-02 21:54:15.081504413,1.1,00:00:07
2023-08-02 21:54:16.082296388,1.1,00:00:07
2023-08-02 21:54:17.083562903,1.1,00:00:07
2023-08-02 21:54:18.096568603,1.1,00:00:07
2023-08-02 21:54:19.083992244,1.1,00:00:07
2023-08-02 21:54:20.085354802,1.1,00:00:07
2023-08-02 21:54:21.085291837,1.1,00:00:07
2023-08-02 21:54:22.087230596,1.1,00:00:07
2023-08-02 21:54:23.087263679,1.1,00:00:07
2023-08-02 21:54:24.088160941,1.1,00:00:07
2023-08-02 21:54:25.089386047,1.1,00:00:07
2023-08-02 21:54:26.089379606,1.1,00:00:07
2023-08-02 21:54:27.089759787,1.1,00:00:07
2023-08-02 21:54:28.090671257,1.1,00:00:07
2023-08-02 21:54:29.091366824,1.1,00:00:07
2023-08-02 21:54:30.092572842,1.1,00:00:07
2023-08-02 21:54:31.092512772,1.1,00:00:07
2023-08-02 21:54:32.096684976,1.1,00:00:07
2023-08-02 21:54:33.097601406,1.1,00:00:07
2023-08-02 21:54:34.098933487,1.1,00:00:07
2023-08-02 21:54:35.095699741,1.1,00:00:07
2023-08-02 21:54:36.096405756,1.1,00:00:07
2023-08-02 21:54:37.097461847,1.1,00:00:07
2023-08-02 21:54:38.097447438,1.1,00:00:07
2023-08-02 21:54:39.098356757,1.1,00:00:07
2023-08-02 21:54:40.099333926,1.1,00:00:07
2023-08-02 21:54:41.100271991,1.1,00:00:08
2023-08-02 21:54:42.100698019,1.1,00:00:08
2023-08-02 21:54:43.101237335,1.1,00:00:08
2023-08-02 21:54:44.105281295,1.1,00:00:08
2023-08-02 21:54:45.103012640,1.1,00:00:08
2023-08-02 21:54:46.103633760,1.1,00:00:08
2023-08-02 21:54:47.104977747,1.1,00:00:08
2023-08-02 21:54:48.105286123,1.1,00:00:08
2023-08-02 21:54:49.105078541,1.1,00:00:08
2023-08-02 21:54:50.106085647,1.1,00:00:08
2023-08-02 21:54:51.106868190,1.1,00:00:08
2023-08-02 21:54:52.108623097,1.1,00:00:08
2023-08-02 21:54:53.108150585,1.1,00:00:08
2023-08-02 21:54:54.109130557,1.1,00:00:08
2023-08-02 21:54:55.111048480,1.1,00:00:08
2023-08-02 21:54:56.111319267,1.1,00:00:08
2023-08-02 21:54:57.112364009,1.1,00:00:08
2023-08-02 21:54:58.112445570,1.1,00:00:08
2023-08-02 21:54:59.112194697,1.1,00:00:08
2023-08-02 21:55:00.113131106,1.1,00:00:08
2023-08-02 21:55:01.113657879,1.1,00:00:08
2023-08-02 21:55:02.114548745,1.1,00:00:08
2023-08-02 21:55:03.116103203,1.1,00:00:08
2023-08-02 21:55:04.115858038,1.1,00:00:08
2023-08-02 21:55:05.116742493,1.1,00:00:08
2023-08-02 21:55:06.117856947,1.1,00:00:08
2023-08-02 21:55:07.118423365,1.1,00:00:08
2023-08-02 21:55:08.118819402,1.1,00:00:08
2023-08-02 21:55:09.119564817,1.1,00:00:08
2023-08-02 21:55:10.119841637,1.1,00:00:08
2023-08-02 21:55:11.121241755,1.1,00:00:08
2023-08-02 21:55:12.120981306,1.1,00:00:08
2023-08-02 21:55:13.121787651,1.1,00:00:08
2023-08-02 21:55:14.123699065,1.1,00:00:08
2023-08-02 21:55:15.126924412,1.1,00:00:08
2023-08-02 21:55:16.128666290,1.1,00:00:08
2023-08-02 21:55:17.128824157,1.1,00:00:08
2023-08-02 21:55:18.124630485,1.1,00:00:08
2023-08-02 21:55:19.125803970,1.1,00:00:08
2023-08-02 21:55:20.125488019,1.1,00:00:08
2023-08-02 21:55:21.125794449,1.1,00:00:08
2023-08-02 21:55:22.126112594,1.1,00:00:08
2023-08-02 21:55:23.126607935,1.1,00:00:08
2023-08-02 21:55:24.126867064,1.1,00:00:08
2023-08-02 21:55:25.131384871,1.1,00:00:08
2023-08-02 21:55:26.128564797,1.1,00:00:08
2023-08-02 21:55:27.128415242,1.1,00:00:08
2023-08-02 21:55:28.128860251,1.1,00:00:08
2023-08-02 21:55:29.129657217,1.1,00:00:08
2023-08-02 21:55:30.134032990,1.1,00:00:08
2023-08-02 21:55:31.130820504,1.1,00:00:08
2023-08-02 21:55:32.131562242,1.1,00:00:08
2023-08-02 21:55:33.133165835,1.1,00:00:08
2023-08-02 21:55:34.132947560,1.1,00:00:08
2023-08-02 21:55:35.140643892,1.1,00:00:08
2023-08-02 21:55:36.138259211,1.1,00:00:08
2023-08-02 21:55:37.135654571,1.1,00:00:08
2023-08-02 21:55:38.135630428,1.1,00:00:08
2023-08-02 21:55:39.137239604,1.1,00:00:08
2023-08-02 21:55:40.137176022,1.1,00:00:08
2023-08-02 21:55:41.137817363,1.1,00:00:08
2023-08-02 21:55:42.138791771,1.1,00:00:08
2023-08-02 21:55:43.140177409,1.1,00:00:08
2023-08-02 21:55:44.140905290,1.1,00:00:08
2023-08-02 21:55:45.140509110,1.1,00:00:08
2023-08-02 21:55:46.141177765,1.1,00:00:08
2023-08-02 21:55:47.145752024,1.1,00:00:08
2023-08-02 21:55:48.146497844,1.1,00:00:08
2023-08-02 21:55:49.145523395,1.1,00:00:08
2023-08-02 21:55:50.144656296,1.1,00:00:08
2023-08-02 21:55:51.145957808,1.1,00:00:08
2023-08-02 21:55:52.145060787,1.1,00:00:08
2023-08-02 21:55:53.145919814,1.1,00:00:08
2023-08-02 21:55:54.146057056,1.1,00:00:08
2023-08-02 21:55:55.145984594,1.1,00:00:08
2023-08-02 21:55:56.150904522,1.1,00:00:08
2023-08-02 21:55:57.161097638,1.1,00:00:08
2023-08-02 21:55:58.148726027,1.1,00:00:08
2023-08-02 21:55:59.149387718,1.1,00:00:08
2023-08-02 21:56:00.149889842,1.1,00:00:08
2023-08-02 21:56:01.150238420,1.1,00:00:08
2023-08-02 21:56:02.150641622,1.1,00:00:08
2023-08-02 21:56:03.151629770,1.1,00:00:08
2023-08-02 21:56:04.152283720,1.1,00:00:08
2023-08-02 21:56:05.153015875,1.1,00:00:08
2023-08-02 21:56:06.157556773,1.1,00:00:08
2023-08-02 21:56:07.153667332,1.1,00:00:08
2023-08-02 21:56:08.154187217,1.1,00:00:08
2023-08-02 21:56:09.155014523,1.1,00:00:08
2023-08-02 21:56:10.155103867,1.1,00:00:08
2023-08-02 21:56:11.160173617,1.1,00:00:08
2023-08-02 21:56:12.158654399,1.1,00:00:08
2023-08-02 21:56:13.161541310,1.1,00:00:08
2023-08-02 21:56:14.162740438,1.1,00:00:09
2023-08-02 21:56:15.163230970,1.1,00:00:09
2023-08-02 21:56:16.159361660,1.1,00:00:09
2023-08-02 21:56:17.160332005,1.1,00:00:09
2023-08-02 21:56:18.161268034,1.1,00:00:09
2023-08-02 21:56:19.161532219,1.1,00:00:09
2023-08-02 21:56:20.162148713,1.1,00:00:09
2023-08-02 21:56:21.162248650,1.1,00:00:09
2023-08-02 21:56:22.162912053,1.1,00:00:09
2023-08-02 21:56:23.163153449,1.1,00:00:09
2023-08-02 21:56:24.167420557,1.1,00:00:09
2023-08-02 21:56:25.164923932,1.1,00:00:09
2023-08-02 21:56:26.165036748,1.1,00:00:09
2023-08-02 21:56:27.179230488,1.1,00:00:09
2023-08-02 21:56:28.170399534,1.1,00:00:09
2023-08-02 21:56:29.166943040,1.1,00:00:09
2023-08-02 21:56:30.167836884,1.1,00:00:09
2023-08-02 21:56:31.168766034,1.1,00:00:09
2023-08-02 21:56:32.168888316,1.1,00:00:09
2023-08-02 21:56:33.169244570,1.1,00:00:09
2023-08-02 21:56:34.173797306,1.1,00:00:09
2023-08-02 21:56:35.171705046,1.1,00:00:09
2023-08-02 21:56:36.170944592,1.1,00:00:09
2023-08-02 21:56:37.171604563,1.1,00:00:09
2023-08-02 21:56:38.172191983,1.1,00:00:09
2023-08-02 21:56:39.173098008,1.1,00:00:09
2023-08-02 21:56:40.173970204,1.1,00:00:09
2023-08-02 21:56:41.175223399,1.1,00:00:09
2023-08-02 21:56:42.175146583,1.1,00:00:09
2023-08-02 21:56:43.179811139,1.1,00:00:09
2023-08-02 21:56:44.175981860,1.1,00:00:09
2023-08-02 21:56:45.181247967,1.1,00:00:09
2023-08-02 21:56:46.176832827,1.1,00:00:09
2023-08-02 21:56:47.177124547,1.1,00:00:09
2023-08-02 21:56:48.177119256,1.1,00:00:09
2023-08-02 21:56:49.178723728,1.1,00:00:09
2023-08-02 21:56:50.179313297,1.1,00:00:09
2023-08-02 21:56:51.179704168,1.1,00:00:09
2023-08-02 21:56:52.180160789,1.1,00:00:09
2023-08-02 21:56:53.180637956,1.1,00:00:09
2023-08-02 21:56:54.182763320,1.1,00:00:09
2023-08-02 21:56:55.195344098,1.1,00:00:09
2023-08-02 21:56:56.182965503,1.1,00:00:09
2023-08-02 21:56:57.183627288,1.1,00:00:09
2023-08-02 21:56:58.184486316,1.1,00:00:09
2023-08-02 21:56:59.185272584,1.1,00:00:09
2023-08-02 21:57:00.186489776,1.1,00:00:09
2023-08-02 21:57:01.186903138,1.1,00:00:09
2023-08-02 21:57:02.186477015,1.1,00:00:09
2023-08-02 21:57:03.186869674,1.1,00:00:09
2023-08-02 21:57:04.187518949,1.1,00:00:09
2023-08-02 21:57:05.188417936,1.1,00:00:09
2023-08-02 21:57:06.189147811,1.1,00:00:09
2023-08-02 21:57:07.190513123,1.1,00:00:09
2023-08-02 21:57:08.190667354,1.1,00:00:09
2023-08-02 21:57:09.190721755,1.1,00:00:09
2023-08-02 21:57:10.190841545,1.1,00:00:09
2023-08-02 21:57:11.189921789,1.1,00:00:09
2023-08-02 21:57:12.195228598,1.1,00:00:09
2023-08-02 21:57:13.191399817,1.1,00:00:09
2023-08-02 21:57:14.193111614,1.1,00:00:09
2023-08-02 21:57:15.192566866,1.1,00:00:09
2023-08-02 21:57:16.193296181,1.1,00:00:09
2023-08-02 21:57:17.193945195,1.1,00:00:09
2023-08-02 21:57:18.194839019,1.1,00:00:09
2023-08-02 21:57:19.196077183,1.1,00:00:09
2023-08-02 21:57:20.196494989,1.1,00:00:09
2023-08-02 21:57:21.196708270,1.1,00:00:09
2023-08-02 21:57:22.196675015,1.1,00:00:09
2023-08-02 21:57:23.197237824,1.1,00:00:09
2023-08-02 21:57:24.198837652,1.1,00:00:09
2023-08-02 21:57:25.198704265,1.1,00:00:09
2023-08-02 21:57:26.200011142,1.1,00:00:09
2023-08-02 21:57:27.203272705,1.1,00:00:09
2023-08-02 21:57:28.204755993,1.1,00:00:09
2023-08-02 21:57:29.201661623,1.1,00:00:09
2023-08-02 21:57:30.209480824,1.1,00:00:09
2023-08-02 21:57:31.203327217,1.1,00:00:09
2023-08-02 21:57:32.203981740,1.1,00:00:09
2023-08-02 21:57:33.204575455,1.1,00:00:09
2023-08-02 21:57:34.205398636,1.1,00:00:09
2023-08-02 21:57:35.205960880,1.1,00:00:09
2023-08-02 21:57:36.206612462,1.1,00:00:09
2023-08-02 21:57:37.207948521,1.1,00:00:09
2023-08-02 21:57:38.207396136,1.1,00:00:09
2023-08-02 21:57:39.207849923,1.1,00:00:09
2023-08-02 21:57:40.208480077,1.1,00:00:09
2023-08-02 21:57:41.212668853,1.1,00:00:09
2023-08-02 21:57:42.208948446,1.1,00:00:09
2023-08-02 21:57:43.208951919,1.1,00:00:09
2023-08-02 21:57:44.214597065,1.1,00:00:09
2023-08-02 21:57:45.214881591,1.1,00:00:09
2023-08-02 21:57:46.214015654,1.1,00:00:10
2023-08-02 21:57:47.216426012,1.1,00:00:10
2023-08-02 21:57:48.213019078,1.1,00:00:10
2023-08-02 21:57:49.213734220,1.1,00:00:10
2023-08-02 21:57:50.214254401,1.1,00:00:10
2023-08-02 21:57:51.214814990,1.1,00:00:10
2023-08-02 21:57:52.216672598,1.1,00:00:10
2023-08-02 21:57:53.216227832,1.1,00:00:10
2023-08-02 21:57:54.216580104,1.1,00:00:10
2023-08-02 21:57:55.217135107,1.1,00:00:10
2023-08-02 21:57:56.217605335,1.1,00:00:10
2023-08-02 21:57:57.232245284,1.1,00:00:10
2023-08-02 21:57:58.218983508,1.1,00:00:10
2023-08-02 21:57:59.219346489,1.1,00:00:10
2023-08-02 21:58:00.220218611,1.1,00:00:10
2023-08-02 21:58:01.221025898,1.1,00:00:10
2023-08-02 21:58:02.221769890,1.1,00:00:10
2023-08-02 21:58:03.222033319,1.1,00:00:10
2023-08-02 21:58:04.223126062,1.1,00:00:10
2023-08-02 21:58:05.224125777,1.1,00:00:10
2023-08-02 21:58:06.225255307,1.1,00:00:10
2023-08-02 21:58:07.225568189,1.1,00:00:10
2023-08-02 21:58:08.225965318,1.1,00:00:10
2023-08-02 21:58:09.226367598,1.1,00:00:10
2023-08-02 21:58:10.230853422,1.1,00:00:10
2023-08-02 21:58:11.231759766,1.1,00:00:10
2023-08-02 21:58:12.228921845,1.1,00:00:10
2023-08-02 21:58:13.228220742,1.1,00:00:10
2023-08-02 21:58:14.228719688,1.1,00:00:10
2023-08-02 21:58:15.229737911,1.1,00:00:10
2023-08-02 21:58:16.230720597,1.1,00:00:10
2023-08-02 21:58:17.231713483,1.1,00:00:10
2023-08-02 21:58:18.232776176,1.1,00:00:10
2023-08-02 21:58:19.233596143,1.1,00:00:10
2023-08-02 21:58:20.234379859,1.1,00:00:10
2023-08-02 21:58:21.235226427,1.1,00:00:10
2023-08-02 21:58:22.236425213,1.1,00:00:10
2023-08-02 21:58:23.237030986,1.1,00:00:10
2023-08-02 21:58:24.237038703,1.1,00:00:10
2023-08-02 21:58:25.238679683,1.1,00:00:10
2023-08-02 21:58:26.238564712,1.1,00:00:10
2023-08-02 21:58:27.239062191,1.1,00:00:10
2023-08-02 21:58:28.239711702,1.1,00:00:10
2023-08-02 21:58:29.240161628,1.1,00:00:10
2023-08-02 21:58:30.241154931,1.1,00:00:10
2023-08-02 21:58:31.241729253,1.1,00:00:10
2023-08-02 21:58:32.242182235,1.1,00:00:10
2023-08-02 21:58:33.242617906,1.1,00:00:10
2023-08-02 21:58:34.243583989,1.1,00:00:10
2023-08-02 21:58:35.244433223,1.1,00:00:10
2023-08-02 21:58:36.247400648,1.1,00:00:10
2023-08-02 21:58:37.245828785,1.1,00:00:10
2023-08-02 21:58:38.246239680,1.1,00:00:10
2023-08-02 21:58:39.247225129,1.1,00:00:10
2023-08-02 21:58:40.248582251,1.1,00:00:10
2023-08-02 21:58:41.248289394,1.1,00:00:10
2023-08-02 21:58:42.248821759,1.1,00:00:10
2023-08-02 21:58:43.249445173,1.1,00:00:10
2023-08-02 21:58:44.251938802,1.1,00:00:10
2023-08-02 21:58:45.260743368,1.1,00:00:10
2023-08-02 21:58:46.251444464,1.1,00:00:10
2023-08-02 21:58:47.255866348,1.1,00:00:10
2023-08-02 21:58:48.256058180,1.1,00:00:10
2023-08-02 21:58:49.257056303,1.1,00:00:10
2023-08-02 21:58:50.254263732,1.1,00:00:10
2023-08-02 21:58:51.254792157,1.1,00:00:10
2023-08-02 21:58:52.255208851,1.1,00:00:10
2023-08-02 21:58:53.259829604,1.1,00:00:10
2023-08-02 21:58:54.256202089,1.1,00:00:10
2023-08-02 21:58:55.257309513,1.1,00:00:10
2023-08-02 21:58:56.258343632,1.1,00:00:10
2023-08-02 21:58:57.258927969,1.1,00:00:10
2023-08-02 21:58:58.259530339,1.1,00:00:10
2023-08-02 21:58:59.260271372,1.1,00:00:10
2023-08-02 21:59:00.260762021,1.1,00:00:10
2023-08-02 21:59:01.261200471,1.1,00:00:10
2023-08-02 21:59:02.265039649,1.1,00:00:10
2023-08-02 21:59:03.262282585,1.1,00:00:10
2023-08-02 21:59:04.266113616,1.1,00:00:10
2023-08-02 21:59:05.267251044,1.1,00:00:10
2023-08-02 21:59:06.267882351,1.1,00:00:10
2023-08-02 21:59:07.269882779,1.1,00:00:10
2023-08-02 21:59:08.265525644,1.1,00:00:10
2023-08-02 21:59:09.271142535,1.1,00:00:10
2023-08-02 21:59:10.271059053,1.1,00:00:10
2023-08-02 21:59:11.272900263,1.1,00:00:10
2023-08-02 21:59:12.273791068,1.1,00:00:10
2023-08-02 21:59:13.273699877,1.1,00:00:10
2023-08-02 21:59:14.275401150,1.1,00:00:10
2023-08-02 21:59:15.276711211,1.1,00:00:10
2023-08-02 21:59:16.275964996,1.1,00:00:10
2023-08-02 21:59:17.278038456,1.1,00:00:10
2023-08-02 21:59:18.278163927,1.1,00:00:10
2023-08-02 21:59:19.279119054,1.1,00:00:10
2023-08-02 21:59:20.280010084,1.1,00:00:11
2023-08-02 21:59:21.281821651,1.1,00:00:11
2023-08-02 21:59:22.282138767,1.1,00:00:11
2023-08-02 21:59:23.282154369,1.1,00:00:11
2023-08-02 21:59:24.283364830,1.1,00:00:11
2023-08-02 21:59:25.283275300,1.1,00:00:11
2023-08-02 21:59:26.284170138,1.1,00:00:11
2023-08-02 21:59:27.285274722,1.1,00:00:11
2023-08-02 21:59:28.286313852,1.1,00:00:11
2023-08-02 21:59:29.287306503,1.1,00:00:11
2023-08-02 21:59:30.288252149,1.1,00:00:11
2023-08-02 21:59:31.289043512,1.1,00:00:11
2023-08-02 21:59:32.291339906,1.1,00:00:11
2023-08-02 21:59:33.290315655,1.1,00:00:11
