timestamp,rapl_uj,rapl_uj_diff,minute,second,rapl_pw
2023-08-05 18:37:30.942322539,190402604936,3129028,0.033237583333333334,1,3.034764
2023-08-05 18:37:31.942683026,190405733964,2787321,0.04991025,2,3.129028
2023-08-05 18:37:32.943085969,190408521285,5560979,0.06658363333333334,3,2.787321
2023-08-05 18:37:33.943478374,190414082264,3753691,0.08325683333333332,4,5.560979
2023-08-05 18:37:34.943818481,190417835955,4948161,0.09992916666666667,5,3.753691
2023-08-05 18:37:35.943285938,190422784116,3649314,0.11658696666666667,6,4.948161
2023-08-05 18:37:36.944739282,190426433430,2483958,0.13327785,7,3.649314
2023-08-05 18:37:37.945319506,190428917388,2478538,0.14995418333333335,8,2.483958
2023-08-05 18:37:38.945824140,190431395926,3043592,0.1666292666666667,9,2.478538
2023-08-05 18:37:39.946257678,190434439518,2533539,0.18330316666666666,10,3.043592
2023-08-05 18:37:40.946771673,190436973057,2389679,0.1999784,11,2.533539
2023-08-05 18:37:41.947434113,190439362736,2380952,0.2166561,12,2.389679
2023-08-05 18:37:42.947836862,190441743688,2481821,0.23332948333333334,13,2.380952
2023-08-05 18:37:43.948322109,190444225509,2908437,0.2500042333333333,15,2.481821
2023-08-05 18:37:44.948318977,190447133946,2617626,0.26667084999999996,16,2.908437
2023-08-05 18:37:45.949783375,190449751572,2544584,0.28336191666666666,17,2.617626
2023-08-05 18:37:46.950385868,190452296156,2517292,0.3000386333333333,18,2.544584
2023-08-05 18:37:47.950756925,190454813448,2357172,0.3167114833333333,19,2.517292
2023-08-05 18:37:48.951331077,190457170620,2545782,0.33338771666666667,20,2.357172
2023-08-05 18:37:49.951870252,190459716402,2275980,0.35006336666666665,21,2.545782
2023-08-05 18:37:50.952325200,190461992382,2219778,0.36673761666666665,22,2.27598
2023-08-05 18:37:51.952892987,190464212160,2277478,0.38341375,23,2.219778
2023-08-05 18:37:52.952828560,190466489638,2442813,0.40007935,24,2.277478
2023-08-05 18:37:53.954420461,190468932451,2586770,0.4167725333333333,25,2.442813
2023-08-05 18:37:54.954901225,190471519221,2247657,0.4334472166666667,26,2.58677
2023-08-05 18:37:55.955455990,190473766878,2631698,0.4501231333333333,27,2.247657
2023-08-05 18:37:56.955995757,190476398576,2245532,0.4667988,28,2.631698
2023-08-05 18:37:57.956483284,190478644108,2375696,0.48347358333333335,29,2.245532
2023-08-05 18:37:58.957027039,190481019804,2684067,0.5001493166666667,30,2.375696
2023-08-05 18:37:59.957514894,190483703871,2730204,0.5168241166666667,31,2.684067
2023-08-05 18:38:00.958012390,190486434075,2396949,0.5334990666666666,32,2.730204
2023-08-05 18:38:01.958669663,190488831024,2264961,0.5501767,33,2.396949
2023-08-05 18:38:02.959180465,190491095985,2366400,0.5668518666666666,34,2.264961
2023-08-05 18:38:03.959801252,190493462385,2550213,0.5835288833333333,35,2.3664
2023-08-05 18:38:04.960301952,190496012598,2576061,0.6002039,36,2.550213
2023-08-05 18:38:05.960307864,190498588659,2619229,0.6168706666666667,37,2.576061
2023-08-05 18:38:06.961761194,190501207888,2353325,0.63356155,38,2.619229
2023-08-05 18:38:07.962337442,190503561213,2380551,0.6502378166666667,39,2.353325
2023-08-05 18:38:08.962538409,190505941764,2779782,0.6669078333333334,40,2.380551
2023-08-05 18:38:09.963111340,190508721546,2373392,0.68358405,41,2.779782
2023-08-05 18:38:10.963698215,190511094938,2515070,0.7002605000000001,42,2.373392
2023-08-05 18:38:11.964099219,190513610008,2448806,0.71693385,43,2.51507
2023-08-05 18:38:12.964614439,190516058814,2474006,0.7336091,44,2.448806
2023-08-05 18:38:13.965070632,190518532820,2532894,0.7502833833333333,45,2.474006
2023-08-05 18:38:14.965623422,190521065714,2403110,0.76695925,46,2.532894
2023-08-05 18:38:15.966234171,190523468824,2511784,0.7836361000000001,47,2.40311
2023-08-05 18:38:16.966724046,190525980608,2344248,0.8003109333333334,48,2.511784
2023-08-05 18:38:17.967208657,190528324856,2401468,0.8169856833333333,49,2.344248
2023-08-05 18:38:18.967720920,190530726324,4181070,0.8336608833333333,50,2.401468
2023-08-05 18:38:19.968258720,190534907394,4323930,0.8503365166666667,51,4.18107
2023-08-05 18:38:20.968748372,190539231324,4313125,0.8670113333333334,52,4.32393
2023-08-05 18:38:21.969279916,190543544449,4385258,0.8836868666666666,53,4.313125
2023-08-05 18:38:22.969684825,190547929707,5349861,0.9003602833333333,54,4.385258
2023-08-05 18:38:23.970207099,190553279568,2651772,0.9170356500000001,55,5.349861
2023-08-05 18:38:24.970645025,190555931340,2444460,0.9337096166666666,56,2.651772
2023-08-05 18:38:25.971382162,190558375800,2871467,0.9503885666666666,57,2.44446
2023-08-05 18:38:26.972041880,190561247267,2607469,0.9670662333333334,58,2.871467
2023-08-05 18:38:27.972385321,190563854736,2476498,0.9837386166666667,59,2.607469
2023-08-05 18:38:28.972915295,190566331234,2985058,1.0004141166666667,60,2.476498
2023-08-05 18:38:29.973485479,190569316292,2834692,1.0170902833333333,61,2.985058
2023-08-05 18:38:30.973977674,190572150984,2595689,1.0337651666666667,62,2.834692
2023-08-05 18:38:31.974462097,190574746673,2455271,1.0504399,63,2.595689
2023-08-05 18:38:32.975005469,190577201944,3047720,1.0671156166666667,64,2.455271
2023-08-05 18:38:33.975467128,190580249664,2501280,1.0837899833333333,65,3.04772
2023-08-05 18:38:34.975748301,190582750944,2543508,1.1004613333333333,66,2.50128
2023-08-05 18:38:35.976317313,190585294452,3778247,1.1171374833333334,67,2.543508
2023-08-05 18:38:36.975683221,190589072699,10054285,1.1337935833333332,68,3.778247
2023-08-05 18:38:37.975950873,190599126984,40822128,1.1504647166666666,69,10.054285
2023-08-05 18:38:38.976264379,190639949112,36082842,1.1671365999999999,70,40.822128
2023-08-05 18:38:39.976906685,190676031954,32374902,1.1838139833333334,71,36.082842
2023-08-05 18:38:40.977282112,190708406856,37914312,1.2004869,72,32.374902
2023-08-05 18:38:41.977679505,190746321168,37750080,1.2171601833333334,73,37.914312
2023-08-05 18:38:42.978395277,190784071248,12076752,1.2338387833333333,74,37.75008
2023-08-05 18:38:43.979476159,190796148000,21341364,1.2505234666666667,75,12.076752
2023-08-05 18:38:44.980165910,190817489364,34890504,1.2672016333333334,76,21.341364
2023-08-05 18:38:45.980894015,190852379868,25905632,1.2838804333333333,77,34.890504
2023-08-05 18:38:46.981777547,190878285500,43161988,1.3005618333333333,78,25.905632
2023-08-05 18:38:47.981916711,190921447488,53583840,1.3172308166666666,79,43.161988
2023-08-05 18:38:48.982190137,190975031328,40556496,1.3339020333333333,80,53.58384
2023-08-05 18:38:49.982735343,191015587824,29154936,1.3505777833333332,81,40.556496
2023-08-05 18:38:50.983084952,191044742760,42924696,1.3672502833333333,82,29.154936
2023-08-05 18:38:51.983437960,191087667456,33443624,1.3839228333333333,83,42.924696
2023-08-05 18:38:52.984414718,191121111080,26096992,1.4006057833333334,84,33.443624
2023-08-05 18:38:53.984829468,191147208072,36588247,1.41727935,85,26.096992
2023-08-05 18:38:54.985739438,191183796319,21844877,1.4339611833333334,86,36.588247
2023-08-05 18:38:55.986228329,191205641196,38561688,1.450636,87,21.844877
2023-08-05 18:38:56.986627883,191244202884,40333752,1.4673093333333334,88,38.561688
2023-08-05 18:38:57.986880046,191284536636,35659104,1.4839802,89,40.333752
2023-08-05 18:38:58.988206900,191320195740,23610804,1.5006689833333333,90,35.659104
2023-08-05 18:38:59.987573434,191343806544,48981384,1.5173250833333334,91,23.610804
2023-08-05 18:39:00.987779939,191392787928,43798812,1.5339952,92,48.981384
2023-08-05 18:39:01.988062604,191436586740,38651436,1.5506665833333335,93,43.798812
2023-08-05 18:39:02.988453079,191475238176,27233892,1.56733975,94,38.651436
2023-08-05 18:39:03.989395506,191502472068,16587552,1.5840221166666666,95,27.233892
2023-08-05 18:39:04.989817693,191519059620,31425804,1.6006958333333332,96,16.587552
2023-08-05 18:39:05.990495223,191550485424,23166022,1.6173737833333335,97,31.425804
2023-08-05 18:39:06.991362164,191573651446,36604286,1.6340549,98,23.166022
2023-08-05 18:39:07.991893461,191610255732,39877164,1.6507304166666665,99,36.604286
2023-08-05 18:39:08.992096529,191650132896,42924072,1.6674004666666666,100,39.877164
2023-08-05 18:39:09.992409587,191693056968,27484674,1.6840723666666666,101,42.924072
2023-08-05 18:39:10.993482670,191720541642,31644106,1.7007569166666667,102,27.484674
2023-08-05 18:39:11.993630984,191752185748,47199812,1.71742605,103,31.644106
2023-08-05 18:39:12.993919577,191799385560,38647716,1.7340975333333333,104,47.199812
2023-08-05 18:39:13.994663768,191838033276,22270096,1.7507765999999998,105,38.647716
2023-08-05 18:39:14.996032500,191860303372,9385662,1.7674660666666666,106,22.270096
2023-08-05 18:39:15.995786237,191869689034,29502466,1.7841286333333335,107,9.385662
2023-08-05 18:39:16.996543071,191899191500,18177856,1.8008079166666666,108,29.502466
2023-08-05 18:39:17.997469165,191917369356,33518844,1.8174900166666668,109,18.177856
2023-08-05 18:39:18.997871597,191950888200,40998720,1.8341634,110,33.518844
2023-08-05 18:39:19.998150808,191991886920,41795976,1.8508347166666668,111,40.99872
2023-08-05 18:39:20.998924293,192033682896,28124736,1.8675142666666666,112,41.795976
2023-08-05 18:39:21.999560523,192061807632,44719392,1.8841915333333332,113,28.124736
2023-08-05 18:39:22.999883672,192106527024,38682060,1.9008636,114,44.719392
2023-08-05 18:39:24.000601203,192145209084,17468406,1.9175422166666667,115,38.68206
2023-08-05 18:39:25.001677450,192162677490,27025182,1.9342268166666665,116,17.468406
2023-08-05 18:39:26.002364284,192189702672,34292652,1.9509049333333333,117,27.025182
2023-08-05 18:39:27.002715840,192223995324,29724756,1.9675774666666668,118,34.292652
2023-08-05 18:39:28.003472944,192253720080,14559144,1.98425675,119,29.724756
2023-08-05 18:39:29.004143105,192268279224,39601344,2.0009345833333336,120,14.559144
2023-08-05 18:39:30.004448482,192307880568,14812020,2.0176063333333336,121,39.601344
2023-08-05 18:39:31.005938638,192322692588,8234172,2.03429785,122,14.81202
2023-08-05 18:39:32.005556416,192330926760,22141660,2.0509581333333333,123,8.234172
2023-08-05 18:39:33.006537715,192353068420,26360264,2.0676411666666668,124,22.14166
2023-08-05 18:39:34.006954124,192379428684,24456156,2.0843147666666666,125,26.360264
2023-08-05 18:39:35.007427544,192403884840,38399280,2.100989333333333,126,24.456156
2023-08-05 18:39:36.007716286,192442284120,27166114,2.1176608,127,38.39928
2023-08-05 18:39:37.009169432,192469450234,26127836,2.1343516833333336,128,27.166114
2023-08-05 18:39:38.008663843,192495578070,30603786,2.1510099333333335,129,26.127836
2023-08-05 18:39:39.009528717,192526181856,14449382,2.1676910166666667,130,30.603786
2023-08-05 18:39:40.010947511,192540631238,2448100,2.184381316666667,131,14.449382
2023-08-05 18:39:41.011315007,192543079338,27005696,2.2010541166666666,132,2.4481
2023-08-05 18:39:42.011067636,192570085034,41444770,2.2177166666666666,133,27.005696
2023-08-05 18:39:43.011475473,192611529804,16829927,2.234390116666667,134,41.44477
2023-08-05 18:39:44.012501428,192628359731,19118143,2.2510738833333335,135,16.829927
2023-08-05 18:39:45.013323491,192647477874,15530502,2.2677542500000003,136,19.118143
2023-08-05 18:39:46.013873109,192663008376,39288409,2.2844300833333335,137,15.530502
2023-08-05 18:39:47.014511892,192702296785,39082067,2.3011074,138,39.288409
2023-08-05 18:39:48.015399916,192741378852,3431316,2.3177888666666666,139,39.082067
2023-08-05 18:39:49.016454329,192744810168,18530820,2.3344731,140,3.431316
2023-08-05 18:39:50.017940215,192763340988,26891724,2.3511645333333333,141,18.53082
2023-08-05 18:39:51.017477504,192790232712,42129384,2.3678234833333334,142,26.891724
2023-08-05 18:39:52.017884337,192832362096,-192821547440,2.3844969333333332,143,42.129384
2023-08-05 18:39:54.019696379,35208070,29724350,2.4178604666666668,145,24.403414
2023-08-05 18:39:55.019929270,64932420,40371648,2.434531016666667,146,29.72435
2023-08-05 18:39:56.020399315,105304068,24492432,2.4512055166666666,147,40.371648
2023-08-05 18:39:57.020946576,129796500,44482008,2.467881316666667,148,24.492432
2023-08-05 18:39:58.021727615,174278508,39160296,2.484561,149,44.482008
2023-08-05 18:39:59.021988007,213438804,48788424,2.501232,150,39.160296
2023-08-05 18:40:00.022126232,262227228,51343488,2.5179009666666667,151,48.788424
2023-08-05 18:40:01.022357250,313570716,42910416,2.534571483333333,152,51.343488
2023-08-05 18:40:02.022760442,356481132,36472092,2.5512448666666665,153,42.910416
2023-08-05 18:40:03.023406444,392953224,34327092,2.5679222999999998,154,36.472092
2023-08-05 18:40:04.024048904,427280316,24756672,2.5845996833333333,155,34.327092
2023-08-05 18:40:05.024791034,452036988,20092258,2.6012787166666667,156,24.756672
2023-08-05 18:40:06.025571240,472129246,32967506,2.6179583833333333,157,20.092258
2023-08-05 18:40:07.026327834,505096752,30387351,2.634637666666667,158,32.967506
2023-08-05 18:40:08.026932027,535484103,43433145,2.6513144,159,30.387351
2023-08-05 18:40:09.027552953,578917248,37021212,2.6679914166666667,160,43.433145
2023-08-05 18:40:10.028060283,615938460,27390372,2.6846665333333335,161,37.021212
2023-08-05 18:40:11.028488532,643328832,18962388,2.70134035,162,27.390372
2023-08-05 18:40:12.028852209,662291220,37189140,2.7180130666666664,163,18.962388
2023-08-05 18:40:13.029156943,699480360,38037252,2.7346848166666664,164,37.18914
2023-08-05 18:40:14.029544140,737517612,36343056,2.7513579333333333,165,38.037252
2023-08-05 18:40:15.029844192,773860668,34357392,2.7680295999999998,166,36.343056
2023-08-05 18:40:16.030201589,808218060,30215376,2.7847022333333333,167,34.357392
2023-08-05 18:40:17.030776285,838433436,14515552,2.801378466666667,168,30.215376
2023-08-05 18:40:18.031620138,852948988,24667376,2.8180592,169,14.515552
2023-08-05 18:40:19.032390029,877616364,31746864,2.8347387,170,24.667376
2023-08-05 18:40:20.032543553,909363228,55642992,2.8514079333333333,171,31.746864
2023-08-05 18:40:21.032712214,965006220,56418828,2.8680773999999998,172,55.642992
2023-08-05 18:40:22.032853620,1021425048,46267740,2.8847464333333335,173,56.418828
2023-08-05 18:40:23.033993362,1067692788,22721028,2.9014320833333334,174,46.26774
2023-08-05 18:40:24.034868254,1090413816,25368756,2.9181133333333333,175,22.721028
2023-08-05 18:40:25.035873471,1115782572,22059312,2.93479675,176,25.368756
2023-08-05 18:40:26.036404896,1137841884,30697560,2.951472283333333,177,22.059312
2023-08-05 18:40:27.036683882,1168539444,34469864,2.9681436,178,30.69756
2023-08-05 18:40:28.037228134,1203009308,43930192,2.9848193333333333,179,34.469864
2023-08-05 18:40:29.037369416,1246939500,31662888,3.0014883500000002,180,43.930192
2023-08-05 18:40:30.038174288,1278602388,28425420,3.0181684333333334,181,31.662888
2023-08-05 18:40:31.038796513,1307027808,35510964,3.034845466666667,182,28.42542
2023-08-05 18:40:32.038933775,1342538772,40099056,3.0515144333333333,183,35.510964
2023-08-05 18:40:33.039709102,1382637828,29899512,3.068194016666667,184,40.099056
2023-08-05 18:40:34.040115655,1412537340,34142004,3.0848674666666667,185,29.899512
2023-08-05 18:40:35.040338873,1446679344,36225540,3.10153785,186,34.142004
2023-08-05 18:40:36.040603735,1482904884,42594732,3.1182089333333334,187,36.22554
2023-08-05 18:40:37.040956102,1525499616,27773856,3.1348814666666667,188,42.594732
2023-08-05 18:40:38.041864600,1553273472,3107562,3.151563283333333,189,27.773856
2023-08-05 18:40:39.043339970,1556381034,25146462,3.168254533333333,190,3.107562
2023-08-05 18:40:40.043284029,1581527496,21491556,3.1849202666666665,191,25.146462
2023-08-05 18:40:41.043959456,1603019052,29430364,3.201598183333333,192,21.491556
2023-08-05 18:40:42.044658678,1632449416,45766532,3.2182765166666667,193,29.430364
2023-08-05 18:40:43.044947089,1678215948,35280624,3.2349479833333334,194,45.766532
2023-08-05 18:40:44.045300650,1713496572,35801868,3.2516205499999997,195,35.280624
2023-08-05 18:40:45.045719057,1749298440,40728696,3.2682941833333334,196,35.801868
2023-08-05 18:40:46.046361197,1790027136,49075488,3.2849715500000003,197,40.728696
2023-08-05 18:40:47.046709291,1839102624,40829616,3.3016440166666663,198,49.075488
2023-08-05 18:40:48.047239638,1879932240,27415564,3.3183195333333333,199,40.829616
2023-08-05 18:40:49.048136422,1907347804,15082816,3.3350011333333334,200,27.415564
2023-08-05 18:40:50.049020822,1922430620,9446016,3.35168255,201,15.082816
2023-08-05 18:40:51.050645696,1931876636,14510603,3.3683763,202,9.446016
2023-08-05 18:40:52.050311631,1946387239,17276609,3.3850374000000003,203,14.510603
2023-08-05 18:40:53.051150166,1963663848,29971128,3.4017180333333332,204,17.276609
2023-08-05 18:40:54.051555602,1993634976,24470976,3.418391466666667,205,29.971128
2023-08-05 18:40:55.051848766,2018105952,41178496,3.4350630166666667,206,24.470976
2023-08-05 18:40:56.052630496,2059284448,36873992,3.4517426999999996,207,41.178496
2023-08-05 18:40:57.052940458,2096158440,47360262,3.468414533333333,208,36.873992
2023-08-05 18:40:58.053361109,2143518702,37868790,3.4850882166666666,209,47.360262
2023-08-05 18:40:59.053704708,2181387492,47522136,3.5017606166666666,210,37.86879
2023-08-05 18:41:00.054117646,2228909628,42204948,3.5184341666666668,211,47.522136
2023-08-05 18:41:01.054334489,2271114576,54362232,3.5351044333333332,212,42.204948
2023-08-05 18:41:02.054622048,2325476808,27227884,3.5517759,213,54.362232
2023-08-05 18:41:03.055551814,2352704692,34454276,3.5684580666666665,214,27.227884
2023-08-05 18:41:04.055900119,2387158968,34916448,3.5851305333333334,215,34.454276
2023-08-05 18:41:05.056255226,2422075416,28992216,3.6018031166666664,216,34.916448
2023-08-05 18:41:06.056973557,2451067632,37584236,3.6184817666666667,217,28.992216
2023-08-05 18:41:07.057316242,2488651868,37223824,3.6351541333333333,218,37.584236
2023-08-05 18:41:08.057693257,2525875692,31037472,3.651827083333333,219,37.223824
2023-08-05 18:41:09.058514612,2556913164,17926174,3.66850745,220,31.037472
2023-08-05 18:41:10.059277670,2574839338,31328306,3.6851868333333333,221,17.926174
2023-08-05 18:41:11.059891336,2606167644,19707192,3.7018637166666664,222,31.328306
2023-08-05 18:41:12.060550568,2625874836,36207096,3.718541383333333,223,19.707192
2023-08-05 18:41:13.061226571,2662081932,31118448,3.7352193166666665,224,36.207096
2023-08-05 18:41:14.062011648,2693200380,23393916,3.7518990666666667,225,31.118448
2023-08-05 18:41:15.062791939,2716594296,20384776,3.7685787333333334,226,23.393916
2023-08-05 18:41:16.063080095,2736979072,17034077,3.7852502,227,20.384776
2023-08-05 18:41:17.064070986,2754013149,19304567,3.8019333833333335,228,17.034077
2023-08-05 18:41:18.064693127,2773317716,24120688,3.8186104166666666,229,19.304567
2023-08-05 18:41:19.065744297,2797438404,26436324,3.8352945999999997,230,24.120688
2023-08-05 18:41:20.065968845,2823874728,48639288,3.8519650166666666,231,26.436324
2023-08-05 18:41:21.066288994,2872514016,48634752,3.868637016666667,232,48.639288
2023-08-05 18:41:22.066574841,2921148768,40626852,3.8853084499999997,233,48.634752
2023-08-05 18:41:23.066746543,2961775620,28265328,3.901977983333333,234,40.626852
2023-08-05 18:41:24.067577251,2990040948,32174820,3.918658483333333,235,28.265328
2023-08-05 18:41:25.067856086,3022215768,44512488,3.9353298,236,32.17482
2023-08-05 18:41:26.068189571,3066728256,38044884,3.9520020333333337,237,44.512488
2023-08-05 18:41:27.068588239,3104773140,27938064,3.968675333333333,238,38.044884
2023-08-05 18:41:28.069184280,3132711204,30797460,3.9853519333333334,239,27.938064
2023-08-05 18:41:29.069523219,3163508664,45593640,4.00202425,240,30.79746
2023-08-05 18:41:30.070194546,3209102304,35693304,4.018702116666667,241,45.59364
2023-08-05 18:41:31.071145507,3244795608,43215468,4.035384616666667,242,35.693304
2023-08-05 18:41:32.071358847,3288011076,34855104,4.05205485,243,43.215468
2023-08-05 18:41:33.071673727,3322866180,28943232,4.068726766666667,244,34.855104
2023-08-05 18:41:34.072306988,3351809412,28191072,4.085403983333333,245,28.943232
2023-08-05 18:41:35.072950953,3380000484,38778816,4.102081383333333,246,28.191072
2023-08-05 18:41:36.073370230,3418779300,39045886,4.118755033333334,247,38.778816
2023-08-05 18:41:37.074118087,3457825186,35713874,4.135434166666666,248,39.045886
2023-08-05 18:41:38.074524242,3493539060,43312896,4.1521076,249,35.713874
2023-08-05 18:41:39.075329382,3536851956,15120312,4.168787683333333,250,43.312896
2023-08-05 18:41:40.076090287,3551972268,34164276,4.1854670333333335,251,15.120312
2023-08-05 18:41:41.076382931,3586136544,26774568,4.202138583333333,252,34.164276
2023-08-05 18:41:42.077259260,3612911112,29101416,4.21881985,253,26.774568
2023-08-05 18:41:43.078018015,3642012528,36448380,4.235499166666667,254,29.101416
2023-08-05 18:41:44.078661307,3678460908,36170546,4.25217655,255,36.44838
2023-08-05 18:41:45.079958970,3714631454,20557594,4.26886485,256,36.170546
2023-08-05 18:41:46.079849431,3735189048,26041152,4.285529683333333,257,20.557594
2023-08-05 18:41:47.080821086,3761230200,28669734,4.302212549999999,258,26.041152
2023-08-05 18:41:48.081510049,3789899934,42973266,4.3188907,259,28.669734
2023-08-05 18:41:49.082173885,3832873200,26442168,4.335568433333333,260,42.973266
2023-08-05 18:41:50.083100332,3859315368,30077924,4.352250533333334,261,26.442168
2023-08-05 18:41:51.084014602,3889393292,28952677,4.36893245,262,30.077924
2023-08-05 18:41:52.084850278,3918345969,13837335,4.385613033333333,263,28.952677
2023-08-05 18:41:53.085238439,3932183304,28983516,4.402286166666667,264,13.837335
2023-08-05 18:41:54.085918184,3961166820,33955356,4.418964166666667,265,28.983516
2023-08-05 18:41:55.086330755,3995122176,35847132,4.435637716666666,266,33.955356
2023-08-05 18:41:56.087105406,4030969308,6517935,4.452317283333333,267,35.847132
2023-08-05 18:41:57.088039387,4037487243,32201127,4.468999516666667,268,6.517935
2023-08-05 18:41:58.088854514,4069688370,31565958,4.485679766666666,269,32.201127
2023-08-05 18:41:59.089350907,4101254328,34657020,4.502354716666667,270,31.565958
2023-08-05 18:42:00.089871508,4135911348,34206480,4.51903005,271,34.65702
2023-08-05 18:42:01.090762538,4170117828,9089040,4.535711583333334,272,34.20648
2023-08-05 18:42:02.091199741,4179206868,43394400,4.552385533333333,273,9.08904
2023-08-05 18:42:03.091412376,4222601268,44706228,4.569055733333333,274,43.3944
2023-08-05 18:42:04.092194919,4267307496,21690732,4.5857354500000005,275,44.706228
2023-08-05 18:42:05.092841247,4288998228,41788380,4.602412883333333,276,21.690732
2023-08-05 18:42:06.092993892,4330786608,50564496,4.6190821,277,41.78838
2023-08-05 18:42:07.093148171,4381351104,50068860,4.635751333333333,278,50.564496
2023-08-05 18:42:08.093351396,4431419964,33364128,4.652421383333333,279,50.06886
2023-08-05 18:42:09.094176381,4464784092,33288132,4.669101800000001,280,33.364128
2023-08-05 18:42:10.094583374,4498072224,40999599,4.685775250000001,281,33.288132
2023-08-05 18:42:11.095262676,4539071823,34695333,4.7024532500000005,282,40.999599
2023-08-05 18:42:12.095903904,4573767156,35486794,4.7191306,283,34.695333
2023-08-05 18:42:13.096095310,4609253950,35273138,4.73580045,284,35.486794
2023-08-05 18:42:14.096416927,4644527088,28495896,4.752472483333333,285,35.273138
2023-08-05 18:42:15.096802683,4673022984,42879300,4.769145583333333,286,28.495896
2023-08-05 18:42:16.096959676,4715902284,46797456,4.785814866666667,287,42.8793
2023-08-05 18:42:17.097100317,4762699740,44292204,4.802483866666666,288,46.797456
2023-08-05 18:42:18.097302523,4806991944,30066172,4.8191539,289,44.292204
2023-08-05 18:42:19.098464686,4837058116,21720164,4.8358399499999996,290,30.066172
2023-08-05 18:42:20.098386469,4858778280,41983044,4.852505300000001,291,21.720164
2023-08-05 18:42:21.098819676,4900761324,37003308,4.8691792000000005,292,41.983044
2023-08-05 18:42:22.099793028,4937764632,29936724,4.8858620833333335,293,37.003308
2023-08-05 18:42:23.100026164,4967701356,47823912,4.902532633333333,294,29.936724
2023-08-05 18:42:24.100254569,5015525268,36595284,4.919203116666667,295,47.823912
2023-08-05 18:42:25.100610703,5052120552,16753632,4.935875716666667,296,36.595284
2023-08-05 18:42:26.101029023,5068874184,18687614,4.95254935,297,16.753632
2023-08-05 18:42:27.101747098,5087561798,32258806,4.969227983333334,298,18.687614
2023-08-05 18:42:28.102174519,5119820604,10712316,4.985901766666667,299,32.258806
2023-08-05 18:42:29.103392413,5130532920,22530640,5.002588733333334,300,10.712316
2023-08-05 18:42:30.103344947,5153063560,43156592,5.019254616666667,301,22.53064
2023-08-05 18:42:31.104170928,5196220152,28510572,5.03593505,302,43.156592
2023-08-05 18:42:32.104914683,5224730724,27452075,5.052614116666667,303,28.510572
2023-08-05 18:42:33.106518118,5252182799,13828931,5.0693075,304,27.452075
2023-08-05 18:42:34.106771452,5266011730,4883951,5.085978383333333,305,13.828931
2023-08-05 18:42:35.106726935,5270895681,20889975,5.102644316666667,306,4.883951
2023-08-05 18:42:36.107118626,5291785656,32680116,5.1193175166666665,307,20.889975
2023-08-05 18:42:37.107560980,5324465772,19392444,5.13599155,308,32.680116
2023-08-05 18:42:38.108221435,5343858216,20598852,5.152669216666666,309,19.392444
2023-08-05 18:42:39.108888866,5364457068,30589752,5.169347016666666,310,20.598852
2023-08-05 18:42:40.109109310,5395046820,28701148,5.18601735,311,30.589752
2023-08-05 18:42:41.109610484,5423747968,11118197,5.202692366666667,312,28.701148
2023-08-05 18:42:42.110583947,5434866165,23000631,5.219375266666666,313,11.118197
2023-08-05 18:42:43.111261856,5457866796,46911048,5.236053233333333,314,23.000631
2023-08-05 18:42:44.111582997,5504777844,47313036,5.25272525,315,46.911048
2023-08-05 18:42:45.111863888,5552090880,27629856,5.269396599999999,316,47.313036
2023-08-05 18:42:46.112301347,5579720736,41072496,5.286070550000001,317,27.629856
2023-08-05 18:42:47.112501990,5620793232,34681362,5.302740566666667,318,41.072496
2023-08-05 18:42:48.113167681,5655474594,37472982,5.319418333333333,319,34.681362
2023-08-05 18:42:49.113512099,5692947576,29925012,5.336090733333333,320,37.472982
2023-08-05 18:42:50.114390811,5722872588,26155524,5.35277205,321,29.925012
2023-08-05 18:42:51.114604640,5749028112,49353156,5.369442283333333,322,26.155524
2023-08-05 18:42:52.114745687,5798381268,48795444,5.3861113,323,49.353156
2023-08-05 18:42:53.114888995,5847176712,33793453,5.4027803500000005,324,48.795444
2023-08-05 18:42:54.115644366,5880970165,28103963,5.4194596,325,33.793453
2023-08-05 18:42:55.115966081,5909074128,48092940,5.436131633333333,326,28.103963
2023-08-05 18:42:56.116177099,5957167068,38973204,5.452801816666667,327,48.09294
2023-08-05 18:42:57.117104990,5996140272,22542792,5.46948395,328,38.973204
2023-08-05 18:42:58.117917328,6018683064,43587960,5.48616415,329,22.542792
2023-08-05 18:42:59.118114305,6062271024,44521512,5.5028341,330,43.58796
2023-08-05 18:43:00.118489182,6106792536,48134700,5.519507016666666,331,44.521512
2023-08-05 18:43:01.118640930,6154927236,38792972,5.536176216666666,332,48.1347
2023-08-05 18:43:02.119494972,6193720208,23315836,5.552857116666667,333,38.792972
2023-08-05 18:43:03.120133687,6217036044,29814828,5.569534433333333,334,23.315836
2023-08-05 18:43:04.120752760,6246850872,34944012,5.586211416666667,335,29.814828
2023-08-05 18:43:05.121115853,6281794884,38909484,5.602884133333333,336,34.944012
2023-08-05 18:43:06.121386883,6320704368,41858364,5.619555316666666,337,38.909484
2023-08-05 18:43:07.122033794,6362562732,27516048,5.636232766666667,338,41.858364
2023-08-05 18:43:08.122524242,6390078780,34676052,5.652907600000001,339,27.516048
2023-08-05 18:43:09.122736988,6424754832,49248860,5.669577816666666,340,34.676052
2023-08-05 18:43:10.123519628,6474003692,40282324,5.686257533333333,341,49.24886
2023-08-05 18:43:11.123650700,6514286016,45575676,5.702926383333334,342,40.282324
2023-08-05 18:43:12.123992866,6559861692,36404384,5.71959875,343,45.575676
2023-08-05 18:43:13.124396484,6596266076,38788600,5.736272133333333,344,36.404384
2023-08-05 18:43:14.124813229,6635054676,29029218,5.752945749999999,345,38.7886
2023-08-05 18:43:15.125460290,6664083894,43261446,5.7696232,346,29.029218
2023-08-05 18:43:16.125772241,6707345340,43592142,5.786295066666667,347,43.261446
2023-08-05 18:43:17.126517692,6750937482,19605975,5.802974166666667,348,43.592142
2023-08-05 18:43:18.127293176,6770543457,38759655,5.81965375,349,19.605975
2023-08-05 18:43:19.127560488,6809303112,33564732,5.836324866666667,350,38.759655
2023-08-05 18:43:20.127992697,6842867844,31272324,5.85299875,351,33.564732
2023-08-05 18:43:21.128318146,6874140168,30836520,5.869670833333333,352,31.272324
2023-08-05 18:43:22.129179588,6904976688,8093502,5.886351866666667,353,30.83652
2023-08-05 18:43:23.130388220,6913070190,24643998,5.903038666666666,354,8.093502
2023-08-05 18:43:24.130075232,6937714188,41386884,5.919700116666666,355,24.643998
2023-08-05 18:43:25.130438059,6979101072,32063070,5.936372833333333,356,41.386884
2023-08-05 18:43:26.131371120,7011164142,31182678,5.953055050000001,357,32.06307
2023-08-05 18:43:27.132118045,7042346820,18274258,5.969734166666667,358,31.182678
2023-08-05 18:43:28.133596845,7060621078,11224298,5.986425483333333,359,18.274258
2023-08-05 18:43:29.133133444,7071845376,32330568,6.003084416666667,360,11.224298
2023-08-05 18:43:30.133515861,7104175944,25121268,6.0197574666666664,361,32.330568
2023-08-05 18:43:31.134503831,7129297212,27947532,6.036440600000001,362,25.121268
2023-08-05 18:43:32.135310263,7157244744,36071940,6.0531207,363,27.947532
2023-08-05 18:43:33.135516252,7193316684,51020640,6.069790800000001,364,36.07194
2023-08-05 18:43:34.135656902,7244337324,20042232,6.086459816666666,365,51.02064
2023-08-05 18:43:35.136108532,7264379556,26154816,6.103134016666667,366,20.042232
2023-08-05 18:43:36.136489148,7290534372,36574662,6.119807016666667,367,26.154816
2023-08-05 18:43:37.137156806,7327109034,44840154,6.136484816666667,368,36.574662
2023-08-05 18:43:38.137838052,7371949188,30689071,6.153162833333334,369,44.840154
2023-08-05 18:43:39.138566143,7402638259,29352677,6.169841633333333,370,30.689071
2023-08-05 18:43:40.139392841,7431990936,42790800,6.186522083333333,371,29.352677
2023-08-05 18:43:41.139672887,7474781736,35312460,6.203193416666666,372,42.7908
2023-08-05 18:43:42.140102891,7510094196,35542052,6.219867249999999,373,35.31246
2023-08-05 18:43:43.141027180,7545636248,14306321,6.236549316666666,374,35.542052
2023-08-05 18:43:44.142103024,7559942569,23482618,6.253233916666667,375,14.306321
2023-08-05 18:43:45.142884665,7583425187,15386533,6.269913616666667,376,23.482618
2023-08-05 18:43:46.143801465,7598811720,32785080,6.28659555,377,15.386533
2023-08-05 18:43:47.144247473,7631596800,29993532,6.30326965,378,32.78508
2023-08-05 18:43:48.145034994,7661590332,30447508,6.319949449999999,379,29.993532
2023-08-05 18:43:49.145367219,7692037840,34872260,6.33662165,380,30.447508
2023-08-05 18:43:50.146028737,7726910100,36553008,6.35329935,381,34.87226
2023-08-05 18:43:51.146239973,7763463108,49379676,6.369969533333333,382,36.553008
2023-08-05 18:43:52.146645506,7812842784,32901612,6.38664295,383,49.379676
2023-08-05 18:43:53.147076521,7845744396,17127828,6.4033168,384,32.901612
2023-08-05 18:43:54.147632252,7862872224,37111477,6.419992733333333,385,17.127828
2023-08-05 18:43:55.148172936,7899983701,36794051,6.436668416666667,386,37.111477
2023-08-05 18:43:56.148796640,7936777752,33878040,6.453345483333334,387,36.794051
2023-08-05 18:43:57.149471892,7970655792,25947870,6.4700234000000005,388,33.87804
2023-08-05 18:43:58.150301873,7996603662,25839066,6.486703899999999,389,25.94787
2023-08-05 18:43:59.151187043,8022442728,28490568,6.503385316666667,390,25.839066
2023-08-05 18:44:00.151710876,8050933296,40553976,6.520060716666666,391,28.490568
2023-08-05 18:44:01.152395322,8091487272,29363364,6.536738783333333,392,40.553976
2023-08-05 18:44:02.153295572,8120850636,25120272,6.553420466666666,393,29.363364
2023-08-05 18:44:03.154141576,8145970908,23087388,6.570101233333333,394,25.120272
2023-08-05 18:44:04.155080890,8169058296,20033283,6.586783550000001,395,23.087388
2023-08-05 18:44:05.155940486,8189091579,26804937,6.603464533333334,396,20.033283
2023-08-05 18:44:06.156373035,8215896516,32109994,6.620138416666666,397,26.804937
2023-08-05 18:44:07.157268414,8248006510,30234674,6.63682,398,32.109994
2023-08-05 18:44:08.157609258,8278241184,30080552,6.65349235,399,30.234674
2023-08-05 18:44:09.158521244,8308321736,40977784,6.670174216666666,400,30.080552
2023-08-05 18:44:10.159210164,8349299520,18827688,6.686852366666667,401,40.977784
2023-08-05 18:44:11.160272240,8368127208,12628452,6.703536733333333,402,18.827688
2023-08-05 18:44:12.160722756,8380755660,41159376,6.720210916666667,403,12.628452
2023-08-05 18:44:13.161439797,8421915036,17266788,6.736889533333334,404,41.159376
2023-08-05 18:44:14.162274765,8439181824,44193616,6.753570116666666,405,17.266788
2023-08-05 18:44:15.162412810,8483375440,51142184,6.770239083333333,406,44.193616
2023-08-05 18:44:16.162620316,8534517624,35154636,6.7869092,407,51.142184
2023-08-05 18:44:17.163057432,8569672260,19649988,6.80358315,408,35.154636
2023-08-05 18:44:18.163607334,8589322248,14823924,6.820258983333333,409,19.649988
2023-08-05 18:44:19.164627931,8604146172,21979840,6.836942666666667,410,14.823924
2023-08-05 18:44:20.165010797,8626126012,29264264,6.853615716666667,411,21.97984
2023-08-05 18:44:21.165496202,8655390276,21962636,6.870290466666666,412,29.264264
2023-08-05 18:44:22.166888220,8677352912,22030102,6.886980333333333,413,21.962636
2023-08-05 18:44:23.166302640,8699383014,30088758,6.90363725,414,22.030102
2023-08-05 18:44:24.167126921,8729471772,32385924,6.92031765,415,30.088758
2023-08-05 18:44:25.167839898,8761857696,27981359,6.936996199999999,416,32.385924
2023-08-05 18:44:26.168595849,8789839055,31066485,6.953675466666667,417,27.981359
2023-08-05 18:44:27.169447127,8820905540,25447504,6.970356316666667,418,31.066485
2023-08-05 18:44:28.169863122,8846353044,47848644,6.987029916666667,419,25.447504
2023-08-05 18:44:29.170141033,8894201688,43810620,7.003701216666667,420,47.848644
2023-08-05 18:44:30.170535581,8938012308,13801026,7.0203744666666665,421,43.81062
2023-08-05 18:44:31.170987203,8951813334,21783570,7.03704865,422,13.801026
2023-08-05 18:44:32.171549332,8973596904,26905944,7.053724683333333,423,21.78357
2023-08-05 18:44:33.172468550,9000502848,36384480,7.070406683333333,424,26.905944
2023-08-05 18:44:34.172850599,9036887328,25754676,7.087079716666667,425,36.38448
2023-08-05 18:44:35.173627732,9062642004,18980844,7.103759333333333,426,25.754676
2023-08-05 18:44:36.174830575,9081622848,5004228,7.12044605,427,18.980844
2023-08-05 18:44:37.174371630,9086627076,37057258,7.137105066666667,428,5.004228
2023-08-05 18:44:38.175088465,9123684334,33463454,7.1537836666666665,429,37.057258
2023-08-05 18:44:39.175606817,9157147788,22751940,7.170458983333333,430,33.463454
2023-08-05 18:44:40.176123870,9179899728,24095616,7.187134266666666,431,22.75194
2023-08-05 18:44:41.176878514,9203995344,26386968,7.2038135,432,24.095616
2023-08-05 18:44:42.178275105,9230382312,19644176,7.22050345,433,26.386968
2023-08-05 18:44:43.178317941,9250026488,21389896,7.237170833333334,434,19.644176
2023-08-05 18:44:44.178686474,9271416384,26932200,7.253843633333333,435,21.389896
2023-08-05 18:44:45.179568580,9298348584,8329458,7.270525016666666,436,26.9322
2023-08-05 18:44:46.180180093,9306678042,28214490,7.287201866666666,437,8.329458
2023-08-05 18:44:47.180459088,9334892532,29460252,7.303873183333334,438,28.21449
2023-08-05 18:44:48.180885361,9364352784,26505660,7.32054695,439,29.460252
2023-08-05 18:44:49.181487144,9390858444,19196476,7.33722365,440,26.50566
2023-08-05 18:44:50.182674282,9410054920,16918664,7.353910099999999,441,19.196476
2023-08-05 18:44:51.182375827,9426973584,32035308,7.3705718,442,16.918664
2023-08-05 18:44:52.183131569,9459008892,16427508,7.387251066666667,443,32.035308
2023-08-05 18:44:53.183958025,9475436400,30379704,7.4039315,444,16.427508
2023-08-05 18:44:54.184770937,9505816104,24329292,7.4206117166666665,445,30.379704
2023-08-05 18:44:55.185218711,9530145396,20061037,7.437285849999999,446,24.329292
2023-08-05 18:44:56.186250100,9550206433,2897111,7.4539697,447,20.061037
2023-08-05 18:44:57.187718174,9553103544,14201448,7.470660833333333,448,2.897111
2023-08-05 18:44:58.187247092,9567304992,29907408,7.48731965,449,14.201448
2023-08-05 18:44:59.187598085,9597212400,24986796,7.5039921666666665,450,29.907408
2023-08-05 18:45:00.187984501,9622199196,13447920,7.520665266666667,451,24.986796
2023-08-05 18:45:01.188375398,9635647116,38200644,7.537338449999999,452,13.44792
2023-08-05 18:45:02.188649810,9673847760,25254528,7.5540097,453,38.200644
2023-08-05 18:45:03.189930800,9699102288,12005508,7.570697716666667,454,25.254528
2023-08-05 18:45:04.189779538,9711107796,21171018,7.587361866666667,455,12.005508
2023-08-05 18:45:05.190770338,9732278814,10497961,7.604045033333334,456,21.171018
2023-08-05 18:45:06.191658882,9742776775,35826589,7.620726516666666,457,10.497961
2023-08-05 18:45:07.192267602,9778603364,15777424,7.637403333333333,458,35.826589
2023-08-05 18:45:08.193214817,9794380788,24555444,7.654085783333333,459,15.777424
2023-08-05 18:45:09.194087790,9818936232,29517042,7.670767,460,24.555444
2023-08-05 18:45:10.194525122,9848453274,33469950,7.68744095,461,29.517042
2023-08-05 18:45:11.194875116,9881923224,35250816,7.7041134499999995,462,33.46995
2023-08-05 18:45:12.195668265,9917174040,44410932,7.720793333333333,463,35.250816
2023-08-05 18:45:13.195933975,9961584972,23235856,7.737464433333333,464,44.410932
2023-08-05 18:45:14.197442493,9984820828,12868925,7.754156233333333,465,23.235856
2023-08-05 18:45:15.197565260,9997689753,17524650,7.770824950000001,466,12.868925
2023-08-05 18:45:16.199091410,10015214403,8665050,7.78751705,467,17.52465
2023-08-05 18:45:17.199660425,10023879453,10364607,7.8041932,468,8.66505
2023-08-05 18:45:18.199715816,10034244060,22859760,7.8208608,469,10.364607
2023-08-05 18:45:19.200650143,10057103820,9891498,7.837543033333334,470,22.85976
2023-08-05 18:45:20.201866592,10066995318,2677606,7.854229983333334,471,9.891498
2023-08-05 18:45:21.202405781,10069672924,2931854,7.870905633333334,472,2.677606
2023-08-05 18:45:22.202062682,10072604778,22433262,7.887566583333333,473,2.931854
2023-08-05 18:45:23.202506493,10095038040,11966727,7.904240633333333,474,22.433262
2023-08-05 18:45:24.203913709,10107004767,13810335,7.920930766666667,475,11.966727
2023-08-05 18:45:25.204006555,10120815102,19229641,7.937598983333333,476,13.810335
2023-08-05 18:45:26.205524975,10140044743,19354097,7.95429095,477,19.229641
2023-08-05 18:45:27.205576376,10159398840,29490156,7.970958466666667,478,19.354097
2023-08-05 18:45:28.206220698,10188888996,39926296,7.987635883333334,479,29.490156
2023-08-05 18:45:29.206728846,10228815292,39923444,8.004311016666668,480,39.926296
2023-08-05 18:45:30.207059065,10268738736,22199936,8.020983183333334,481,39.923444
2023-08-05 18:45:31.207998751,10290938672,16555040,8.037665516666667,482,22.199936
2023-08-05 18:45:32.208910562,10307493712,9359156,8.054347383333333,483,16.55504
2023-08-05 18:45:33.210277345,10316852868,2725112,8.071036816666666,484,9.359156
2023-08-05 18:45:34.210811646,10319577980,2528336,8.0877124,485,2.725112
2023-08-05 18:45:35.211387173,10322106316,2666216,8.10438865,486,2.528336
2023-08-05 18:45:36.211987390,10324772532,8777484,8.121065316666666,487,2.666216
2023-08-05 18:45:37.211378773,10333550016,2752272,8.13772185,488,8.777484
2023-08-05 18:45:38.212530133,10336302288,2517168,8.1544077,489,2.752272
2023-08-05 18:45:39.214178500,10338819456,2695392,8.171101833333333,490,2.517168
2023-08-05 18:45:40.213815294,10341514848,2726113,8.18776245,491,2.695392
2023-08-05 18:45:41.215414309,10344240961,2768561,8.204455766666666,492,2.726113
2023-08-05 18:45:42.216044534,10347009522,2669026,8.22113295,493,2.768561
2023-08-05 18:45:43.216606435,10349678548,2521668,8.237808966666666,494,2.669026
2023-08-05 18:45:44.217191155,10352200216,2990648,8.254485383333334,495,2.521668
2023-08-05 18:45:45.217119634,10355190864,2628348,8.271150866666666,496,2.990648
2023-08-05 18:45:46.218600939,10357819212,2958408,8.287842216666666,497,2.628348
2023-08-05 18:45:47.219006169,10360777620,2782542,8.304515633333333,498,2.958408
2023-08-05 18:45:48.219225878,10363560162,2614669,8.321185966666667,499,2.782542
2023-08-05 18:45:49.219704212,10366174831,2698931,8.3378606,500,2.614669
2023-08-05 18:45:50.219984185,10368873762,2683236,8.354531933333332,501,2.698931
2023-08-05 18:45:51.220492079,10371556998,2729157,8.371207066666667,502,2.683236
2023-08-05 18:45:52.221023926,10374286155,3331021,8.387882600000001,503,2.729157
2023-08-05 18:45:53.220698846,10377617176,2591918,8.40454385,504,3.331021
2023-08-05 18:45:54.222126499,10380209094,2433151,8.4212343,505,2.591918
2023-08-05 18:45:55.222579025,10382642245,2639781,8.437908516666667,506,2.433151
2023-08-05 18:45:56.223111387,10385282026,2797750,8.45458405,507,2.639781
2023-08-05 18:45:57.223699810,10388079776,2538181,8.471260533333332,508,2.79775
2023-08-05 18:45:58.224213033,10390617957,2465713,8.48793575,509,2.538181
2023-08-05 18:45:59.224662487,10393083670,2673746,8.5046099,510,2.465713
2023-08-05 18:46:00.224366246,10395757416,2921281,8.521271633333333,511,2.673746
2023-08-05 18:46:01.225727630,10398678697,2557094,8.537961,512,2.921281
2023-08-05 18:46:02.226088446,10401235791,2685152,8.554633666666666,513,2.557094
2023-08-05 18:46:03.226666650,10403920943,2504893,8.571309983333332,514,2.685152
2023-08-05 18:46:04.227185302,10406425836,2495424,8.587985283333333,515,2.504893
2023-08-05 18:46:05.227809672,10408921260,2509182,8.604662366666668,516,2.495424
2023-08-05 18:46:06.228149487,10411430442,2858340,8.621334683333334,517,2.509182
2023-08-05 18:46:07.228625900,10414288782,2858340,8.6380093,518,2.85834
