timestamp,load_avg_1minute,cpu_pct,hw_cpu_hz_mean,hw_cpu_hz_max,hw_cpu_hz_min,hw_cpu_hz_std,hw_cpu0_hz,hw_cpu1_hz,hw_cpu2_hz,hw_cpu3_hz,hw_cpu4_hz,hw_cpu5_hz,hw_cpu6_hz,hw_cpu7_hz,hw_cpu8_hz,hw_cpu9_hz,hw_cpu10_hz,hw_cpu11_hz,kern_cpu_hz_mean,kern_cpu_hz_max,kern_cpu_hz_min,kern_cpu_hz_std,kern_cpu0_hz,kern_cpu1_hz,kern_cpu2_hz,kern_cpu3_hz,kern_cpu4_hz,kern_cpu5_hz,kern_cpu6_hz,kern_cpu7_hz,kern_cpu8_hz,kern_cpu9_hz,kern_cpu10_hz,kern_cpu11_hz
2023-04-07 20:09:52.912815901,1.81,5.0,0.0,0.0,0.0,0.0,0.0,0.0,0.0,0.0,0.0,0.0,0.0,0.0,0.0,0.0,0.0,0.0,2193432.25,1028691.0,3924922.0,957276.508167148,1816658.0,3897189.0,1453794.0,3281877.0,2312958.0,3924922.0,2044916.0,2103824.0,1028691.0,1813707.0,1600282.0,1042369.0
2023-04-07 20:09:54.928805806,1.67,7.0,0.0,0.0,0.0,0.0,0.0,0.0,0.0,0.0,0.0,0.0,0.0,0.0,0.0,0.0,0.0,0.0,1921214.4166666667,907536.0,3040447.0,690000.3828042969,1487274.0,1280235.0,1291226.0,3040447.0,907536.0,2818288.0,1950171.0,2117025.0,1923072.0,1209449.0,2078223.0,2951627.0
2023-04-07 20:09:56.924835973,1.67,8.0,0.0,0.0,0.0,0.0,0.0,0.0,0.0,0.0,0.0,0.0,0.0,0.0,0.0,0.0,0.0,0.0,2038636.5833333333,964906.0,4020901.0,1086319.5566877378,985653.0,1434089.0,1048267.0,3507991.0,2304119.0,4020901.0,1054401.0,964906.0,3299977.0,2992671.0,1718657.0,1132007.0
2023-04-07 20:09:58.916817991,1.67,7.0,0.0,0.0,0.0,0.0,0.0,0.0,0.0,0.0,0.0,0.0,0.0,0.0,0.0,0.0,0.0,0.0,1938899.0833333333,872201.0,3863188.0,880758.4343463554,990149.0,2674813.0,2803035.0,1640515.0,1872006.0,2480515.0,3863188.0,2155549.0,1958035.0,872201.0,965032.0,991751.0
2023-04-07 20:10:00.920839087,1.53,7.0,0.0,0.0,0.0,0.0,0.0,0.0,0.0,0.0,0.0,0.0,0.0,0.0,0.0,0.0,0.0,0.0,2186724.75,944593.0,4029073.0,1141461.6066905276,1460928.0,1452027.0,3011357.0,1144242.0,944593.0,2231238.0,1564966.0,1071615.0,4029073.0,1546192.0,3842774.0,3941692.0
2023-04-07 20:10:02.916805492,1.53,7.0,0.0,0.0,0.0,0.0,0.0,0.0,0.0,0.0,0.0,0.0,0.0,0.0,0.0,0.0,0.0,0.0,2199785.5,1125231.0,3322637.0,693192.0295351666,1711356.0,2153390.0,2252454.0,2834305.0,1179279.0,1806143.0,2318892.0,3089861.0,2885435.0,3322637.0,1125231.0,1718443.0
2023-04-07 20:10:04.920818348,1.49,7.0,0.0,0.0,0.0,0.0,0.0,0.0,0.0,0.0,0.0,0.0,0.0,0.0,0.0,0.0,0.0,0.0,2094419.3333333333,907628.0,3812093.0,1052521.9953434337,1419402.0,1300935.0,1972288.0,3690833.0,2700250.0,3051288.0,1210493.0,3812093.0,1106069.0,907628.0,927439.0,3034314.0
2023-04-07 20:10:06.936840625,1.49,7.0,0.0,0.0,0.0,0.0,0.0,0.0,0.0,0.0,0.0,0.0,0.0,0.0,0.0,0.0,0.0,0.0,2299814.4166666665,957771.0,3939082.0,1024236.6162043528,1889917.0,3001476.0,957771.0,2951574.0,1448480.0,968463.0,1833938.0,1169639.0,2966245.0,3939082.0,2592083.0,3879105.0
2023-04-07 20:10:08.924807206,1.49,7.0,0.0,0.0,0.0,0.0,0.0,0.0,0.0,0.0,0.0,0.0,0.0,0.0,0.0,0.0,0.0,0.0,1541054.5833333333,952001.0,2482505.0,376175.6733334968,1291995.0,1352224.0,1513104.0,2482505.0,1545255.0,1440351.0,1220660.0,2020742.0,1443290.0,1577633.0,952001.0,1652895.0
2023-04-07 20:10:10.924831805,1.53,7.0,0.0,0.0,0.0,0.0,0.0,0.0,0.0,0.0,0.0,0.0,0.0,0.0,0.0,0.0,0.0,0.0,1504950.8333333333,848484.0,2698823.0,565690.8500861039,1195318.0,983953.0,848484.0,2698823.0,1319768.0,1480980.0,1386363.0,1324959.0,1637491.0,1459788.0,1067717.0,2655766.0
2023-04-07 20:10:12.912828454,1.53,7.0,0.0,0.0,0.0,0.0,0.0,0.0,0.0,0.0,0.0,0.0,0.0,0.0,0.0,0.0,0.0,0.0,2260566.9166666665,898008.0,3998374.0,1146975.2036384991,1528014.0,1905699.0,1003654.0,898008.0,3327216.0,3945222.0,1520467.0,3998374.0,1190083.0,3931242.0,1958997.0,1919827.0
2023-04-07 20:10:14.912832250,1.49,7.0,0.0,0.0,0.0,0.0,0.0,0.0,0.0,0.0,0.0,0.0,0.0,0.0,0.0,0.0,0.0,0.0,2239505.75,1008166.0,4014190.0,872401.5302961251,2005750.0,1876641.0,1294623.0,1008166.0,2328556.0,4014190.0,1720368.0,1963063.0,1466232.0,3240203.0,2563508.0,3392769.0
2023-04-07 20:10:16.948800486,1.49,6.0,0.0,0.0,0.0,0.0,0.0,0.0,0.0,0.0,0.0,0.0,0.0,0.0,0.0,0.0,0.0,0.0,2164641.583333333,1029418.0,4010539.0,1094708.9909354493,1532081.0,1143982.0,1182982.0,1466205.0,1683637.0,1378279.0,3971130.0,4010539.0,2410824.0,3765070.0,1029418.0,2401552.0
2023-04-07 20:10:18.936811020,1.49,7.0,0.0,0.0,0.0,0.0,0.0,0.0,0.0,0.0,0.0,0.0,0.0,0.0,0.0,0.0,0.0,0.0,1990608.25,973482.0,3941246.0,1014467.5702784626,3941246.0,1454064.0,1143378.0,973482.0,2019913.0,2660274.0,1347295.0,1563656.0,1115907.0,2718478.0,1115523.0,3834083.0
2023-04-07 20:10:20.916834649,1.45,7.0,0.0,0.0,0.0,0.0,0.0,0.0,0.0,0.0,0.0,0.0,0.0,0.0,0.0,0.0,0.0,0.0,2219719.083333333,948709.0,4009987.0,1124709.5728064985,1243370.0,1226883.0,1379974.0,1692746.0,2513384.0,3863094.0,2162878.0,3904088.0,971019.0,948709.0,2720497.0,4009987.0
2023-04-07 20:10:22.932806453,1.45,7.0,0.0,0.0,0.0,0.0,0.0,0.0,0.0,0.0,0.0,0.0,0.0,0.0,0.0,0.0,0.0,0.0,1777446.8333333333,863366.0,3447201.0,749696.571337457,1655953.0,1510382.0,1768888.0,3447201.0,2620713.0,2817894.0,931834.0,863366.0,1402281.0,1585863.0,1408556.0,1316431.0
2023-04-07 20:10:24.932803646,1.41,7.0,0.0,0.0,0.0,0.0,0.0,0.0,0.0,0.0,0.0,0.0,0.0,0.0,0.0,0.0,0.0,0.0,1987448.0,1047153.0,3967748.0,946271.2816026914,1047153.0,2931581.0,1445432.0,1110087.0,2193940.0,3967748.0,1342913.0,1152654.0,2413766.0,1882576.0,1048940.0,3312586.0
2023-04-07 20:10:26.924810530,1.41,7.0,0.0,0.0,0.0,0.0,0.0,0.0,0.0,0.0,0.0,0.0,0.0,0.0,0.0,0.0,0.0,0.0,2567742.75,1100869.0,4065727.0,1218707.282094031,1170778.0,3090280.0,1171265.0,1100869.0,3317202.0,3917781.0,2824061.0,3999045.0,1342248.0,3671808.0,1141849.0,4065727.0
2023-04-07 20:10:28.932829045,1.41,7.0,0.0,0.0,0.0,0.0,0.0,0.0,0.0,0.0,0.0,0.0,0.0,0.0,0.0,0.0,0.0,0.0,2887669.75,1037272.0,4050897.0,1211128.8217735912,1828381.0,3988942.0,1037272.0,2271443.0,3440745.0,3861382.0,1333288.0,1086936.0,3945620.0,4050897.0,3987823.0,3819308.0
2023-04-07 20:10:30.924822018,1.38,7.0,0.0,0.0,0.0,0.0,0.0,0.0,0.0,0.0,0.0,0.0,0.0,0.0,0.0,0.0,0.0,0.0,1776550.0,835593.0,3529981.0,836550.8653445208,931864.0,1607874.0,1169118.0,951180.0,2659082.0,2197894.0,1274646.0,3529981.0,1523889.0,1691980.0,835593.0,2945499.0
2023-04-07 20:10:32.916832163,1.38,8.0,0.0,0.0,0.0,0.0,0.0,0.0,0.0,0.0,0.0,0.0,0.0,0.0,0.0,0.0,0.0,0.0,1597295.0833333333,977434.0,2909049.0,506006.630208778,2909049.0,1182416.0,1507562.0,1753791.0,1525806.0,1674572.0,1458596.0,2222217.0,977434.0,1576355.0,1259316.0,1120427.0
2023-04-07 20:10:34.940825011,1.35,7.0,0.0,0.0,0.0,0.0,0.0,0.0,0.0,0.0,0.0,0.0,0.0,0.0,0.0,0.0,0.0,0.0,2244441.5,921991.0,3562445.0,974868.0791224608,1057519.0,3148375.0,1304257.0,1464215.0,2135104.0,3562445.0,3427883.0,3344935.0,3154852.0,921991.0,1995053.0,1416669.0
2023-04-07 20:10:36.928819818,1.35,7.0,0.0,0.0,0.0,0.0,0.0,0.0,0.0,0.0,0.0,0.0,0.0,0.0,0.0,0.0,0.0,0.0,2735097.4166666665,1226408.0,4049915.0,1107397.797301137,1891106.0,3622747.0,1281666.0,1226408.0,3983547.0,3166250.0,1673838.0,1911154.0,3998755.0,3957372.0,2058411.0,4049915.0
2023-04-07 20:10:38.924832474,1.35,7.0,0.0,0.0,0.0,0.0,0.0,0.0,0.0,0.0,0.0,0.0,0.0,0.0,0.0,0.0,0.0,0.0,2398337.25,975087.0,3970655.0,1206325.1703944453,999488.0,1614397.0,1088710.0,1692498.0,3968048.0,3789071.0,3607327.0,3970655.0,1243482.0,3390752.0,975087.0,2440532.0
2023-04-07 20:10:40.944812922,1.24,7.0,0.0,0.0,0.0,0.0,0.0,0.0,0.0,0.0,0.0,0.0,0.0,0.0,0.0,0.0,0.0,0.0,2991519.0,1036447.0,4027941.0,1121000.5510938284,3511649.0,4002206.0,1036447.0,1327380.0,1622843.0,3943929.0,2693348.0,3989087.0,2078652.0,4027941.0,3761507.0,3903239.0
2023-04-07 20:10:42.944820448,1.24,7.0,0.0,0.0,0.0,0.0,0.0,0.0,0.0,0.0,0.0,0.0,0.0,0.0,0.0,0.0,0.0,0.0,2829901.583333333,1425438.0,4058958.0,1183849.4891637375,1767587.0,3965887.0,1425438.0,1715137.0,1461170.0,1745507.0,3974600.0,3998321.0,4038312.0,1791044.0,4058958.0,4016858.0
2023-04-07 20:10:44.944805462,1.14,7.0,0.0,0.0,0.0,0.0,0.0,0.0,0.0,0.0,0.0,0.0,0.0,0.0,0.0,0.0,0.0,0.0,2462219.25,900417.0,4022082.0,992674.8685238556,3225378.0,2887292.0,2185115.0,2849676.0,1458191.0,963159.0,1888627.0,4022082.0,3841716.0,2218110.0,900417.0,3106868.0
2023-04-07 20:10:46.940803195,1.14,7.0,0.0,0.0,0.0,0.0,0.0,0.0,0.0,0.0,0.0,0.0,0.0,0.0,0.0,0.0,0.0,0.0,2409394.333333333,947242.0,4054703.0,1259205.0580334626,2252083.0,947242.0,1617791.0,4036621.0,1708203.0,1317777.0,2865103.0,4021943.0,4023279.0,4054703.0,1076592.0,991395.0
2023-04-07 20:10:48.952835929,1.14,7.0,0.0,0.0,0.0,0.0,0.0,0.0,0.0,0.0,0.0,0.0,0.0,0.0,0.0,0.0,0.0,0.0,2375891.9166666665,970170.0,3935576.0,1106712.6806139627,1011555.0,3935576.0,1178887.0,1732941.0,1704660.0,2011502.0,2490148.0,3809896.0,2149965.0,3586132.0,3929271.0,970170.0
2023-04-07 20:10:50.960832496,1.13,7.0,0.0,0.0,0.0,0.0,0.0,0.0,0.0,0.0,0.0,0.0,0.0,0.0,0.0,0.0,0.0,0.0,2099543.25,844757.0,4021619.0,1153561.7744425396,3958442.0,2155748.0,1228719.0,1170065.0,977991.0,4021619.0,1842898.0,3957508.0,1596786.0,2108583.0,844757.0,1331403.0
2023-04-07 20:10:52.936802907,1.13,7.0,0.0,0.0,0.0,0.0,0.0,0.0,0.0,0.0,0.0,0.0,0.0,0.0,0.0,0.0,0.0,0.0,2264185.6666666665,904221.0,4019260.0,1131134.753802447,1592635.0,1903993.0,1088300.0,4019260.0,1454698.0,904221.0,3831834.0,3140965.0,2499300.0,983492.0,1842487.0,3909043.0
2023-04-07 20:10:54.924801631,1.12,6.0,0.0,0.0,0.0,0.0,0.0,0.0,0.0,0.0,0.0,0.0,0.0,0.0,0.0,0.0,0.0,0.0,1959993.3333333333,845862.0,3960621.0,1115737.3377741685,1488806.0,3960621.0,1030831.0,856518.0,1310392.0,949801.0,1341261.0,2461869.0,845862.0,3279246.0,2154217.0,3840496.0
2023-04-07 20:10:56.944879904,1.12,6.0,0.0,0.0,0.0,0.0,0.0,0.0,0.0,0.0,0.0,0.0,0.0,0.0,0.0,0.0,0.0,0.0,1977590.3333333333,908358.0,3750688.0,741628.7726578949,1894283.0,2674275.0,1765389.0,1529717.0,996331.0,908358.0,2063332.0,2204258.0,1379368.0,3750688.0,2213135.0,2351950.0
2023-04-07 20:10:58.944835051,1.12,6.0,0.0,0.0,0.0,0.0,0.0,0.0,0.0,0.0,0.0,0.0,0.0,0.0,0.0,0.0,0.0,0.0,1520924.3333333333,922305.0,3065807.0,662063.7262824897,1183764.0,922305.0,1427172.0,972259.0,1577857.0,3065807.0,1955518.0,2618758.0,1183707.0,1031058.0,963177.0,1349710.0
2023-04-07 20:11:00.708888233,1.11,14.0,0.0,0.0,0.0,0.0,0.0,0.0,0.0,0.0,0.0,0.0,0.0,0.0,0.0,0.0,0.0,0.0,4063153.0833333335,3989782.0,4091812.0,31293.3485623232,3989782.0,4089167.0,4056347.0,4041546.0,4076348.0,4091812.0,4089506.0,4090656.0,4073811.0,4072939.0,4013747.0,4072176.0
2023-04-07 20:11:02.691488721,1.11,42.0,0.0,0.0,0.0,0.0,0.0,0.0,0.0,0.0,0.0,0.0,0.0,0.0,0.0,0.0,0.0,0.0,4082042.8333333335,4043587.0,4100000.0,15344.192391223753,4092594.0,4086290.0,4078399.0,4093483.0,4079935.0,4088977.0,4093352.0,4100000.0,4088444.0,4080350.0,4043587.0,4059103.0
2023-04-07 20:11:04.712915094,1.74,58.0,0.0,0.0,0.0,0.0,0.0,0.0,0.0,0.0,0.0,0.0,0.0,0.0,0.0,0.0,0.0,0.0,4064712.5833333335,3824695.0,4096854.0,72608.39452668716,4083174.0,4077169.0,4088972.0,4086378.0,4092840.0,4096854.0,4076109.0,3824695.0,4089515.0,4092514.0,4085261.0,4083070.0
2023-04-07 20:11:06.888863142,1.74,61.0,0.0,0.0,0.0,0.0,0.0,0.0,0.0,0.0,0.0,0.0,0.0,0.0,0.0,0.0,0.0,0.0,4080698.0833333335,4044894.0,4099998.0,14903.921857788157,4092802.0,4044894.0,4086023.0,4079518.0,4070527.0,4084459.0,4060946.0,4099998.0,4097270.0,4087645.0,4082251.0,4082044.0
2023-04-07 20:11:08.940809823,1.74,68.0,0.0,0.0,0.0,0.0,0.0,0.0,0.0,0.0,0.0,0.0,0.0,0.0,0.0,0.0,0.0,0.0,4041315.6666666665,3502539.0,4100000.0,162596.2060167935,3502539.0,4088664.0,4084278.0,4083725.0,4089131.0,4090559.0,4094495.0,4100000.0,4077214.0,4085183.0,4100000.0,4100000.0
2023-04-07 20:11:10.940839095,2.08,31.0,0.0,0.0,0.0,0.0,0.0,0.0,0.0,0.0,0.0,0.0,0.0,0.0,0.0,0.0,0.0,0.0,3635629.6666666665,1516152.0,4100003.0,801465.1510098379,4095776.0,4100000.0,1516152.0,4057175.0,4089550.0,2577009.0,4100003.0,4100000.0,2972876.0,4001831.0,3982662.0,4034522.0
2023-04-07 20:11:12.948833297,2.08,30.0,0.0,0.0,0.0,0.0,0.0,0.0,0.0,0.0,0.0,0.0,0.0,0.0,0.0,0.0,0.0,0.0,3861901.9166666665,2299592.0,4100000.0,486678.81653431663,3864917.0,4010284.0,3743257.0,3801217.0,4082310.0,4083209.0,4084865.0,4100000.0,2299592.0,4081063.0,4092109.0,4100000.0
2023-04-07 20:11:14.948842672,2.24,36.0,0.0,0.0,0.0,0.0,0.0,0.0,0.0,0.0,0.0,0.0,0.0,0.0,0.0,0.0,0.0,0.0,3758470.3333333335,1254052.0,4100002.0,803433.5736155929,4053883.0,4074759.0,4082429.0,4071921.0,4069226.0,1254052.0,4046982.0,3081112.0,4100002.0,4100000.0,4089517.0,4077761.0
2023-04-07 20:11:16.936821722,2.24,27.0,0.0,0.0,0.0,0.0,0.0,0.0,0.0,0.0,0.0,0.0,0.0,0.0,0.0,0.0,0.0,0.0,2887904.75,878357.0,4100000.0,1296303.7000167132,4100000.0,4100000.0,2061647.0,4043541.0,991501.0,3995941.0,3328495.0,3945070.0,878357.0,3994593.0,2123798.0,1091914.0
2023-04-07 20:11:18.960820315,2.24,18.0,0.0,0.0,0.0,0.0,0.0,0.0,0.0,0.0,0.0,0.0,0.0,0.0,0.0,0.0,0.0,0.0,3806236.3333333335,2109414.0,4100000.0,580726.3223523529,3073409.0,3887357.0,2109414.0,4016490.0,4099899.0,4080292.0,4091488.0,4033379.0,4008102.0,4075006.0,4100000.0,4100000.0
2023-04-07 20:11:20.956807025,2.54,35.0,0.0,0.0,0.0,0.0,0.0,0.0,0.0,0.0,0.0,0.0,0.0,0.0,0.0,0.0,0.0,0.0,3031498.583333333,888507.0,4088842.0,1133333.7748185997,888507.0,1781433.0,2361647.0,3877041.0,1821396.0,4022511.0,1872288.0,4010298.0,4088842.0,3920705.0,4012791.0,3720524.0
2023-04-07 20:11:22.956809394,2.54,36.0,0.0,0.0,0.0,0.0,0.0,0.0,0.0,0.0,0.0,0.0,0.0,0.0,0.0,0.0,0.0,0.0,2633779.1666666665,944984.0,4100000.0,1029359.3326713654,2687259.0,3962552.0,4100000.0,4099990.0,1814034.0,2260205.0,1767036.0,1234211.0,944984.0,2798392.0,2862691.0,3073996.0
2023-04-07 20:11:24.960846261,2.49,12.0,0.0,0.0,0.0,0.0,0.0,0.0,0.0,0.0,0.0,0.0,0.0,0.0,0.0,0.0,0.0,0.0,2878138.4166666665,1362195.0,4100192.0,1237149.533901316,1711913.0,4015487.0,1370933.0,1369668.0,1564842.0,1362195.0,2786263.0,3956168.0,4100000.0,4100192.0,4100000.0,4100000.0
2023-04-07 20:11:26.948954891,2.49,29.0,0.0,0.0,0.0,0.0,0.0,0.0,0.0,0.0,0.0,0.0,0.0,0.0,0.0,0.0,0.0,0.0,3319892.6666666665,1096539.0,4083077.0,1045826.6631184104,2457590.0,3946638.0,3732744.0,3879803.0,1360883.0,1096539.0,4083077.0,4063892.0,4079024.0,3982439.0,3109435.0,4046648.0
2023-04-07 20:11:28.944847185,2.49,20.0,0.0,0.0,0.0,0.0,0.0,0.0,0.0,0.0,0.0,0.0,0.0,0.0,0.0,0.0,0.0,0.0,3058307.4166666665,1071011.0,4087113.0,1266432.550647649,1885075.0,4027025.0,1071011.0,4063617.0,3986363.0,3177743.0,4006451.0,4001633.0,1210283.0,1108812.0,4087113.0,4074563.0
2023-04-07 20:11:30.960841749,2.53,17.0,0.0,0.0,0.0,0.0,0.0,0.0,0.0,0.0,0.0,0.0,0.0,0.0,0.0,0.0,0.0,0.0,3046848.833333333,1395211.0,4100000.0,1005036.5376667352,2159814.0,4058219.0,2784411.0,4046161.0,3475639.0,4023409.0,2804522.0,1395211.0,1928024.0,1686776.0,4100000.0,4100000.0
2023-04-07 20:11:32.944838178,2.53,14.0,0.0,0.0,0.0,0.0,0.0,0.0,0.0,0.0,0.0,0.0,0.0,0.0,0.0,0.0,0.0,0.0,2944610.833333333,1217301.0,4084430.0,1164673.0700013223,1704046.0,4029801.0,1217301.0,4022733.0,1800275.0,1628026.0,4076821.0,4084430.0,1770777.0,4053564.0,2915527.0,4032029.0
2023-04-07 20:11:34.706096589,3.37,32.0,0.0,0.0,0.0,0.0,0.0,0.0,0.0,0.0,0.0,0.0,0.0,0.0,0.0,0.0,0.0,0.0,4083066.1666666665,4067077.0,4092899.0,8180.963592728888,4067077.0,4067440.0,4079032.0,4079704.0,4085206.0,4081734.0,4092899.0,4089953.0,4088332.0,4088088.0,4086470.0,4090859.0
2023-04-07 20:11:36.956837844,3.37,32.0,0.0,0.0,0.0,0.0,0.0,0.0,0.0,0.0,0.0,0.0,0.0,0.0,0.0,0.0,0.0,0.0,3861044.0833333335,1987764.0,4100002.0,573135.3900130489,4038235.0,4034353.0,4063889.0,4087692.0,4077840.0,3813203.0,4100002.0,4100002.0,1987764.0,3829547.0,4100002.0,4100000.0
2023-04-07 20:11:38.960829878,3.37,33.0,0.0,0.0,0.0,0.0,0.0,0.0,0.0,0.0,0.0,0.0,0.0,0.0,0.0,0.0,0.0,0.0,4082129.75,4002550.0,4134076.0,29659.168307413813,4092961.0,4086299.0,4075657.0,4002550.0,4087702.0,4092234.0,4063110.0,4134076.0,4099995.0,4089485.0,4096172.0,4065316.0
2023-04-07 20:11:40.948828280,3.58,45.0,0.0,0.0,0.0,0.0,0.0,0.0,0.0,0.0,0.0,0.0,0.0,0.0,0.0,0.0,0.0,0.0,3944743.25,3351536.0,4100016.0,225016.1259329077,4090139.0,4099997.0,3897163.0,4043306.0,4067668.0,4094025.0,3721548.0,3351536.0,3718300.0,4053219.0,4100016.0,4100002.0
2023-04-07 20:11:42.952838636,3.58,35.0,0.0,0.0,0.0,0.0,0.0,0.0,0.0,0.0,0.0,0.0,0.0,0.0,0.0,0.0,0.0,0.0,2930624.75,845104.0,4100762.0,1305386.7951992955,3000913.0,4045167.0,845104.0,924505.0,4004823.0,4100762.0,3025665.0,4024427.0,4100000.0,4100000.0,1137878.0,1858253.0
2023-04-07 20:11:44.948845944,3.54,16.0,0.0,0.0,0.0,0.0,0.0,0.0,0.0,0.0,0.0,0.0,0.0,0.0,0.0,0.0,0.0,0.0,3506231.6666666665,1345159.0,4100000.0,975462.2644015448,4052042.0,3786173.0,2778378.0,4072827.0,4090059.0,4080473.0,4007150.0,4052567.0,1345159.0,1609952.0,4100000.0,4100000.0
2023-04-07 20:11:46.968802977,3.54,9.0,0.0,0.0,0.0,0.0,0.0,0.0,0.0,0.0,0.0,0.0,0.0,0.0,0.0,0.0,0.0,0.0,2223545.083333333,979179.0,4020196.0,1111129.3409886672,979179.0,3415250.0,1031001.0,1820084.0,3996833.0,2700524.0,1373836.0,1010159.0,1275560.0,2093513.0,2966406.0,4020196.0
2023-04-07 20:11:48.948823672,3.54,12.0,0.0,0.0,0.0,0.0,0.0,0.0,0.0,0.0,0.0,0.0,0.0,0.0,0.0,0.0,0.0,0.0,3191901.4166666665,871531.0,4093338.0,1064293.5308959223,3997618.0,871531.0,3133290.0,3744203.0,4079903.0,4093338.0,4028679.0,4021421.0,2400688.0,1894451.0,2046183.0,3991512.0
2023-04-07 20:11:50.961071509,3.49,22.0,0.0,0.0,0.0,0.0,0.0,0.0,0.0,0.0,0.0,0.0,0.0,0.0,0.0,0.0,0.0,0.0,3822649.8333333335,1927076.0,4100000.0,585962.9015728205,1927076.0,3943084.0,3802493.0,3658591.0,4087347.0,4084705.0,4097794.0,4100000.0,4038119.0,4054431.0,4037269.0,4040889.0
2023-04-07 20:11:52.976840603,3.49,29.0,0.0,0.0,0.0,0.0,0.0,0.0,0.0,0.0,0.0,0.0,0.0,0.0,0.0,0.0,0.0,0.0,3269617.75,1186336.0,4100002.0,1024710.306173093,2965521.0,4028697.0,1790718.0,1186336.0,4099997.0,4100000.0,4100000.0,4100002.0,3730049.0,4006840.0,1895041.0,3232212.0
2023-04-07 20:11:54.960802896,3.37,13.0,0.0,0.0,0.0,0.0,0.0,0.0,0.0,0.0,0.0,0.0,0.0,0.0,0.0,0.0,0.0,0.0,2052128.5,975835.0,3605534.0,968541.7349585836,1134389.0,1528601.0,975835.0,1333006.0,1097236.0,1699070.0,3471379.0,3577220.0,3605534.0,2037213.0,1502875.0,2663184.0
2023-04-07 20:11:56.960829930,3.37,10.0,0.0,0.0,0.0,0.0,0.0,0.0,0.0,0.0,0.0,0.0,0.0,0.0,0.0,0.0,0.0,0.0,3581307.083333333,2235553.0,4100000.0,725748.1297302182,2235553.0,4053363.0,4072866.0,4071598.0,4100000.0,4100000.0,3407805.0,3963351.0,2471976.0,4048752.0,2392221.0,4058200.0
2023-04-07 20:11:58.968835150,3.37,43.0,0.0,0.0,0.0,0.0,0.0,0.0,0.0,0.0,0.0,0.0,0.0,0.0,0.0,0.0,0.0,0.0,4086924.0,4024627.0,4100026.0,21072.593844454303,4096275.0,4067086.0,4024627.0,4092790.0,4087038.0,4093764.0,4100026.0,4100000.0,4100002.0,4081473.0,4100007.0,4100000.0
2023-04-07 20:12:00.968842089,3.82,50.0,0.0,0.0,0.0,0.0,0.0,0.0,0.0,0.0,0.0,0.0,0.0,0.0,0.0,0.0,0.0,0.0,3100769.0,883240.0,4095109.0,1285056.2715468274,1026442.0,912372.0,3593317.0,3927368.0,3003541.0,4065155.0,4007219.0,883240.0,4093580.0,3513540.0,4095109.0,4088345.0
2023-04-07 20:12:02.976819621,3.82,26.0,0.0,0.0,0.0,0.0,0.0,0.0,0.0,0.0,0.0,0.0,0.0,0.0,0.0,0.0,0.0,0.0,3655561.25,2131187.0,4100001.0,737023.5335515781,4092883.0,3986063.0,4073817.0,4083876.0,2454588.0,2131187.0,4100000.0,4087762.0,4100001.0,4100000.0,4069870.0,2586688.0
2023-04-07 20:12:04.968835967,3.68,21.0,0.0,0.0,0.0,0.0,0.0,0.0,0.0,0.0,0.0,0.0,0.0,0.0,0.0,0.0,0.0,0.0,3097948.75,1211676.0,4100000.0,1299263.424756897,1254973.0,4017860.0,3921385.0,1211676.0,1294841.0,1290586.0,4059773.0,3856897.0,4100000.0,4084855.0,4068584.0,4013955.0
2023-04-07 20:12:06.964827405,3.68,23.0,0.0,0.0,0.0,0.0,0.0,0.0,0.0,0.0,0.0,0.0,0.0,0.0,0.0,0.0,0.0,0.0,3498681.6666666665,1254713.0,4100002.0,1023231.8538764264,4100000.0,4100000.0,4023022.0,4012872.0,1254713.0,1724040.0,4100002.0,4100000.0,2326460.0,4043071.0,4100000.0,4100000.0
2023-04-07 20:12:08.956813739,3.68,14.0,0.0,0.0,0.0,0.0,0.0,0.0,0.0,0.0,0.0,0.0,0.0,0.0,0.0,0.0,0.0,0.0,3193367.583333333,1199251.0,4085537.0,1071037.241171182,1383264.0,1199251.0,3921628.0,2550365.0,4020510.0,4066246.0,2219408.0,4069018.0,4057607.0,4085537.0,2741635.0,4005942.0
2023-04-07 20:12:10.968812919,3.54,22.0,0.0,0.0,0.0,0.0,0.0,0.0,0.0,0.0,0.0,0.0,0.0,0.0,0.0,0.0,0.0,0.0,2866633.583333333,1096294.0,4100000.0,1289409.7714447011,1105645.0,1096294.0,1865045.0,4041544.0,4092270.0,4079172.0,4099997.0,4100000.0,1617138.0,1327566.0,2932260.0,4042672.0
2023-04-07 20:12:12.984843927,3.54,16.0,0.0,0.0,0.0,0.0,0.0,0.0,0.0,0.0,0.0,0.0,0.0,0.0,0.0,0.0,0.0,0.0,2740665.333333333,838131.0,4065845.0,1156446.8403013842,3132161.0,3848975.0,3533940.0,938627.0,3372137.0,3523451.0,838131.0,1148487.0,1720968.0,4065845.0,3338567.0,3426695.0
2023-04-07 20:12:14.980825669,3.34,10.0,0.0,0.0,0.0,0.0,0.0,0.0,0.0,0.0,0.0,0.0,0.0,0.0,0.0,0.0,0.0,0.0,1965206.0,866919.0,3329847.0,820372.4459155732,871714.0,2110665.0,1701605.0,3329847.0,1699023.0,866919.0,1645034.0,3231392.0,1289554.0,2120094.0,3118290.0,1598335.0
2023-04-07 20:12:16.984846175,3.34,15.0,0.0,0.0,0.0,0.0,0.0,0.0,0.0,0.0,0.0,0.0,0.0,0.0,0.0,0.0,0.0,0.0,3154549.75,978694.0,4097168.0,1023676.7574150808,4068267.0,4080546.0,4014966.0,978694.0,4097168.0,2695310.0,3818557.0,2345054.0,2784345.0,4089076.0,1671724.0,3210890.0
2023-04-07 20:12:18.964839719,3.34,17.0,0.0,0.0,0.0,0.0,0.0,0.0,0.0,0.0,0.0,0.0,0.0,0.0,0.0,0.0,0.0,0.0,2794851.1666666665,1026787.0,4086751.0,1168541.7164249944,4086751.0,4078551.0,4050659.0,3967826.0,2444015.0,1350283.0,2337651.0,3482107.0,1441323.0,1026787.0,1583426.0,3688835.0
2023-04-07 20:12:20.980831632,3.31,16.0,0.0,0.0,0.0,0.0,0.0,0.0,0.0,0.0,0.0,0.0,0.0,0.0,0.0,0.0,0.0,0.0,3234367.9166666665,1343517.0,4088659.0,942706.6786644596,3244939.0,4045474.0,3820462.0,3887184.0,2056401.0,3572045.0,1343517.0,3742182.0,3289154.0,4088659.0,1659009.0,4063389.0
2023-04-07 20:12:22.976821751,3.31,35.0,0.0,0.0,0.0,0.0,0.0,0.0,0.0,0.0,0.0,0.0,0.0,0.0,0.0,0.0,0.0,0.0,3088814.75,921648.0,4100000.0,1295621.213321569,4099746.0,4077881.0,2820997.0,4049700.0,1074892.0,936632.0,921648.0,3996561.0,2876293.0,4020265.0,4091162.0,4100000.0
2023-04-07 20:12:24.993011968,3.29,22.0,0.0,0.0,0.0,0.0,0.0,0.0,0.0,0.0,0.0,0.0,0.0,0.0,0.0,0.0,0.0,0.0,2852222.833333333,853738.0,4100204.0,1162597.9397213403,2925843.0,1901456.0,2875967.0,4100204.0,3811690.0,4037112.0,853738.0,1014524.0,4085704.0,4082213.0,2682755.0,1855468.0
2023-04-07 20:12:26.976809545,3.29,26.0,0.0,0.0,0.0,0.0,0.0,0.0,0.0,0.0,0.0,0.0,0.0,0.0,0.0,0.0,0.0,0.0,3051523.583333333,999163.0,4100354.0,1245558.6911493745,2226042.0,4025264.0,1519398.0,999163.0,2166559.0,4064336.0,4093028.0,4086578.0,4090104.0,4100354.0,1224071.0,4023386.0
2023-04-07 20:12:28.988842523,3.29,27.0,0.0,0.0,0.0,0.0,0.0,0.0,0.0,0.0,0.0,0.0,0.0,0.0,0.0,0.0,0.0,0.0,3858877.6666666665,2516916.0,4103198.0,480332.5940672659,4088127.0,4054764.0,4100000.0,4100000.0,4025204.0,3134720.0,4103198.0,4063254.0,4055153.0,2516916.0,4096444.0,3968752.0
2023-04-07 20:12:30.980999641,3.42,29.0,0.0,0.0,0.0,0.0,0.0,0.0,0.0,0.0,0.0,0.0,0.0,0.0,0.0,0.0,0.0,0.0,3679470.6666666665,1719543.0,4100253.0,847827.629600138,4096044.0,4100253.0,4085512.0,4082091.0,1719543.0,4038801.0,1857025.0,4023132.0,3903048.0,4069927.0,4100000.0,4078272.0
2023-04-07 20:12:32.980841504,3.42,36.0,0.0,0.0,0.0,0.0,0.0,0.0,0.0,0.0,0.0,0.0,0.0,0.0,0.0,0.0,0.0,0.0,3247623.333333333,1300994.0,4088180.0,865856.5108137465,2836622.0,3838346.0,2184808.0,1300994.0,3285861.0,3645824.0,4038985.0,3336715.0,2343806.0,4036412.0,4034927.0,4088180.0
2023-04-07 20:12:34.748902198,3.55,44.0,0.0,0.0,0.0,0.0,0.0,0.0,0.0,0.0,0.0,0.0,0.0,0.0,0.0,0.0,0.0,0.0,4068963.25,4037171.0,4089936.0,16018.896186093263,4074963.0,4064748.0,4089936.0,4087103.0,4037171.0,4072767.0,4045238.0,4081865.0,4057410.0,4060045.0,4070411.0,4085902.0
2023-04-07 20:12:36.984830548,3.55,46.0,0.0,0.0,0.0,0.0,0.0,0.0,0.0,0.0,0.0,0.0,0.0,0.0,0.0,0.0,0.0,0.0,3368479.25,1584435.0,4100149.0,900853.5399603096,4094008.0,4100149.0,3377792.0,4074175.0,3677924.0,1951893.0,4079679.0,4085647.0,3177139.0,4032060.0,1584435.0,2186850.0
2023-04-07 20:12:38.980825910,3.55,42.0,0.0,0.0,0.0,0.0,0.0,0.0,0.0,0.0,0.0,0.0,0.0,0.0,0.0,0.0,0.0,0.0,3865920.9166666665,1912848.0,4100000.0,593838.7147028305,4099789.0,4089168.0,4085149.0,4088289.0,3841422.0,4098841.0,4100000.0,4100000.0,3948597.0,4027258.0,1912848.0,3999690.0
2023-04-07 20:12:40.984804210,3.67,23.0,0.0,0.0,0.0,0.0,0.0,0.0,0.0,0.0,0.0,0.0,0.0,0.0,0.0,0.0,0.0,0.0,2914190.25,1051024.0,4080064.0,1121957.166704618,2439117.0,4050645.0,4080064.0,4053649.0,1397330.0,3241930.0,1051024.0,1206680.0,3457976.0,3927678.0,3658466.0,2405724.0
2023-04-07 20:12:42.980823131,3.67,22.0,0.0,0.0,0.0,0.0,0.0,0.0,0.0,0.0,0.0,0.0,0.0,0.0,0.0,0.0,0.0,0.0,3719382.0833333335,2027134.0,4100000.0,637856.1915599861,4083300.0,4070138.0,3552557.0,2027134.0,2712289.0,3950863.0,4100000.0,4086802.0,3831401.0,4066330.0,4059632.0,4092139.0
2023-04-07 20:12:45.004813497,3.61,27.0,0.0,0.0,0.0,0.0,0.0,0.0,0.0,0.0,0.0,0.0,0.0,0.0,0.0,0.0,0.0,0.0,2137416.583333333,1041014.0,3654608.0,763059.536773776,1932833.0,2069439.0,1747990.0,2534252.0,1603612.0,1424047.0,1041014.0,2275897.0,1838647.0,1914294.0,3612366.0,3654608.0
2023-04-07 20:12:46.976817040,3.61,18.0,0.0,0.0,0.0,0.0,0.0,0.0,0.0,0.0,0.0,0.0,0.0,0.0,0.0,0.0,0.0,0.0,3611349.8333333335,1224493.0,4100002.0,918091.4511943453,4026971.0,4035266.0,4060672.0,1224493.0,3982091.0,1965317.0,3982560.0,3774833.0,4099844.0,4100002.0,4000666.0,4083483.0
2023-04-07 20:12:49.012806184,3.61,10.0,0.0,0.0,0.0,0.0,0.0,0.0,0.0,0.0,0.0,0.0,0.0,0.0,0.0,0.0,0.0,0.0,3003727.1666666665,1339016.0,4061083.0,911348.0714433274,1339016.0,2898957.0,2673130.0,4061083.0,3940369.0,3845520.0,2245934.0,4047333.0,2258994.0,4009500.0,1962971.0,2761919.0
2023-04-07 20:12:50.980824570,3.72,39.0,0.0,0.0,0.0,0.0,0.0,0.0,0.0,0.0,0.0,0.0,0.0,0.0,0.0,0.0,0.0,0.0,3745586.5833333335,2095082.0,4100472.0,735704.8377853329,4100000.0,4083321.0,2112925.0,2095082.0,4097001.0,4100000.0,4082985.0,3919612.0,4100472.0,4100000.0,4087357.0,4068284.0
2023-04-07 20:12:53.020824697,3.72,24.0,0.0,0.0,0.0,0.0,0.0,0.0,0.0,0.0,0.0,0.0,0.0,0.0,0.0,0.0,0.0,0.0,3447906.333333333,1126183.0,4100000.0,969168.89586502,3954478.0,4012140.0,3631514.0,2494909.0,1945896.0,1126183.0,4100000.0,4077198.0,3875073.0,3980514.0,4082323.0,4094648.0
2023-04-07 20:12:55.012842980,3.83,33.0,0.0,0.0,0.0,0.0,0.0,0.0,0.0,0.0,0.0,0.0,0.0,0.0,0.0,0.0,0.0,0.0,3181288.083333333,1041750.0,4082764.0,1022716.412558931,2250333.0,3831286.0,1870664.0,1041750.0,4082764.0,4081211.0,4046051.0,4031838.0,3758587.0,2302024.0,2876721.0,4002228.0
2023-04-07 20:12:56.980826890,3.83,17.0,0.0,0.0,0.0,0.0,0.0,0.0,0.0,0.0,0.0,0.0,0.0,0.0,0.0,0.0,0.0,0.0,3278977.6666666665,1173843.0,4100155.0,979690.4853691746,2287629.0,1173843.0,2734727.0,4043996.0,2610239.0,4022823.0,4008601.0,4002018.0,4100155.0,4099997.0,2189954.0,4073750.0
2023-04-07 20:12:59.012814887,3.83,21.0,0.0,0.0,0.0,0.0,0.0,0.0,0.0,0.0,0.0,0.0,0.0,0.0,0.0,0.0,0.0,0.0,3325654.9166666665,1238266.0,4100487.0,1088885.2158175702,2067516.0,1395914.0,2776423.0,4009126.0,4100487.0,4091496.0,4045044.0,3946240.0,4100063.0,4099998.0,1238266.0,4037286.0
2023-04-07 20:13:00.984828014,3.84,34.0,0.0,0.0,0.0,0.0,0.0,0.0,0.0,0.0,0.0,0.0,0.0,0.0,0.0,0.0,0.0,0.0,3875497.25,2915184.0,4100389.0,366466.8099580836,4089871.0,4030260.0,4090670.0,4091464.0,3958126.0,3426056.0,2915184.0,3523023.0,4100389.0,4100000.0,4084785.0,4096139.0
2023-04-07 20:13:02.984845216,3.84,28.0,0.0,0.0,0.0,0.0,0.0,0.0,0.0,0.0,0.0,0.0,0.0,0.0,0.0,0.0,0.0,0.0,3351770.083333333,1704400.0,4100000.0,898074.3704631276,4100000.0,4087678.0,2835672.0,2558669.0,1704400.0,1841926.0,3988135.0,4048217.0,4079438.0,4085339.0,2848857.0,4042910.0
2023-04-07 20:13:05.012819101,4.01,42.0,0.0,0.0,0.0,0.0,0.0,0.0,0.0,0.0,0.0,0.0,0.0,0.0,0.0,0.0,0.0,0.0,3834819.5833333335,2379162.0,4100001.0,533000.8285933926,4094701.0,4085913.0,3978686.0,2379162.0,4100001.0,4100000.0,2975712.0,4056859.0,4008054.0,4052383.0,4092770.0,4093594.0
2023-04-07 20:13:07.000825581,4.01,25.0,0.0,0.0,0.0,0.0,0.0,0.0,0.0,0.0,0.0,0.0,0.0,0.0,0.0,0.0,0.0,0.0,2681424.6666666665,864371.0,4100370.0,1233157.4529920698,4100000.0,4100370.0,2793232.0,2344350.0,3823434.0,3996980.0,864371.0,1007908.0,1822242.0,4036829.0,1982755.0,1304625.0
2023-04-07 20:13:08.984825067,4.01,10.0,0.0,0.0,0.0,0.0,0.0,0.0,0.0,0.0,0.0,0.0,0.0,0.0,0.0,0.0,0.0,0.0,1471586.3333333333,856083.0,2589715.0,530775.429522118,2125059.0,945125.0,1246399.0,2181369.0,1378566.0,856083.0,1560091.0,2589715.0,906491.0,1353935.0,1096680.0,1419523.0
2023-04-07 20:13:11.020829995,3.93,17.0,0.0,0.0,0.0,0.0,0.0,0.0,0.0,0.0,0.0,0.0,0.0,0.0,0.0,0.0,0.0,0.0,3080252.75,1474198.0,4090728.0,981432.8205838582,2258369.0,3940338.0,1474198.0,2993882.0,3531775.0,3988693.0,1953911.0,4021554.0,1549293.0,3076212.0,4084080.0,4090728.0
2023-04-07 20:13:12.996874273,3.93,22.0,0.0,0.0,0.0,0.0,0.0,0.0,0.0,0.0,0.0,0.0,0.0,0.0,0.0,0.0,0.0,0.0,3593041.0,1273639.0,4100174.0,907102.4481315032,4082917.0,4093257.0,4085448.0,2790164.0,2297205.0,1273639.0,4060975.0,4060158.0,4083571.0,4100000.0,4088984.0,4100174.0
2023-04-07 20:13:14.996815044,3.86,33.0,0.0,0.0,0.0,0.0,0.0,0.0,0.0,0.0,0.0,0.0,0.0,0.0,0.0,0.0,0.0,0.0,3180718.25,1035875.0,4100232.0,1176323.8433022406,2374965.0,4068791.0,3537669.0,3967458.0,4100232.0,4062386.0,4090426.0,4038307.0,3987466.0,1035875.0,1523864.0,1381180.0
2023-04-07 20:13:16.996816608,3.86,21.0,0.0,0.0,0.0,0.0,0.0,0.0,0.0,0.0,0.0,0.0,0.0,0.0,0.0,0.0,0.0,0.0,3593840.583333333,1090340.0,4100002.0,937627.9454349556,4062396.0,4071949.0,3328405.0,4079635.0,2116737.0,1090340.0,4097709.0,4076780.0,4100000.0,4100002.0,3915503.0,4086631.0
2023-04-07 20:13:19.016842794,3.86,25.0,0.0,0.0,0.0,0.0,0.0,0.0,0.0,0.0,0.0,0.0,0.0,0.0,0.0,0.0,0.0,0.0,2607347.1666666665,1425234.0,3977445.0,1048716.00525562,1660514.0,3898950.0,1690187.0,1719444.0,2103513.0,2111351.0,3933308.0,3560576.0,1425234.0,3977445.0,1471984.0,3735660.0
2023-04-07 20:13:21.004877839,3.63,19.0,0.0,0.0,0.0,0.0,0.0,0.0,0.0,0.0,0.0,0.0,0.0,0.0,0.0,0.0,0.0,0.0,2841573.75,854910.0,4100000.0,1339792.280387096,854910.0,911137.0,943801.0,1856221.0,4079667.0,4083399.0,4031332.0,4045614.0,4100000.0,4100000.0,2466179.0,2626625.0
2023-04-07 20:13:23.004841002,3.63,19.0,0.0,0.0,0.0,0.0,0.0,0.0,0.0,0.0,0.0,0.0,0.0,0.0,0.0,0.0,0.0,0.0,3940166.4166666665,2573279.0,4100123.0,418317.9773773492,4100000.0,4090926.0,4100002.0,4093860.0,2573279.0,4063142.0,4055484.0,3832916.0,4100000.0,4100002.0,4100123.0,4072263.0
2023-04-07 20:13:25.016828413,3.5,27.0,0.0,0.0,0.0,0.0,0.0,0.0,0.0,0.0,0.0,0.0,0.0,0.0,0.0,0.0,0.0,0.0,2273182.333333333,974238.0,4050404.0,1148516.8286919245,1966633.0,3874421.0,1775216.0,3227892.0,1224589.0,1083918.0,1750398.0,4050404.0,3981984.0,2302732.0,974238.0,1065763.0
2023-04-07 20:13:26.992820953,3.5,19.0,0.0,0.0,0.0,0.0,0.0,0.0,0.0,0.0,0.0,0.0,0.0,0.0,0.0,0.0,0.0,0.0,3650513.5,1338684.0,4100002.0,921930.8651667344,3998019.0,4051785.0,4086336.0,4082957.0,4100002.0,4100000.0,4100000.0,4100000.0,3954767.0,4020366.0,1873246.0,1338684.0
2023-04-07 20:13:29.008822953,3.5,17.0,0.0,0.0,0.0,0.0,0.0,0.0,0.0,0.0,0.0,0.0,0.0,0.0,0.0,0.0,0.0,0.0,1837882.4166666667,897369.0,3687187.0,951162.3638684984,1122441.0,1015465.0,900337.0,897369.0,3687187.0,2354514.0,2455249.0,3429959.0,1628132.0,2312687.0,1220472.0,1030777.0
2023-04-07 20:13:31.000837949,3.3,13.0,0.0,0.0,0.0,0.0,0.0,0.0,0.0,0.0,0.0,0.0,0.0,0.0,0.0,0.0,0.0,0.0,3631130.25,1958284.0,4100002.0,747387.0989635743,3907504.0,4015987.0,1958284.0,4004108.0,4099997.0,4100000.0,4100002.0,4100000.0,2257226.0,4029007.0,2961400.0,4040048.0
2023-04-07 20:13:33.020839956,3.3,17.0,0.0,0.0,0.0,0.0,0.0,0.0,0.0,0.0,0.0,0.0,0.0,0.0,0.0,0.0,0.0,0.0,2779146.6666666665,966761.0,4100000.0,1323227.859970165,1589932.0,1590091.0,2096399.0,4042481.0,1150888.0,966761.0,4087322.0,4093334.0,4100000.0,4099996.0,1490164.0,4042392.0
2023-04-07 20:13:35.012840920,3.11,20.0,0.0,0.0,0.0,0.0,0.0,0.0,0.0,0.0,0.0,0.0,0.0,0.0,0.0,0.0,0.0,0.0,3254453.583333333,1310799.0,4100002.0,1061187.023374254,1525027.0,1911525.0,4100002.0,4100000.0,4034500.0,4044776.0,1310799.0,4055300.0,4074780.0,3860517.0,3510523.0,2525694.0
2023-04-07 20:13:37.004833736,3.11,34.0,0.0,0.0,0.0,0.0,0.0,0.0,0.0,0.0,0.0,0.0,0.0,0.0,0.0,0.0,0.0,0.0,3478636.4166666665,2573122.0,4091564.0,554967.7522304724,4091564.0,3521502.0,2901118.0,3842626.0,2934060.0,2573122.0,4045060.0,4083462.0,3881103.0,3803076.0,3472553.0,2594391.0
2023-04-07 20:13:38.996823353,3.11,33.0,0.0,0.0,0.0,0.0,0.0,0.0,0.0,0.0,0.0,0.0,0.0,0.0,0.0,0.0,0.0,0.0,3972717.75,3055350.0,4100002.0,291744.26652496104,4094932.0,4097947.0,4100002.0,4100000.0,3756675.0,3055350.0,4026806.0,4078274.0,4100000.0,4100000.0,4075722.0,4086905.0
2023-04-07 20:13:41.012807217,3.35,32.0,0.0,0.0,0.0,0.0,0.0,0.0,0.0,0.0,0.0,0.0,0.0,0.0,0.0,0.0,0.0,0.0,3255351.583333333,1008467.0,4100136.0,993426.8352591832,4010429.0,4051202.0,3906416.0,2450694.0,2357449.0,4019948.0,2870104.0,2227584.0,3970732.0,1008467.0,4100136.0,4091058.0
2023-04-07 20:13:43.008820412,3.35,11.0,0.0,0.0,0.0,0.0,0.0,0.0,0.0,0.0,0.0,0.0,0.0,0.0,0.0,0.0,0.0,0.0,3738444.1666666665,2370498.0,4100283.0,496757.5425768311,3391586.0,4035098.0,2370498.0,3542649.0,4080942.0,4091762.0,4009373.0,3356694.0,4100283.0,4100000.0,4083165.0,3699280.0
2023-04-07 20:13:45.004844354,3.16,20.0,0.0,0.0,0.0,0.0,0.0,0.0,0.0,0.0,0.0,0.0,0.0,0.0,0.0,0.0,0.0,0.0,3535599.083333333,1678651.0,4099912.0,914477.4038849964,4097624.0,4094053.0,1678651.0,3973345.0,4063431.0,4099912.0,4025818.0,4083636.0,4034770.0,4043164.0,1898673.0,2334112.0
2023-04-07 20:13:47.012913542,3.16,31.0,0.0,0.0,0.0,0.0,0.0,0.0,0.0,0.0,0.0,0.0,0.0,0.0,0.0,0.0,0.0,0.0,3820970.9166666665,917441.0,4177487.0,876496.8980819287,4091270.0,917441.0,4177487.0,4100002.0,3986149.0,4032979.0,4100000.0,4100000.0,4077134.0,4100000.0,4080418.0,4088771.0
2023-04-07 20:13:49.008844492,3.16,43.0,0.0,0.0,0.0,0.0,0.0,0.0,0.0,0.0,0.0,0.0,0.0,0.0,0.0,0.0,0.0,0.0,3100127.4166666665,1082003.0,4095820.0,1020599.9853512197,1854700.0,1082003.0,2122004.0,4040654.0,2353752.0,3967978.0,4060186.0,4092050.0,3605297.0,2446587.0,3480498.0,4095820.0
2023-04-07 20:13:51.020835414,3.22,22.0,0.0,0.0,0.0,0.0,0.0,0.0,0.0,0.0,0.0,0.0,0.0,0.0,0.0,0.0,0.0,0.0,2900318.75,1088186.0,4100504.0,1178561.685341227,3969130.0,2573593.0,1088186.0,1731511.0,1975247.0,4014963.0,2058280.0,3916556.0,4039425.0,1239345.0,4097085.0,4100504.0
2023-04-07 20:13:53.008815347,3.22,11.0,0.0,0.0,0.0,0.0,0.0,0.0,0.0,0.0,0.0,0.0,0.0,0.0,0.0,0.0,0.0,0.0,3570069.25,1146185.0,4100240.0,963531.8983700994,3265641.0,4058661.0,1146185.0,4019263.0,4040878.0,4050248.0,1847888.0,4046555.0,4087668.0,4088681.0,4100240.0,4088923.0
2023-04-07 20:13:55.008839047,3.61,36.0,0.0,0.0,0.0,0.0,0.0,0.0,0.0,0.0,0.0,0.0,0.0,0.0,0.0,0.0,0.0,0.0,3193133.25,925983.0,4100000.0,1152509.3334822443,3828365.0,1321809.0,925983.0,1956416.0,4100000.0,4099997.0,2323961.0,4053868.0,4081268.0,4032801.0,3771076.0,3822055.0
2023-04-07 20:13:56.852817775,3.61,30.0,0.0,0.0,0.0,0.0,0.0,0.0,0.0,0.0,0.0,0.0,0.0,0.0,0.0,0.0,0.0,0.0,4064491.25,3949257.0,4100000.0,44912.57503217593,4087992.0,4096486.0,4086451.0,4100000.0,4067722.0,3994108.0,4100000.0,4096068.0,3949257.0,4070166.0,4076008.0,4049637.0
2023-04-07 20:13:59.017080079,3.61,32.0,0.0,0.0,0.0,0.0,0.0,0.0,0.0,0.0,0.0,0.0,0.0,0.0,0.0,0.0,0.0,0.0,3489409.1666666665,1025261.0,4100000.0,1002959.0129766712,2742159.0,3885520.0,1829213.0,4070209.0,3930874.0,1025261.0,4090686.0,4082162.0,4088261.0,4100000.0,4011187.0,4017378.0
2023-04-07 20:14:01.020854818,3.72,27.0,0.0,0.0,0.0,0.0,0.0,0.0,0.0,0.0,0.0,0.0,0.0,0.0,0.0,0.0,0.0,0.0,3954104.6666666665,2661843.0,4100002.0,391938.0818727055,4082988.0,3935896.0,4088857.0,4100000.0,2661843.0,4062173.0,4079070.0,4079353.0,4075125.0,4083949.0,4100002.0,4100000.0
2023-04-07 20:14:03.016832043,3.72,53.0,0.0,0.0,0.0,0.0,0.0,0.0,0.0,0.0,0.0,0.0,0.0,0.0,0.0,0.0,0.0,0.0,3979892.6666666665,3433079.0,4098938.0,172484.6622878555,4064213.0,4083334.0,3433079.0,3944518.0,4017404.0,4081668.0,3978350.0,4065312.0,4044537.0,3946727.0,4098938.0,4000632.0
2023-04-07 20:14:05.012841475,3.74,38.0,0.0,0.0,0.0,0.0,0.0,0.0,0.0,0.0,0.0,0.0,0.0,0.0,0.0,0.0,0.0,0.0,3437828.4166666665,1230862.0,4100000.0,1030763.5093885872,4083636.0,4100000.0,1559737.0,4024748.0,4100000.0,4100000.0,3977312.0,3667412.0,4007564.0,4065797.0,1230862.0,2336873.0
2023-04-07 20:14:07.008828146,3.74,20.0,0.0,0.0,0.0,0.0,0.0,0.0,0.0,0.0,0.0,0.0,0.0,0.0,0.0,0.0,0.0,0.0,3189620.833333333,1167351.0,4100614.0,1193838.741580623,1713047.0,4069607.0,1167351.0,3868802.0,4100000.0,4100273.0,3953718.0,4100614.0,4017831.0,4016262.0,1574186.0,1593759.0
2023-04-07 20:14:09.032812266,3.74,14.0,0.0,0.0,0.0,0.0,0.0,0.0,0.0,0.0,0.0,0.0,0.0,0.0,0.0,0.0,0.0,0.0,3458698.4166666665,1587847.0,4099982.0,771712.7333367491,3405316.0,2544403.0,4099982.0,4096408.0,2812241.0,4046715.0,3099709.0,4050077.0,4038233.0,4069936.0,1587847.0,3653514.0
2023-04-07 20:14:11.020827132,3.68,33.0,0.0,0.0,0.0,0.0,0.0,0.0,0.0,0.0,0.0,0.0,0.0,0.0,0.0,0.0,0.0,0.0,3849512.25,1336312.0,4100451.0,758257.9903793876,4089143.0,4100451.0,4099997.0,4100000.0,1336312.0,4003757.0,4059402.0,4081818.0,4049170.0,4095647.0,4099849.0,4078601.0
2023-04-07 20:14:13.012840231,3.68,25.0,0.0,0.0,0.0,0.0,0.0,0.0,0.0,0.0,0.0,0.0,0.0,0.0,0.0,0.0,0.0,0.0,3331623.6666666665,1047849.0,4100000.0,1030317.6294197931,1706365.0,1047849.0,4100000.0,4099997.0,3850326.0,4099266.0,3560164.0,3911704.0,2117774.0,4032388.0,3429471.0,4024180.0
2023-04-07 20:14:15.044822851,3.63,24.0,0.0,0.0,0.0,0.0,0.0,0.0,0.0,0.0,0.0,0.0,0.0,0.0,0.0,0.0,0.0,0.0,3349692.333333333,870082.0,4100000.0,1122074.8516786017,3549401.0,3825243.0,4100000.0,4100000.0,870082.0,1635236.0,4097072.0,4086082.0,3952856.0,4051073.0,1874744.0,4054519.0
2023-04-07 20:14:17.024830293,3.63,12.0,0.0,0.0,0.0,0.0,0.0,0.0,0.0,0.0,0.0,0.0,0.0,0.0,0.0,0.0,0.0,0.0,2973340.083333333,989280.0,4100000.0,1142004.9439599973,3993212.0,4100000.0,4057701.0,3663997.0,3950024.0,989280.0,1937462.0,4018839.0,1075013.0,2275996.0,3302975.0,2315582.0
2023-04-07 20:14:19.020834587,3.63,16.0,0.0,0.0,0.0,0.0,0.0,0.0,0.0,0.0,0.0,0.0,0.0,0.0,0.0,0.0,0.0,0.0,3945932.75,2680223.0,4100002.0,384173.4491509282,2680223.0,4012303.0,4100002.0,4099410.0,4099997.0,4100002.0,4006363.0,4027062.0,3968000.0,4073783.0,4100000.0,4084048.0
2023-04-07 20:14:21.036814038,3.74,33.0,0.0,0.0,0.0,0.0,0.0,0.0,0.0,0.0,0.0,0.0,0.0,0.0,0.0,0.0,0.0,0.0,2682450.583333333,967525.0,4100353.0,1203422.9625169516,2299527.0,4004145.0,4100353.0,4087020.0,3737835.0,4009261.0,1802373.0,1103438.0,1618692.0,967525.0,1567347.0,2891891.0
2023-04-07 20:14:23.024835943,3.74,13.0,0.0,0.0,0.0,0.0,0.0,0.0,0.0,0.0,0.0,0.0,0.0,0.0,0.0,0.0,0.0,0.0,3239694.083333333,1014484.0,4086636.0,965498.6479662084,3980535.0,3763356.0,1014484.0,3880846.0,3867915.0,3789668.0,4086636.0,4065314.0,3579323.0,2130120.0,2300146.0,2417986.0
2023-04-07 20:14:25.044851373,3.84,25.0,0.0,0.0,0.0,0.0,0.0,0.0,0.0,0.0,0.0,0.0,0.0,0.0,0.0,0.0,0.0,0.0,3819552.6666666665,1243213.0,4099883.0,781294.5643939651,4090134.0,4088658.0,1243213.0,4020333.0,4080346.0,4099883.0,3785098.0,4097336.0,4068880.0,4086686.0,4090145.0,4083920.0
2023-04-07 20:14:27.040837660,3.84,45.0,0.0,0.0,0.0,0.0,0.0,0.0,0.0,0.0,0.0,0.0,0.0,0.0,0.0,0.0,0.0,0.0,3093893.583333333,977903.0,4100002.0,1323403.990310118,3924499.0,4060645.0,3965291.0,4080255.0,1730792.0,4010410.0,1266377.0,977903.0,988184.0,3922765.0,4099600.0,4100002.0
2023-04-07 20:14:29.040812505,3.84,29.0,0.0,0.0,0.0,0.0,0.0,0.0,0.0,0.0,0.0,0.0,0.0,0.0,0.0,0.0,0.0,0.0,2926612.0,927313.0,4100000.0,1132885.3998098543,2959807.0,3975090.0,4100000.0,1939824.0,1054929.0,927313.0,1933078.0,3191392.0,4026878.0,3861570.0,3091155.0,4058308.0
2023-04-07 20:14:31.020803731,3.69,14.0,0.0,0.0,0.0,0.0,0.0,0.0,0.0,0.0,0.0,0.0,0.0,0.0,0.0,0.0,0.0,0.0,2487533.5,1235252.0,4019178.0,1071752.9383125494,1748774.0,3803066.0,1671690.0,3944345.0,1414283.0,1235252.0,1797447.0,1746799.0,3963744.0,2664829.0,1840995.0,4019178.0
2023-04-07 20:14:33.032906034,3.69,28.0,0.0,0.0,0.0,0.0,0.0,0.0,0.0,0.0,0.0,0.0,0.0,0.0,0.0,0.0,0.0,0.0,3456598.833333333,999684.0,4089691.0,988393.9079651588,3836882.0,999684.0,2312104.0,2200657.0,3666278.0,3981827.0,4087429.0,4052194.0,4083330.0,4084934.0,4084176.0,4089691.0
2023-04-07 20:14:35.044818430,4.04,59.0,0.0,0.0,0.0,0.0,0.0,0.0,0.0,0.0,0.0,0.0,0.0,0.0,0.0,0.0,0.0,0.0,4071642.0,3982312.0,4100005.0,38135.5258649989,4100000.0,4078856.0,4100000.0,4100000.0,4100000.0,4100005.0,4081965.0,4093030.0,3982312.0,4004361.0,4062537.0,4056638.0
2023-04-07 20:14:37.028813312,4.04,48.0,0.0,0.0,0.0,0.0,0.0,0.0,0.0,0.0,0.0,0.0,0.0,0.0,0.0,0.0,0.0,0.0,3474400.6666666665,1040505.0,4100000.0,1071074.7551915888,4092669.0,4093176.0,3749285.0,4078391.0,1426463.0,1040505.0,4070207.0,2747182.0,4094930.0,4100000.0,4100000.0,4100000.0
2023-04-07 20:14:39.028817248,4.04,35.0,0.0,0.0,0.0,0.0,0.0,0.0,0.0,0.0,0.0,0.0,0.0,0.0,0.0,0.0,0.0,0.0,3495065.083333333,1207292.0,4100002.0,1031804.3084794438,3524371.0,1207292.0,3967106.0,4035656.0,3781975.0,1222567.0,4055739.0,4046147.0,4037271.0,3862655.0,4100002.0,4100000.0
2023-04-07 20:14:41.032822434,4.03,24.0,0.0,0.0,0.0,0.0,0.0,0.0,0.0,0.0,0.0,0.0,0.0,0.0,0.0,0.0,0.0,0.0,2482812.083333333,826365.0,4062004.0,1279007.3242321208,2209451.0,4031676.0,3773817.0,826365.0,4025333.0,4062004.0,3273324.0,968679.0,1046457.0,862917.0,2013007.0,2700715.0
2023-04-07 20:14:43.032815903,4.03,32.0,0.0,0.0,0.0,0.0,0.0,0.0,0.0,0.0,0.0,0.0,0.0,0.0,0.0,0.0,0.0,0.0,4050682.3333333335,3757995.0,4100000.0,93675.98670802575,4083810.0,4084791.0,4093471.0,3757995.0,4084710.0,4083136.0,3976548.0,4085117.0,4070673.0,4087940.0,4099997.0,4100000.0
2023-04-07 20:14:45.032836256,4.03,35.0,0.0,0.0,0.0,0.0,0.0,0.0,0.0,0.0,0.0,0.0,0.0,0.0,0.0,0.0,0.0,0.0,3609484.9166666665,975384.0,4100722.0,957071.8090739464,4100000.0,4088097.0,4028941.0,4047619.0,4010873.0,4060586.0,3654179.0,2126325.0,975384.0,4036279.0,4100722.0,4084814.0
2023-04-07 20:14:47.028838335,4.03,22.0,0.0,0.0,0.0,0.0,0.0,0.0,0.0,0.0,0.0,0.0,0.0,0.0,0.0,0.0,0.0,0.0,3326015.083333333,1208256.0,4100785.0,1080629.6710933135,4099997.0,4100000.0,1742518.0,1208256.0,4004512.0,4064705.0,3131589.0,3815472.0,1603390.0,3961302.0,4100785.0,4079655.0
2023-04-07 20:14:49.028806462,4.03,17.0,0.0,0.0,0.0,0.0,0.0,0.0,0.0,0.0,0.0,0.0,0.0,0.0,0.0,0.0,0.0,0.0,3059679.833333333,987589.0,4100344.0,1217169.874237147,1438781.0,4057891.0,2076615.0,987589.0,1817566.0,4029267.0,1937880.0,3999100.0,4100344.0,4100000.0,4097911.0,4073214.0
2023-04-07 20:14:51.040839681,3.87,16.0,0.0,0.0,0.0,0.0,0.0,0.0,0.0,0.0,0.0,0.0,0.0,0.0,0.0,0.0,0.0,0.0,3000499.583333333,991163.0,4100000.0,1201221.9985697523,991163.0,3995362.0,2203485.0,4015003.0,1956195.0,4006171.0,4100000.0,4089493.0,1562454.0,1386627.0,3776233.0,3923809.0
2023-04-07 20:14:53.053012946,3.87,11.0,0.0,0.0,0.0,0.0,0.0,0.0,0.0,0.0,0.0,0.0,0.0,0.0,0.0,0.0,0.0,0.0,2978289.75,1384089.0,4088276.0,990077.5349953764,2764518.0,1384089.0,3561536.0,1619285.0,1597615.0,3292298.0,2468589.0,4052371.0,2805657.0,4041678.0,4063565.0,4088276.0
2023-04-07 20:14:55.040841591,4.04,35.0,0.0,0.0,0.0,0.0,0.0,0.0,0.0,0.0,0.0,0.0,0.0,0.0,0.0,0.0,0.0,0.0,3959896.3333333335,3179803.0,4100000.0,245176.8085920626,4098509.0,4089021.0,4085095.0,3969570.0,4073272.0,3179803.0,4100000.0,4089144.0,3879018.0,3945909.0,3980229.0,4029186.0
2023-04-07 20:14:57.064810217,4.04,26.0,0.0,0.0,0.0,0.0,0.0,0.0,0.0,0.0,0.0,0.0,0.0,0.0,0.0,0.0,0.0,0.0,3610459.0833333335,1118169.0,4100055.0,924814.8959961716,4096114.0,4100055.0,3986774.0,3838901.0,3762665.0,3945065.0,4085336.0,4100000.0,2092799.0,1118169.0,4099631.0,4100000.0
2023-04-07 20:14:59.032828910,4.04,38.0,0.0,0.0,0.0,0.0,0.0,0.0,0.0,0.0,0.0,0.0,0.0,0.0,0.0,0.0,0.0,0.0,2994816.583333333,1630830.0,4100000.0,998257.2440151602,1869694.0,3465885.0,1707196.0,3225486.0,1769300.0,3679671.0,2361235.0,1630830.0,4089341.0,4077594.0,3961567.0,4100000.0
2023-04-07 20:15:01.044843459,4.52,52.0,0.0,0.0,0.0,0.0,0.0,0.0,0.0,0.0,0.0,0.0,0.0,0.0,0.0,0.0,0.0,0.0,3554330.0,1338183.0,4134432.0,973379.515040254,4134432.0,1608150.0,4091516.0,4092286.0,1338183.0,3059371.0,3978892.0,4080477.0,4085951.0,4080728.0,4027704.0,4074270.0
2023-04-07 20:15:03.052853513,4.52,51.0,0.0,0.0,0.0,0.0,0.0,0.0,0.0,0.0,0.0,0.0,0.0,0.0,0.0,0.0,0.0,0.0,3205177.6666666665,1270920.0,4100000.0,1109268.9545783694,3021088.0,1381979.0,4100000.0,4099997.0,1574971.0,2919329.0,4008455.0,1270920.0,3971094.0,3946508.0,4084716.0,4083075.0
2023-04-07 20:15:05.048827050,4.39,25.0,0.0,0.0,0.0,0.0,0.0,0.0,0.0,0.0,0.0,0.0,0.0,0.0,0.0,0.0,0.0,0.0,3645452.25,1055904.0,4100000.0,849782.1931872823,4085339.0,4097756.0,3994798.0,3944760.0,1055904.0,3950450.0,3985109.0,2820554.0,3881890.0,3750079.0,4100000.0,4078788.0
2023-04-07 20:15:07.052837846,4.39,27.0,0.0,0.0,0.0,0.0,0.0,0.0,0.0,0.0,0.0,0.0,0.0,0.0,0.0,0.0,0.0,0.0,3201021.75,1178460.0,4100371.0,1144202.8986386205,3645078.0,3970013.0,1207931.0,1178460.0,4094768.0,4085556.0,3839742.0,4051691.0,1954648.0,2199485.0,4100371.0,4084518.0
2023-04-07 20:15:09.040815182,4.39,32.0,0.0,0.0,0.0,0.0,0.0,0.0,0.0,0.0,0.0,0.0,0.0,0.0,0.0,0.0,0.0,0.0,4029676.5833333335,3772881.0,4100118.0,83940.8910498516,3772881.0,3995415.0,4037522.0,4055276.0,4052631.0,4048202.0,4005970.0,4085451.0,4099997.0,4100118.0,4025533.0,4077123.0
2023-04-07 20:15:11.044821701,4.12,22.0,0.0,0.0,0.0,0.0,0.0,0.0,0.0,0.0,0.0,0.0,0.0,0.0,0.0,0.0,0.0,0.0,3408204.333333333,1009469.0,4088674.0,1069938.0813076936,4043408.0,2039953.0,1748769.0,1009469.0,4010419.0,3779417.0,4077841.0,3903681.0,4063065.0,4088674.0,4065751.0,4068005.0
2023-04-07 20:15:13.044814373,4.12,29.0,0.0,0.0,0.0,0.0,0.0,0.0,0.0,0.0,0.0,0.0,0.0,0.0,0.0,0.0,0.0,0.0,2687857.833333333,840255.0,4090984.0,1242431.7080037594,1778715.0,3584882.0,955972.0,840255.0,1430857.0,1810706.0,2265266.0,3362593.0,4049563.0,3995775.0,4088726.0,4090984.0
2023-04-07 20:15:15.044810821,3.87,17.0,0.0,0.0,0.0,0.0,0.0,0.0,0.0,0.0,0.0,0.0,0.0,0.0,0.0,0.0,0.0,0.0,2337948.9166666665,850515.0,4025112.0,961928.918489776,850515.0,3424481.0,2141519.0,1630057.0,1473141.0,3237107.0,1295025.0,3410850.0,4025112.0,1852019.0,1975445.0,2740116.0
2023-04-07 20:15:17.052834252,3.87,33.0,0.0,0.0,0.0,0.0,0.0,0.0,0.0,0.0,0.0,0.0,0.0,0.0,0.0,0.0,0.0,0.0,3972391.0,2968540.0,4100000.0,304663.55637489696,3994135.0,3993992.0,4083552.0,4100000.0,4071613.0,4078934.0,4039178.0,4094694.0,2968540.0,4078343.0,4095020.0,4070691.0
2023-04-07 20:15:19.068837167,3.87,22.0,0.0,0.0,0.0,0.0,0.0,0.0,0.0,0.0,0.0,0.0,0.0,0.0,0.0,0.0,0.0,0.0,2419686.25,875108.0,4052484.0,1265940.6933181563,3608686.0,4052484.0,1002885.0,926704.0,1839578.0,3406763.0,1681483.0,4030791.0,1138425.0,875108.0,3978787.0,2494541.0
2023-04-07 20:15:21.056828717,3.64,18.0,0.0,0.0,0.0,0.0,0.0,0.0,0.0,0.0,0.0,0.0,0.0,0.0,0.0,0.0,0.0,0.0,3663413.8333333335,2127159.0,4100000.0,731615.2285673384,2127159.0,2188927.0,3027484.0,4034105.0,4099997.0,4100000.0,4044353.0,4028883.0,4090208.0,4088814.0,4046383.0,4084653.0
2023-04-07 20:15:23.076837144,3.64,29.0,0.0,0.0,0.0,0.0,0.0,0.0,0.0,0.0,0.0,0.0,0.0,0.0,0.0,0.0,0.0,0.0,4069737.4166666665,3952205.0,4100002.0,44279.27333877242,4085517.0,4100002.0,4086548.0,4079420.0,3952205.0,4092936.0,4099888.0,4090125.0,3997347.0,4070773.0,4082088.0,4100000.0
2023-04-07 20:15:25.048822583,3.67,30.0,0.0,0.0,0.0,0.0,0.0,0.0,0.0,0.0,0.0,0.0,0.0,0.0,0.0,0.0,0.0,0.0,3658347.6666666665,1050158.0,4100461.0,869972.1574050838,1050158.0,4019972.0,4100000.0,4100461.0,2847711.0,3366687.0,4085783.0,4098510.0,4031453.0,4086030.0,4048455.0,4064952.0
2023-04-07 20:15:27.064824417,3.67,41.0,0.0,0.0,0.0,0.0,0.0,0.0,0.0,0.0,0.0,0.0,0.0,0.0,0.0,0.0,0.0,0.0,3271512.333333333,1474424.0,4092551.0,948058.609091788,3856619.0,2219496.0,3586508.0,1474424.0,3221831.0,1560716.0,4085614.0,4092551.0,4039931.0,3083617.0,4030055.0,4006786.0
2023-04-07 20:15:29.068810811,3.67,33.0,0.0,0.0,0.0,0.0,0.0,0.0,0.0,0.0,0.0,0.0,0.0,0.0,0.0,0.0,0.0,0.0,4073061.5833333335,3919928.0,4100000.0,47123.9226463204,4083034.0,4069008.0,4092032.0,3919928.0,4088350.0,4092090.0,4100000.0,4100000.0,4081660.0,4071123.0,4094228.0,4085286.0
2023-04-07 20:15:31.052815967,3.7,33.0,0.0,0.0,0.0,0.0,0.0,0.0,0.0,0.0,0.0,0.0,0.0,0.0,0.0,0.0,0.0,0.0,3859200.0,1991447.0,4100002.0,569986.0425022119,1991447.0,3987708.0,4099502.0,4100002.0,4039022.0,4056233.0,4100000.0,4100000.0,4036257.0,3825248.0,3874981.0,4100000.0
2023-04-07 20:15:33.080857491,3.7,48.0,0.0,0.0,0.0,0.0,0.0,0.0,0.0,0.0,0.0,0.0,0.0,0.0,0.0,0.0,0.0,0.0,3972971.5,2853444.0,4100000.0,338842.1199505506,4049656.0,4084731.0,3990451.0,2853444.0,4099090.0,4090660.0,4074100.0,4084848.0,4100000.0,4100000.0,4088946.0,4059732.0
2023-04-07 20:15:35.064878361,3.72,37.0,0.0,0.0,0.0,0.0,0.0,0.0,0.0,0.0,0.0,0.0,0.0,0.0,0.0,0.0,0.0,0.0,3980453.4166666665,2877750.0,4100000.0,333775.4347770015,4092138.0,4089440.0,3987974.0,2877750.0,4083372.0,4088083.0,4096425.0,4085564.0,4100000.0,4100000.0,4097968.0,4066727.0
2023-04-07 20:15:37.052836140,3.72,40.0,0.0,0.0,0.0,0.0,0.0,0.0,0.0,0.0,0.0,0.0,0.0,0.0,0.0,0.0,0.0,0.0,3366389.25,881280.0,4100019.0,1124553.6932848163,3177042.0,3997207.0,4088847.0,4099720.0,1306747.0,2487092.0,4099997.0,4100019.0,4061512.0,881280.0,4063920.0,4033288.0
2023-04-07 20:15:39.056830218,3.72,26.0,0.0,0.0,0.0,0.0,0.0,0.0,0.0,0.0,0.0,0.0,0.0,0.0,0.0,0.0,0.0,0.0,3583178.75,2001385.0,4098007.0,668472.348500934,4087925.0,4081013.0,2001385.0,3041662.0,4054816.0,4098007.0,4085383.0,4070806.0,2801061.0,3460630.0,3128702.0,4086755.0
2023-04-07 20:15:41.056834917,3.66,27.0,0.0,0.0,0.0,0.0,0.0,0.0,0.0,0.0,0.0,0.0,0.0,0.0,0.0,0.0,0.0,0.0,2854503.1666666665,1090719.0,4098244.0,1227555.9399177996,1415168.0,3982354.0,1784236.0,1090719.0,4098244.0,4084903.0,2097739.0,4028200.0,1913836.0,1597479.0,4075155.0,4086005.0
2023-04-07 20:15:43.068812402,3.66,32.0,0.0,0.0,0.0,0.0,0.0,0.0,0.0,0.0,0.0,0.0,0.0,0.0,0.0,0.0,0.0,0.0,3441930.9166666665,1022237.0,4100000.0,944322.55595166,3821440.0,4094036.0,3997702.0,4027270.0,4072196.0,4091295.0,4100000.0,4100000.0,2469143.0,1022237.0,2907574.0,2600278.0
2023-04-07 20:15:45.080821720,3.53,12.0,0.0,0.0,0.0,0.0,0.0,0.0,0.0,0.0,0.0,0.0,0.0,0.0,0.0,0.0,0.0,0.0,3075212.5,1340513.0,4089573.0,858866.8747248221,4088707.0,4089573.0,4023880.0,2822102.0,1340513.0,2238280.0,2508210.0,3881483.0,3333383.0,2073992.0,3152611.0,3349816.0
2023-04-07 20:15:47.056840339,3.53,22.0,0.0,0.0,0.0,0.0,0.0,0.0,0.0,0.0,0.0,0.0,0.0,0.0,0.0,0.0,0.0,0.0,3530999.083333333,2031834.0,4100000.0,757521.1712281775,4091019.0,4079276.0,2031834.0,4041394.0,2893753.0,2716705.0,4100000.0,4092980.0,4011112.0,2343392.0,4012285.0,3958239.0
2023-04-07 20:15:49.088806845,3.53,20.0,0.0,0.0,0.0,0.0,0.0,0.0,0.0,0.0,0.0,0.0,0.0,0.0,0.0,0.0,0.0,0.0,2462326.833333333,945056.0,4087025.0,1221448.780979022,4049789.0,1297144.0,2388512.0,1488503.0,945056.0,1166509.0,1130889.0,3903198.0,2254710.0,2813648.0,4022939.0,4087025.0
2023-04-07 20:15:51.068828019,3.57,24.0,0.0,0.0,0.0,0.0,0.0,0.0,0.0,0.0,0.0,0.0,0.0,0.0,0.0,0.0,0.0,0.0,3885167.8333333335,3328757.0,4100000.0,265980.78007374686,4100000.0,4079732.0,3564989.0,4014745.0,3948765.0,3439363.0,4059180.0,4081179.0,3879131.0,3328757.0,4038492.0,4087681.0
2023-04-07 20:15:53.084805784,3.57,19.0,0.0,0.0,0.0,0.0,0.0,0.0,0.0,0.0,0.0,0.0,0.0,0.0,0.0,0.0,0.0,0.0,3508841.75,2102015.0,4100225.0,775245.80552473,2845714.0,2721494.0,4100000.0,4086745.0,3642849.0,4050448.0,2169078.0,2102015.0,4100001.0,4100000.0,4087532.0,4100225.0
2023-04-07 20:15:55.060820339,3.44,26.0,0.0,0.0,0.0,0.0,0.0,0.0,0.0,0.0,0.0,0.0,0.0,0.0,0.0,0.0,0.0,0.0,4075059.6666666665,3996470.0,4100000.0,26007.20347433679,4078916.0,4064661.0,4078547.0,4083019.0,4099997.0,4100000.0,4074518.0,4073981.0,3996470.0,4076691.0,4097217.0,4076699.0
2023-04-07 20:15:57.076845248,3.44,32.0,0.0,0.0,0.0,0.0,0.0,0.0,0.0,0.0,0.0,0.0,0.0,0.0,0.0,0.0,0.0,0.0,3465072.6666666665,1148351.0,4100000.0,1043860.3045295648,3963120.0,3924016.0,1148351.0,1766885.0,4100000.0,4100000.0,4053460.0,2175170.0,4084086.0,4099564.0,4082769.0,4083451.0
2023-04-07 20:15:59.084980783,3.44,26.0,0.0,0.0,0.0,0.0,0.0,0.0,0.0,0.0,0.0,0.0,0.0,0.0,0.0,0.0,0.0,0.0,2472602.25,1282855.0,4080230.0,1029600.1764466732,1282855.0,1639193.0,2523391.0,3220741.0,1418426.0,3268913.0,4080230.0,3605281.0,2087839.0,3820389.0,1407896.0,1316073.0
2023-04-07 20:16:01.068803846,3.49,26.0,0.0,0.0,0.0,0.0,0.0,0.0,0.0,0.0,0.0,0.0,0.0,0.0,0.0,0.0,0.0,0.0,3393890.833333333,1388735.0,4100399.0,920411.6028131864,4088773.0,4090560.0,2578969.0,1388735.0,4099997.0,4100399.0,2205065.0,4064268.0,2494826.0,4013356.0,3546744.0,4054998.0
2023-04-07 20:16:03.072851561,3.49,26.0,0.0,0.0,0.0,0.0,0.0,0.0,0.0,0.0,0.0,0.0,0.0,0.0,0.0,0.0,0.0,0.0,3659348.4166666665,2114840.0,4100002.0,718866.799191322,2754109.0,3917983.0,4087969.0,4093975.0,4100002.0,4100000.0,4060694.0,4041616.0,4096521.0,4099996.0,2114840.0,2444476.0
2023-04-07 20:16:05.100826241,3.29,23.0,0.0,0.0,0.0,0.0,0.0,0.0,0.0,0.0,0.0,0.0,0.0,0.0,0.0,0.0,0.0,0.0,2537986.1666666665,1067580.0,4020357.0,1079425.748892811,2603675.0,3144508.0,1807509.0,1682805.0,1763925.0,3908897.0,1067580.0,4020357.0,3720718.0,3778128.0,1074860.0,1882872.0
2023-04-07 20:16:07.064827072,3.29,10.0,0.0,0.0,0.0,0.0,0.0,0.0,0.0,0.0,0.0,0.0,0.0,0.0,0.0,0.0,0.0,0.0,3630933.0,1755876.0,4100002.0,736884.7131081632,2924000.0,3769970.0,4100002.0,4100000.0,4028818.0,4027045.0,1755876.0,4029144.0,4100000.0,4100000.0,2635698.0,4000643.0
2023-04-07 20:16:09.068824564,3.29,15.0,0.0,0.0,0.0,0.0,0.0,0.0,0.0,0.0,0.0,0.0,0.0,0.0,0.0,0.0,0.0,0.0,2178530.75,984567.0,4009236.0,1258952.62030521,1131677.0,3991883.0,1003889.0,1035502.0,1189506.0,2580815.0,1895044.0,984567.0,3358270.0,4009236.0,3960339.0,1001641.0
2023-04-07 20:16:11.068819101,3.1,12.0,0.0,0.0,0.0,0.0,0.0,0.0,0.0,0.0,0.0,0.0,0.0,0.0,0.0,0.0,0.0,0.0,2847145.9166666665,1208719.0,4100000.0,1129459.867303501,1208719.0,3826734.0,1963956.0,2896969.0,2019347.0,4058986.0,1465353.0,1358374.0,4099997.0,4100000.0,3149013.0,4018303.0
2023-04-07 20:16:13.072836617,3.1,10.0,0.0,0.0,0.0,0.0,0.0,0.0,0.0,0.0,0.0,0.0,0.0,0.0,0.0,0.0,0.0,0.0,3329355.5,1396832.0,4100002.0,884995.0681972282,1396832.0,4039374.0,4100000.0,4100002.0,3105454.0,4001802.0,2682007.0,2381996.0,3769248.0,4008819.0,4036409.0,2330323.0
2023-04-07 20:16:15.084839697,3.1,22.0,0.0,0.0,0.0,0.0,0.0,0.0,0.0,0.0,0.0,0.0,0.0,0.0,0.0,0.0,0.0,0.0,3429394.083333333,1453684.0,4100000.0,1035184.124471299,4020996.0,3770120.0,4059433.0,4017741.0,4079443.0,4062089.0,4100000.0,4035278.0,1580672.0,4058350.0,1914923.0,1453684.0
2023-04-07 20:16:17.080823692,3.1,12.0,0.0,0.0,0.0,0.0,0.0,0.0,0.0,0.0,0.0,0.0,0.0,0.0,0.0,0.0,0.0,0.0,2355596.4166666665,915640.0,3969912.0,924890.345008933,1641079.0,1983220.0,2781471.0,1669787.0,2266085.0,1411475.0,2479117.0,3376801.0,1947158.0,3969912.0,915640.0,3825412.0
2023-04-07 20:16:19.092838161,3.1,15.0,0.0,0.0,0.0,0.0,0.0,0.0,0.0,0.0,0.0,0.0,0.0,0.0,0.0,0.0,0.0,0.0,3839467.9166666665,2213120.0,4100002.0,542592.3550171679,4099940.0,4089303.0,4007763.0,4075111.0,4088256.0,4097757.0,3231868.0,3981480.0,2213120.0,4000681.0,4100002.0,4088334.0
2023-04-07 20:16:21.076860856,3.01,31.0,0.0,0.0,0.0,0.0,0.0,0.0,0.0,0.0,0.0,0.0,0.0,0.0,0.0,0.0,0.0,0.0,3816042.4166666665,2210447.0,4100017.0,515977.8616021974,3971636.0,4049577.0,2210447.0,3761134.0,4087075.0,4100017.0,3468004.0,3867986.0,4088739.0,4047392.0,4065816.0,4074686.0
2023-04-07 20:16:23.076817807,3.01,28.0,0.0,0.0,0.0,0.0,0.0,0.0,0.0,0.0,0.0,0.0,0.0,0.0,0.0,0.0,0.0,0.0,3419977.583333333,1068751.0,4093482.0,1038617.2331088788,4031247.0,4069016.0,3033746.0,4054375.0,4036687.0,3984130.0,1443198.0,1068751.0,4082375.0,3058801.0,4083923.0,4093482.0
2023-04-07 20:16:25.096836409,2.85,33.0,0.0,0.0,0.0,0.0,0.0,0.0,0.0,0.0,0.0,0.0,0.0,0.0,0.0,0.0,0.0,0.0,2962852.833333333,1041353.0,4100000.0,1267714.4811551506,4100000.0,4099998.0,1761243.0,1860483.0,1041353.0,3978107.0,3841379.0,4089314.0,1670936.0,4023666.0,3981033.0,1106722.0
2023-04-07 20:16:27.076836332,2.85,24.0,0.0,0.0,0.0,0.0,0.0,0.0,0.0,0.0,0.0,0.0,0.0,0.0,0.0,0.0,0.0,0.0,3340675.0,1328582.0,4100000.0,1029108.6176506508,4100000.0,4095868.0,2272052.0,2568467.0,1614971.0,4035381.0,4033667.0,4089243.0,3839642.0,4100000.0,1328582.0,4010227.0
2023-04-07 20:16:29.076836525,2.85,24.0,0.0,0.0,0.0,0.0,0.0,0.0,0.0,0.0,0.0,0.0,0.0,0.0,0.0,0.0,0.0,0.0,3797953.6666666665,2256913.0,4115378.0,629675.3810198994,4099988.0,4075567.0,3987294.0,4073239.0,4088904.0,4084038.0,4100000.0,4100000.0,4115378.0,4055895.0,2256913.0,2538228.0
2023-04-07 20:16:31.120829890,2.94,27.0,0.0,0.0,0.0,0.0,0.0,0.0,0.0,0.0,0.0,0.0,0.0,0.0,0.0,0.0,0.0,0.0,2091281.0833333333,829309.0,4025288.0,1096419.57587819,3753066.0,1959729.0,1998049.0,2145568.0,1107766.0,981067.0,864968.0,829309.0,1634442.0,4025288.0,2160500.0,3635621.0
2023-04-07 20:16:33.076837259,2.94,14.0,0.0,0.0,0.0,0.0,0.0,0.0,0.0,0.0,0.0,0.0,0.0,0.0,0.0,0.0,0.0,0.0,3204988.25,951530.0,4078477.0,1061817.7820681792,4055149.0,3709398.0,2811089.0,4038049.0,3105463.0,2753443.0,4023351.0,4078477.0,1197856.0,951530.0,3679956.0,4056098.0
2023-04-07 20:16:35.080840435,2.86,19.0,0.0,0.0,0.0,0.0,0.0,0.0,0.0,0.0,0.0,0.0,0.0,0.0,0.0,0.0,0.0,0.0,2756304.9166666665,843989.0,4100096.0,1098563.315552443,2709860.0,2505704.0,4099997.0,4100096.0,2678890.0,4021252.0,2054748.0,2450650.0,915791.0,843989.0,2687389.0,4007293.0
2023-04-07 20:16:37.080829762,2.86,9.0,0.0,0.0,0.0,0.0,0.0,0.0,0.0,0.0,0.0,0.0,0.0,0.0,0.0,0.0,0.0,0.0,3249312.333333333,1431178.0,4100000.0,1034705.4696622072,2978782.0,3995987.0,4100000.0,4099997.0,1743755.0,3960621.0,3751428.0,4099290.0,1479226.0,1431178.0,3344386.0,4007098.0
2023-04-07 20:16:39.104833052,2.86,27.0,0.0,0.0,0.0,0.0,0.0,0.0,0.0,0.0,0.0,0.0,0.0,0.0,0.0,0.0,0.0,0.0,3938672.1666666665,3055571.0,4100000.0,294745.77291055233,4072036.0,4080628.0,3055571.0,3620078.0,4044972.0,3953945.0,4041918.0,4080523.0,4100000.0,4099997.0,4038098.0,4076300.0
2023-04-07 20:16:41.080830092,2.79,20.0,0.0,0.0,0.0,0.0,0.0,0.0,0.0,0.0,0.0,0.0,0.0,0.0,0.0,0.0,0.0,0.0,3024359.833333333,1148364.0,4100475.0,1181580.0658731533,1710632.0,4009563.0,4100000.0,4100475.0,1148364.0,1446615.0,2359580.0,3542349.0,1687749.0,4008849.0,4098930.0,4079212.0
2023-04-07 20:16:43.088819939,2.79,25.0,0.0,0.0,0.0,0.0,0.0,0.0,0.0,0.0,0.0,0.0,0.0,0.0,0.0,0.0,0.0,0.0,3317623.833333333,1207380.0,4099997.0,1090983.3184136252,2407364.0,4002155.0,4091436.0,4099997.0,4089266.0,4080064.0,1883321.0,4016265.0,1762312.0,1207380.0,4086819.0,4085107.0
2023-04-07 20:16:45.088814060,2.81,29.0,0.0,0.0,0.0,0.0,0.0,0.0,0.0,0.0,0.0,0.0,0.0,0.0,0.0,0.0,0.0,0.0,3827717.4166666665,2397147.0,4100002.0,566190.1149632307,4100000.0,4100002.0,2748197.0,4023561.0,2397147.0,4062897.0,4099789.0,4083202.0,4080320.0,4089264.0,4067614.0,4080616.0
2023-04-07 20:16:47.084841452,2.81,56.0,0.0,0.0,0.0,0.0,0.0,0.0,0.0,0.0,0.0,0.0,0.0,0.0,0.0,0.0,0.0,0.0,4085646.5833333335,4061837.0,4100126.0,10864.245122252576,4088709.0,4085909.0,4081402.0,4096279.0,4061837.0,4072654.0,4080044.0,4079374.0,4100126.0,4100000.0,4091815.0,4089610.0
2023-04-07 20:16:49.100838922,2.81,43.0,0.0,0.0,0.0,0.0,0.0,0.0,0.0,0.0,0.0,0.0,0.0,0.0,0.0,0.0,0.0,0.0,3311273.333333333,871550.0,4088174.0,1106110.2511096662,2842745.0,1144029.0,871550.0,3220343.0,3324088.0,3992116.0,4068866.0,3986854.0,4053282.0,4059131.0,4088174.0,4084102.0
2023-04-07 20:16:51.100805744,2.91,23.0,0.0,0.0,0.0,0.0,0.0,0.0,0.0,0.0,0.0,0.0,0.0,0.0,0.0,0.0,0.0,0.0,1913166.75,926947.0,3432652.0,765742.4712128664,1145848.0,926947.0,1440859.0,3432652.0,1982123.0,1957309.0,1854364.0,3303055.0,1873853.0,977281.0,1813373.0,2250337.0
2023-04-07 20:16:53.100816055,2.91,14.0,0.0,0.0,0.0,0.0,0.0,0.0,0.0,0.0,0.0,0.0,0.0,0.0,0.0,0.0,0.0,0.0,3005827.9166666665,892367.0,4100000.0,1226570.1913396192,1785541.0,892367.0,1567392.0,1158370.0,3305967.0,4056480.0,4100000.0,4100000.0,4048257.0,4013715.0,3964859.0,3076987.0
2023-04-07 20:16:55.096823283,2.91,26.0,0.0,0.0,0.0,0.0,0.0,0.0,0.0,0.0,0.0,0.0,0.0,0.0,0.0,0.0,0.0,0.0,3320126.583333333,1025573.0,4091729.0,1097988.3269084615,1436025.0,1025573.0,4091729.0,4091605.0,3942799.0,4064076.0,2312624.0,4059490.0,4088307.0,4022162.0,4014429.0,2692700.0
2023-04-07 20:16:57.096801580,2.91,28.0,0.0,0.0,0.0,0.0,0.0,0.0,0.0,0.0,0.0,0.0,0.0,0.0,0.0,0.0,0.0,0.0,3509087.333333333,852688.0,4100432.0,1190089.2090541178,869422.0,852688.0,4099997.0,4100432.0,3664344.0,4084506.0,4100147.0,4100002.0,4056518.0,3989494.0,4091448.0,4100050.0
2023-04-07 20:16:59.092845642,2.91,18.0,0.0,0.0,0.0,0.0,0.0,0.0,0.0,0.0,0.0,0.0,0.0,0.0,0.0,0.0,0.0,0.0,2973086.5,1535967.0,4100000.0,919667.5183575402,2232360.0,4034043.0,4099997.0,4100000.0,2330445.0,3947627.0,3771853.0,3004572.0,1992282.0,2450576.0,1535967.0,2177316.0
2023-04-07 20:17:01.112807280,2.84,18.0,0.0,0.0,0.0,0.0,0.0,0.0,0.0,0.0,0.0,0.0,0.0,0.0,0.0,0.0,0.0,0.0,3796758.3333333335,2076146.0,4100403.0,651023.0785050729,2076146.0,4047378.0,4051079.0,2655473.0,4084416.0,4068593.0,4100000.0,4100000.0,4100403.0,4099998.0,4080058.0,4097556.0
2023-04-07 20:17:03.104964878,2.84,30.0,0.0,0.0,0.0,0.0,0.0,0.0,0.0,0.0,0.0,0.0,0.0,0.0,0.0,0.0,0.0,0.0,3504201.4166666665,874292.0,4100040.0,1163795.945653021,961564.0,874292.0,3617129.0,4026729.0,3970284.0,4063175.0,4085684.0,4091437.0,4100040.0,4080459.0,4079620.0,4100004.0
2023-04-07 20:17:05.096812303,2.85,23.0,0.0,0.0,0.0,0.0,0.0,0.0,0.0,0.0,0.0,0.0,0.0,0.0,0.0,0.0,0.0,0.0,2906654.583333333,854285.0,4100000.0,1208609.598663926,1114935.0,854285.0,4100000.0,4099997.0,3176799.0,4023596.0,3220752.0,4055728.0,1688857.0,1530564.0,3048495.0,3965847.0
2023-04-07 20:17:07.108836686,2.85,9.0,0.0,0.0,0.0,0.0,0.0,0.0,0.0,0.0,0.0,0.0,0.0,0.0,0.0,0.0,0.0,0.0,2806263.25,1253759.0,4100000.0,1134095.1472464823,2009408.0,2983179.0,1788882.0,4037408.0,3995722.0,4100000.0,1793204.0,1253759.0,4100000.0,4100000.0,1490702.0,2022895.0
2023-04-07 20:17:09.096824634,2.85,13.0,0.0,0.0,0.0,0.0,0.0,0.0,0.0,0.0,0.0,0.0,0.0,0.0,0.0,0.0,0.0,0.0,3553664.9166666665,2026324.0,4100000.0,745640.9836494658,2656985.0,3951790.0,3992906.0,4028970.0,3987820.0,2026324.0,4082667.0,4100000.0,4062494.0,3438758.0,2261809.0,4053456.0
2023-04-07 20:17:11.096823830,3.11,17.0,0.0,0.0,0.0,0.0,0.0,0.0,0.0,0.0,0.0,0.0,0.0,0.0,0.0,0.0,0.0,0.0,2267409.6666666665,949398.0,4100000.0,1288637.7733845753,1612728.0,3903305.0,1977586.0,1689647.0,4100000.0,4100000.0,977771.0,1284542.0,1583466.0,4053212.0,977261.0,949398.0
2023-04-07 20:17:13.100807747,3.11,15.0,0.0,0.0,0.0,0.0,0.0,0.0,0.0,0.0,0.0,0.0,0.0,0.0,0.0,0.0,0.0,0.0,3863665.9166666665,1930440.0,4100000.0,593876.0241671458,4100000.0,4100000.0,3988598.0,3984042.0,4100000.0,4100000.0,4100000.0,4099997.0,4071853.0,4100000.0,1930440.0,3689061.0
2023-04-07 20:17:15.096839066,3.1,23.0,0.0,0.0,0.0,0.0,0.0,0.0,0.0,0.0,0.0,0.0,0.0,0.0,0.0,0.0,0.0,0.0,3911730.5,2181678.0,4100621.0,522466.7409849326,2181678.0,4043120.0,4019201.0,4057008.0,4100621.0,4060818.0,4100000.0,4100000.0,4099997.0,4100615.0,4053306.0,4024402.0
2023-04-07 20:17:17.116839591,3.1,24.0,0.0,0.0,0.0,0.0,0.0,0.0,0.0,0.0,0.0,0.0,0.0,0.0,0.0,0.0,0.0,0.0,3002764.0,1078341.0,4088618.0,1253069.0664947403,1078341.0,1283200.0,4042187.0,4033714.0,4007616.0,4032212.0,1546994.0,1700796.0,4088618.0,4073356.0,2119229.0,4026905.0
2023-04-07 20:17:19.124809757,3.1,19.0,0.0,0.0,0.0,0.0,0.0,0.0,0.0,0.0,0.0,0.0,0.0,0.0,0.0,0.0,0.0,0.0,2170323.5,839301.0,4100000.0,1374811.9833735751,921333.0,839301.0,3898248.0,1041076.0,995809.0,945337.0,1844772.0,1101887.0,2211586.0,4049575.0,4094958.0,4100000.0
2023-04-07 20:17:21.104810666,3.25,17.0,0.0,0.0,0.0,0.0,0.0,0.0,0.0,0.0,0.0,0.0,0.0,0.0,0.0,0.0,0.0,0.0,1916146.0,810661.0,3069442.0,792324.1081633408,1614653.0,3069442.0,2959681.0,2540026.0,2665054.0,2742218.0,914100.0,810661.0,1074638.0,1422743.0,1571267.0,1609269.0
2023-04-07 20:17:23.128804773,3.25,15.0,0.0,0.0,0.0,0.0,0.0,0.0,0.0,0.0,0.0,0.0,0.0,0.0,0.0,0.0,0.0,0.0,3541529.833333333,1147032.0,4100000.0,964652.2095591268,4086420.0,4088307.0,3966286.0,4032494.0,4100000.0,4100000.0,4100000.0,4099997.0,2715977.0,4022175.0,2039670.0,1147032.0
2023-04-07 20:17:25.120840231,2.99,19.0,0.0,0.0,0.0,0.0,0.0,0.0,0.0,0.0,0.0,0.0,0.0,0.0,0.0,0.0,0.0,0.0,2416418.6666666665,1070042.0,3995649.0,1007523.374180746,2137581.0,3870093.0,1172552.0,3456222.0,1872810.0,1070042.0,1721098.0,2490890.0,3341136.0,3995649.0,2624062.0,1244889.0
2023-04-07 20:17:27.112840455,2.99,27.0,0.0,0.0,0.0,0.0,0.0,0.0,0.0,0.0,0.0,0.0,0.0,0.0,0.0,0.0,0.0,0.0,3802853.9166666665,1708194.0,4099750.0,650271.3993119154,1708194.0,3876985.0,4082694.0,4084464.0,4056138.0,4099750.0,4008620.0,4056299.0,4094803.0,4045373.0,4002338.0,3518589.0
2023-04-07 20:17:29.104820553,2.99,29.0,0.0,0.0,0.0,0.0,0.0,0.0,0.0,0.0,0.0,0.0,0.0,0.0,0.0,0.0,0.0,0.0,2950399.5,846686.0,4100555.0,1355885.9963809336,2353310.0,4046992.0,3986359.0,4012114.0,4100312.0,4048277.0,4100555.0,4099997.0,910072.0,846686.0,1589687.0,1310433.0
2023-04-07 20:17:31.108807982,2.75,12.0,0.0,0.0,0.0,0.0,0.0,0.0,0.0,0.0,0.0,0.0,0.0,0.0,0.0,0.0,0.0,0.0,3157733.333333333,1652264.0,4100002.0,918268.4041114498,1652264.0,1950450.0,3602326.0,3997228.0,1794690.0,2289340.0,4100000.0,4100002.0,3658251.0,4038266.0,3334875.0,3375108.0
2023-04-07 20:17:33.104809950,2.75,17.0,0.0,0.0,0.0,0.0,0.0,0.0,0.0,0.0,0.0,0.0,0.0,0.0,0.0,0.0,0.0,0.0,2738645.4166666665,1410771.0,4084851.0,949874.4704239834,1612312.0,2453202.0,3418753.0,2699867.0,3973025.0,3133726.0,1982861.0,1410771.0,3934574.0,4084851.0,1413441.0,2746362.0
2023-04-07 20:17:35.112812655,2.93,22.0,0.0,0.0,0.0,0.0,0.0,0.0,0.0,0.0,0.0,0.0,0.0,0.0,0.0,0.0,0.0,0.0,3890606.3333333335,2286387.0,4100002.0,490496.5005472063,2286387.0,4078770.0,4071531.0,4024817.0,3803090.0,3964489.0,4100000.0,4100002.0,4013119.0,4045069.0,4100002.0,4100000.0
2023-04-07 20:17:37.112841312,2.93,18.0,0.0,0.0,0.0,0.0,0.0,0.0,0.0,0.0,0.0,0.0,0.0,0.0,0.0,0.0,0.0,0.0,2585098.0,916560.0,4091206.0,1216400.2837435957,4091206.0,4080641.0,916560.0,2654167.0,1656989.0,1290303.0,1594064.0,4038670.0,3688770.0,3840811.0,1458907.0,1710088.0
2023-04-07 20:17:39.128801261,2.93,18.0,0.0,0.0,0.0,0.0,0.0,0.0,0.0,0.0,0.0,0.0,0.0,0.0,0.0,0.0,0.0,0.0,2474957.6666666665,1020987.0,4100001.0,1173772.3874135716,3391552.0,4084698.0,2778234.0,2923022.0,1758506.0,1079040.0,1020987.0,1602730.0,1503591.0,1357599.0,4099532.0,4100001.0
2023-04-07 20:17:41.116834041,2.78,13.0,0.0,0.0,0.0,0.0,0.0,0.0,0.0,0.0,0.0,0.0,0.0,0.0,0.0,0.0,0.0,0.0,2476362.25,935498.0,4083560.0,1296712.068203149,4083560.0,4068607.0,935498.0,947276.0,3117463.0,3979801.0,1008606.0,1738174.0,1260330.0,1574407.0,2961415.0,4041210.0
2023-04-07 20:17:43.112831436,2.78,16.0,0.0,0.0,0.0,0.0,0.0,0.0,0.0,0.0,0.0,0.0,0.0,0.0,0.0,0.0,0.0,0.0,3278917.0,1136309.0,4100113.0,1037538.7414066362,4002737.0,2975315.0,2435798.0,1597859.0,2716460.0,4064684.0,1136309.0,4034645.0,4090118.0,4092969.0,4100113.0,4099997.0
2023-04-07 20:17:45.136826091,2.71,19.0,0.0,0.0,0.0,0.0,0.0,0.0,0.0,0.0,0.0,0.0,0.0,0.0,0.0,0.0,0.0,0.0,2071474.0,986545.0,4031087.0,842858.7249381319,1482250.0,2695166.0,2178260.0,1520758.0,2443469.0,2010258.0,4031087.0,2920540.0,986545.0,2183875.0,1392260.0,1013220.0
2023-04-07 20:17:47.132802960,2.71,7.0,0.0,0.0,0.0,0.0,0.0,0.0,0.0,0.0,0.0,0.0,0.0,0.0,0.0,0.0,0.0,0.0,2353499.5,967204.0,3957697.0,1065316.803310366,967204.0,1423423.0,1737843.0,3644309.0,2252724.0,3568499.0,971791.0,1930580.0,1884450.0,3874539.0,2028935.0,3957697.0
2023-04-07 20:17:49.128825745,2.71,15.0,0.0,0.0,0.0,0.0,0.0,0.0,0.0,0.0,0.0,0.0,0.0,0.0,0.0,0.0,0.0,0.0,2183162.25,991665.0,4033701.0,1078341.4166278015,1085835.0,3676670.0,2140932.0,2085887.0,3795530.0,4033701.0,1087816.0,1856128.0,1659457.0,991665.0,1081715.0,2702611.0
2023-04-07 20:17:51.132827634,2.58,7.0,0.0,0.0,0.0,0.0,0.0,0.0,0.0,0.0,0.0,0.0,0.0,0.0,0.0,0.0,0.0,0.0,2136532.333333333,920757.0,3983318.0,1006149.3493274524,1330746.0,1122154.0,1828262.0,3247282.0,1922484.0,3894621.0,1199223.0,1700029.0,920757.0,2137379.0,2352133.0,3983318.0
2023-04-07 20:17:53.148801617,2.58,7.0,0.0,0.0,0.0,0.0,0.0,0.0,0.0,0.0,0.0,0.0,0.0,0.0,0.0,0.0,0.0,0.0,1976530.6666666667,845146.0,3631970.0,873053.7618069246,1366630.0,990114.0,2962547.0,1353910.0,1683899.0,845146.0,1829349.0,3631970.0,1683589.0,3424034.0,1715822.0,2231358.0
2023-04-07 20:17:55.116837716,2.53,11.0,0.0,0.0,0.0,0.0,0.0,0.0,0.0,0.0,0.0,0.0,0.0,0.0,0.0,0.0,0.0,0.0,3521991.1666666665,1287380.0,4086766.0,944803.6441279596,4086766.0,4072571.0,4063615.0,4063264.0,4077273.0,4054320.0,3857792.0,1287380.0,1765172.0,3939289.0,2976803.0,4019649.0
2023-04-07 20:17:57.136833895,2.53,23.0,0.0,0.0,0.0,0.0,0.0,0.0,0.0,0.0,0.0,0.0,0.0,0.0,0.0,0.0,0.0,0.0,3221502.4166666665,1488582.0,4090817.0,1056535.9085880185,4009540.0,4029629.0,2027720.0,4069407.0,3422055.0,3832300.0,1555862.0,1488582.0,1973188.0,4068828.0,4090817.0,4090101.0
2023-04-07 20:17:59.128822959,2.53,15.0,0.0,0.0,0.0,0.0,0.0,0.0,0.0,0.0,0.0,0.0,0.0,0.0,0.0,0.0,0.0,0.0,2472381.333333333,1012757.0,4099997.0,1190014.376672143,1012757.0,3321257.0,1147826.0,1946576.0,1831822.0,4099997.0,1035088.0,1431880.0,3930593.0,3593626.0,2270209.0,4046945.0
2023-04-07 20:18:01.152830747,2.57,18.0,0.0,0.0,0.0,0.0,0.0,0.0,0.0,0.0,0.0,0.0,0.0,0.0,0.0,0.0,0.0,0.0,2041235.0833333333,960706.0,3741590.0,1001394.9056514832,1349995.0,2181613.0,2522721.0,3425323.0,3342893.0,3741590.0,983976.0,2486611.0,1057399.0,960706.0,1167518.0,1274476.0
2023-04-07 20:18:03.124805213,2.57,7.0,0.0,0.0,0.0,0.0,0.0,0.0,0.0,0.0,0.0,0.0,0.0,0.0,0.0,0.0,0.0,0.0,2350057.75,844776.0,3960815.0,1043291.9840595222,1477614.0,1699612.0,2411806.0,2955850.0,1703121.0,844776.0,977519.0,3960815.0,3175592.0,1733478.0,3584572.0,3675938.0
2023-04-07 20:18:05.128829865,2.44,7.0,0.0,0.0,0.0,0.0,0.0,0.0,0.0,0.0,0.0,0.0,0.0,0.0,0.0,0.0,0.0,0.0,3301750.6666666665,846870.0,4087067.0,1158780.096964356,4087067.0,4086800.0,3755312.0,2289133.0,1018843.0,846870.0,4053984.0,4014540.0,3849734.0,3690481.0,3900011.0,4028233.0
2023-04-07 20:18:07.136808497,2.44,15.0,0.0,0.0,0.0,0.0,0.0,0.0,0.0,0.0,0.0,0.0,0.0,0.0,0.0,0.0,0.0,0.0,1574322.6666666667,934523.0,3757063.0,818386.1491659803,1165696.0,934523.0,1350997.0,941017.0,1807209.0,1572793.0,1653077.0,2679055.0,957439.0,1089050.0,983953.0,3757063.0
2023-04-07 20:18:09.144806845,2.44,7.0,0.0,0.0,0.0,0.0,0.0,0.0,0.0,0.0,0.0,0.0,0.0,0.0,0.0,0.0,0.0,0.0,1959592.0,834492.0,4040699.0,1071676.074403082,941544.0,4040699.0,1860006.0,1022815.0,3274372.0,1033699.0,1976516.0,3205269.0,834492.0,2901248.0,967920.0,1456524.0
2023-04-07 20:18:11.128842283,2.41,7.0,0.0,0.0,0.0,0.0,0.0,0.0,0.0,0.0,0.0,0.0,0.0,0.0,0.0,0.0,0.0,0.0,2315479.333333333,921106.0,3887043.0,1112863.1313362643,1911535.0,3324220.0,1417257.0,3820071.0,967905.0,2026201.0,3179905.0,3887043.0,1100866.0,3588163.0,1641480.0,921106.0
2023-04-07 20:18:13.132822539,2.41,7.0,0.0,0.0,0.0,0.0,0.0,0.0,0.0,0.0,0.0,0.0,0.0,0.0,0.0,0.0,0.0,0.0,2729594.0,1565027.0,4024847.0,866556.2318863098,1565027.0,3648986.0,2103193.0,3993456.0,1900563.0,1661883.0,3212911.0,2827261.0,2381884.0,2028172.0,3406945.0,4024847.0
2023-04-07 20:18:15.140838084,2.29,7.0,0.0,0.0,0.0,0.0,0.0,0.0,0.0,0.0,0.0,0.0,0.0,0.0,0.0,0.0,0.0,0.0,2486973.6666666665,873056.0,4027216.0,1150745.207423964,2900707.0,3452727.0,1498990.0,2089158.0,1045000.0,873056.0,2893116.0,3961854.0,1308017.0,1772264.0,4021579.0,4027216.0
2023-04-07 20:18:17.132802597,2.29,6.0,0.0,0.0,0.0,0.0,0.0,0.0,0.0,0.0,0.0,0.0,0.0,0.0,0.0,0.0,0.0,0.0,2542269.4166666665,1246735.0,4100000.0,1120481.9486180532,1621684.0,3507048.0,1246735.0,2170484.0,1325087.0,1277693.0,1748597.0,4061730.0,3425717.0,2061325.0,4100000.0,3961133.0
2023-04-07 20:18:19.148837452,2.29,6.0,0.0,0.0,0.0,0.0,0.0,0.0,0.0,0.0,0.0,0.0,0.0,0.0,0.0,0.0,0.0,0.0,2116280.4166666665,842459.0,4024197.0,1123068.428591765,1093239.0,842459.0,1178032.0,1638911.0,1647315.0,1250564.0,3987566.0,4024197.0,2174651.0,1602251.0,2113899.0,3842281.0
2023-04-07 20:18:21.136806684,2.27,7.0,0.0,0.0,0.0,0.0,0.0,0.0,0.0,0.0,0.0,0.0,0.0,0.0,0.0,0.0,0.0,0.0,2227375.5,995889.0,3973059.0,1086882.4699722214,1454485.0,2509664.0,1035320.0,1722630.0,1511729.0,995889.0,1680086.0,3973059.0,1228370.0,3949817.0,3202475.0,3464982.0
2023-04-07 20:18:23.168821755,2.27,6.0,0.0,0.0,0.0,0.0,0.0,0.0,0.0,0.0,0.0,0.0,0.0,0.0,0.0,0.0,0.0,0.0,2348396.833333333,900962.0,3799769.0,867896.0182303747,2618438.0,3799769.0,2828773.0,3157645.0,1643441.0,961116.0,1852080.0,2672670.0,900962.0,2980920.0,2975519.0,1789429.0
2023-04-07 20:18:25.148822355,2.17,6.0,0.0,0.0,0.0,0.0,0.0,0.0,0.0,0.0,0.0,0.0,0.0,0.0,0.0,0.0,0.0,0.0,2247531.083333333,964019.0,4098147.0,1277441.9850866324,1778001.0,1409981.0,1015636.0,964019.0,1585499.0,1167162.0,1320762.0,1628531.0,3985844.0,4012577.0,4098147.0,4004214.0
2023-04-07 20:18:27.148846127,2.17,7.0,0.0,0.0,0.0,0.0,0.0,0.0,0.0,0.0,0.0,0.0,0.0,0.0,0.0,0.0,0.0,0.0,2385428.833333333,921895.0,3881871.0,1065845.8159090392,1670714.0,3766342.0,3538462.0,3881871.0,927511.0,3528497.0,1298265.0,921895.0,2794320.0,1705740.0,1946100.0,2645429.0
2023-04-07 20:18:29.152834871,2.17,8.0,0.0,0.0,0.0,0.0,0.0,0.0,0.0,0.0,0.0,0.0,0.0,0.0,0.0,0.0,0.0,0.0,2494773.833333333,1211124.0,4061922.0,1122346.293666519,1903840.0,4061922.0,2378746.0,3800488.0,1580441.0,1237183.0,1211124.0,4041546.0,1299921.0,3976517.0,1796500.0,2649058.0
2023-04-07 20:18:31.156831350,1.99,7.0,0.0,0.0,0.0,0.0,0.0,0.0,0.0,0.0,0.0,0.0,0.0,0.0,0.0,0.0,0.0,0.0,1705421.5833333333,912757.0,3692737.0,859280.3122978805,935312.0,2979690.0,2361761.0,1504781.0,912757.0,938147.0,1006022.0,1633909.0,1404052.0,1117051.0,1978840.0,3692737.0
2023-04-07 20:18:33.148835292,1.99,7.0,0.0,0.0,0.0,0.0,0.0,0.0,0.0,0.0,0.0,0.0,0.0,0.0,0.0,0.0,0.0,0.0,2369102.083333333,912130.0,3983878.0,980658.9733573252,3983878.0,912130.0,1789030.0,3595840.0,3530827.0,2875750.0,1009153.0,1302386.0,2609487.0,2698766.0,1964310.0,2157668.0
2023-04-07 20:18:35.156895237,1.91,6.0,0.0,0.0,0.0,0.0,0.0,0.0,0.0,0.0,0.0,0.0,0.0,0.0,0.0,0.0,0.0,0.0,2004417.75,1043986.0,3626054.0,896748.1325137254,3122091.0,1402489.0,3626054.0,2112653.0,1043986.0,3378359.0,1276885.0,1418082.0,2381925.0,1144216.0,1093943.0,2052330.0
2023-04-07 20:18:37.168805835,1.91,6.0,0.0,0.0,0.0,0.0,0.0,0.0,0.0,0.0,0.0,0.0,0.0,0.0,0.0,0.0,0.0,0.0,2762765.083333333,1183530.0,4069060.0,1054963.490285443,1509825.0,1510439.0,3951780.0,3093877.0,4027184.0,4069060.0,1183530.0,1635042.0,2646175.0,4029732.0,2705365.0,2791172.0
