seconds,perf_rapl,energy_ram,retired_instructions,igpm,voltage,current,power_factor,discard,rapl_uj,rapl_uj_diff,minute,second,rapl_pw,load_avg_1minute,cpu_pct,cpu_pct_process,x_rest
67602,3.71,,,17.008,,,,,,,,,2.335168,1.05,0.0,10.0,13.297999999999998
67603,3.18,,,17.008,,,,,10653550044.0,2601999.0,0.033231166666666666,1.0,2.335168,1.05,0.0,6.0,13.828
67604,3.52,,,17.008,,,,,10653550044.0,2601999.0,0.033231166666666666,1.0,2.335168,1.05,0.0,4.3,13.488
67605,3.32,,,17.008,,,,,10656152043.0,2490063.0,0.04990748333333333,2.0,2.601999,1.05,0.0,3.7,13.687999999999999
67606,6.58,,,17.008,,,,,10658642106.0,4772606.0,0.06657741666666667,3.0,2.490063,1.05,0.0,3.4,10.427999999999999
67607,5.07,,,17.008,,,,,10663414712.0,3737828.0,0.08325263333333334,4.0,4.772606,1.05,0.0,3.0,11.937999999999999
67608,4.11,,,17.008,122.25,0.23683,0.5875,0.0,10667152540.0,3014336.0,0.09992586666666667,5.0,3.737828,0.97,0.0,3.0,12.898
67609,3.39,,,12.944377418081327,122.31,0.16996,0.4676,0.0,10670166876.0,2496822.0,0.1165992,6.0,3.014336,0.97,0.0,2.7,9.554377418081327
67610,3.9,,,11.973587299624636,122.28,0.19901,0.5244,0.0,10672663698.0,2870130.0,0.13327263333333333,7.0,2.496822,0.97,0.0,2.6,8.073587299624636
67611,3.31,,,12.002966861594945,122.31,0.18498,0.5047,0.0,10675533828.0,2438608.0,0.14994298333333334,8.0,2.87013,0.97,0.0,2.6,8.692966861594945
67612,3.23,,,11.449753252522902,122.32,0.16231,0.4068,0.0,10677972436.0,2357673.0,0.16661823333333334,9.0,2.438608,0.89,0.0,2.4,8.219753252522901
67613,3.64,,,11.725929523236125,122.3,0.16582,0.4138,0.0,10680330109.0,2689049.0,0.18329041666666665,10.0,2.357673,0.89,0.0,2.4,8.085929523236125
67614,3.29,,,12.127681146599706,122.27,0.19532,0.5191,0.0,10683019158.0,2412778.0,0.19996338333333333,11.0,2.689049,0.89,0.0,2.3,8.837681146599706
67615,3.11,,,11.08984210409992,122.32,0.16472,0.4149,0.0,10685431936.0,2255538.0,0.21663528333333334,12.0,2.412778,0.89,0.0,2.3,7.979842104099921
67616,3.2,,,11.420758343924923,122.34,0.16356,0.4092,0.0,10687687474.0,2364110.0,0.23331095,13.0,2.255538,0.89,0.0,2.2,8.220758343924924
67617,3.97,,,11.309960884571334,122.32,0.16355,0.4126,0.0,10690051584.0,2919888.0,0.24998153333333334,14.0,2.36411,0.89,0.0,2.2,7.339960884571333
67618,3.32,,,11.790141514107257,122.3,0.18658,0.4999,0.0,10692971472.0,2446784.0,0.26665665,15.0,2.919888,0.82,0.0,2.2,8.470141514107256
67619,3.21,,,12.265360650182478,122.28,0.23722,0.5756,0.0,10695418256.0,2356851.0,0.28332985,16.0,2.446784,0.82,0.0,2.2,9.055360650182479
67620,4.97,,,13.055550831111454,122.28,0.24281,0.5913,0.0,10697775107.0,3645133.0,0.3000061666666667,18.0,2.356851,0.82,1.0,2.1,8.085550831111455
67621,3.25,,,14.333542065812132,122.2,0.22962,0.5841,0.0,10701420240.0,2388534.0,0.3166763,19.0,3.645133,0.82,1.0,2.1,11.083542065812132
67622,3.51,,,13.791478468854553,122.21,0.25149,0.5833,0.0,10703808774.0,2588178.0,0.3333537,20.0,2.388534,0.75,0.0,2.1,10.281478468854553
67623,3.68,,,12.138330819532143,122.26,0.20704,0.4929,0.0,10706396952.0,2699232.0,0.35002358333333333,21.0,2.588178,0.75,0.0,2.0,8.458330819532144
67624,3.24,,,12.44021092980649,122.27,0.16878,0.5403,0.0,10709096184.0,2377716.0,0.36669735,22.0,2.699232,0.75,0.0,2.0,9.20021092980649
67625,3.45,,,12.91382384426041,122.27,0.2509,0.5898,0.0,10711473900.0,2543868.0,0.3833754666666667,23.0,2.377716,0.75,0.0,2.0,9.46382384426041
67626,3.41,,,13.1520386650086,122.28,0.23881,0.5908,0.0,10714017768.0,2504820.0,0.4000508,24.0,2.543868,0.75,0.0,2.0,9.7420386650086
67627,3.43,,,13.398136183468981,122.26,0.24532,0.5831,0.0,10716522588.0,2481660.0,0.41672365,25.0,2.50482,0.75,0.0,2.0,9.968136183468982
67628,3.89,,,13.433308857650918,122.26,0.24629,0.5787,0.0,10719004248.0,2883849.0,0.43339306666666666,26.0,2.48166,0.69,0.0,2.0,9.543308857650917
67629,3.63,,,14.025293866722041,122.27,0.25509,0.5936,0.0,10721888097.0,2657307.0,0.4500648166666667,27.0,2.883849,0.69,0.0,2.0,10.395293866722042
67630,3.84,,,13.177480407399944,122.27,0.24205,0.5399,0.0,10724545404.0,2841843.0,0.4667396166666667,28.0,2.657307,0.69,0.0,2.0,9.337480407399944
67631,3.33,,,13.204103345816728,122.28,0.1866,0.5592,0.0,10727387247.0,2451773.0,0.48341239999999996,29.0,2.841843,0.69,0.0,2.0,9.874103345816728
67632,3.51,,,13.472262223330597,122.3,0.24863,0.5813,0.0,10729839020.0,2586112.0,0.5000892333333333,30.0,2.451773,0.64,0.0,1.9,9.962262223330598
67633,3.38,,,12.946559559821674,122.32,0.23713,0.5414,0.0,10732425132.0,2462784.0,0.5167642166666666,31.0,2.586112,0.64,0.0,1.9,9.566559559821673
67634,3.29,,,11.803789370313185,122.36,0.17289,0.5475,0.0,10734887916.0,2423844.0,0.5334360333333333,32.0,2.462784,0.64,0.0,1.9,8.513789370313184
67635,3.67,,,12.548360727812195,122.3,0.2434,0.5852,0.0,10737311760.0,2696245.0,0.5501086166666667,33.0,2.423844,0.64,0.0,1.9,8.878360727812195
67636,3.52,,,13.530459200747709,122.33,0.2189,0.5845,0.0,10740008005.0,2597729.0,0.5667809166666667,34.0,2.696245,0.64,0.0,1.9,10.01045920074771
67637,3.61,,,13.551683974099527,122.29,0.25041,0.5763,0.0,10742605734.0,2644623.0,0.5834569333333334,35.0,2.597729,0.64,0.0,1.9,9.941683974099528
67638,3.4,,,12.307957322181295,122.31,0.19471,0.5721,0.0,10745250357.0,2488419.0,0.600132,36.0,2.644623,0.59,0.0,1.9,8.907957322181295
67639,3.23,,,12.772612353055731,122.31,0.25041,0.5941,0.0,10747738776.0,2360124.0,0.6168015333333333,37.0,2.488419,0.59,0.0,1.9,9.54261235305573
67640,3.66,,,12.98746476596868,122.31,0.24595,0.5866,0.0,10750098900.0,2703192.0,0.6334783333333333,38.0,2.360124,0.59,0.0,1.9,9.32746476596868
67641,3.35,,,11.79633431472726,122.4,0.16461,0.4076,0.0,10752802092.0,2472684.0,0.6501503166666667,39.0,2.703192,0.59,0.0,1.9,8.44633431472726
67642,3.34,,,11.551814268966016,122.37,0.16719,0.4395,0.0,10755274776.0,2456135.0,0.6668248999999999,40.0,2.472684,0.54,0.0,1.9,8.211814268966016
67643,6.11,,,10.77675180597874,122.37,0.16134,0.4123,0.0,10757730911.0,4480481.0,0.68349875,41.0,2.456135,0.54,0.0,1.8,4.66675180597874
67644,3.42,,,14.928765208615495,122.33,0.20794,0.5397,0.0,10762211392.0,2517792.0,0.7001749,42.0,4.480481,0.54,1.0,1.8,11.508765208615495
67645,3.3,,,11.70772314658858,122.37,0.16459,0.4121,0.0,10764729184.0,2428172.0,0.7168494833333334,43.0,2.517792,0.54,1.0,1.9,8.40772314658858
67646,3.51,,,10.979714127495914,122.33,0.1587,0.4161,0.0,10767157356.0,2565015.0,0.7335209333333333,44.0,2.428172,0.54,0.0,1.8,7.469714127495914
67647,3.62,,,11.449827362011769,122.32,0.17851,0.4852,0.0,10769722371.0,2673191.0,0.7501974833333332,45.0,2.565015,0.54,0.0,1.8,7.829827362011769
67648,3.3,,,10.497421349619025,122.13,0.15743,0.4011,0.0,10772395562.0,2417222.0,0.7668717333333334,46.0,2.673191,0.5,0.0,1.8,7.197421349619025
67649,3.37,,,11.174414166043528,122.24,0.16654,0.4069,0.0,10774812784.0,2481724.0,0.7835493333333333,47.0,2.417222,0.5,0.0,1.8,7.804414166043528
67650,3.76,,,11.721698441267051,122.35,0.16734,0.4108,0.0,10777294508.0,2782906.0,0.8002262333333333,48.0,2.481724,0.5,0.0,1.8,7.9616984412670515
67651,3.73,,,13.230074695748218,122.27,0.16817,0.4434,0.0,10780077414.0,2725170.0,0.8169017000000001,49.0,2.782906,0.5,0.0,1.8,9.500074695748218
67652,3.36,,,12.238257834449145,122.29,0.14232,0.4301,0.0,10782802584.0,2469820.0,0.8335780833333334,50.0,2.72517,0.46,0.0,1.8,8.878257834449146
67653,3.82,,,11.15258903605124,122.29,0.20439,0.4863,0.0,10785272404.0,2809310.0,0.8502536333333333,51.0,2.46982,0.46,0.0,1.8,7.332589036051239
67654,3.26,,,12.367935227555902,122.26,0.2179,0.5556,0.0,10788081714.0,2404262.0,0.8669262999999999,52.0,2.80931,0.46,0.0,1.8,9.107935227555902
67655,3.25,,,10.243560548136172,122.29,0.1585,0.4042,0.0,10790485976.0,2392806.0,0.8836034333333332,53.0,2.404262,0.46,0.0,1.8,6.993560548136172
67656,3.42,,,11.385269087607496,122.32,0.1671,0.4116,0.0,10792878782.0,2541166.0,0.90027695,54.0,2.392806,0.46,0.0,1.8,7.965269087607496
67657,3.33,,,11.603244107934557,122.28,0.16138,0.4066,0.0,10795419948.0,2406459.0,0.9169438499999999,55.0,2.541166,0.46,0.0,1.8,8.273244107934557
67658,3.49,,,11.254565410315086,122.28,0.16128,0.4296,0.0,10797826407.0,2579525.0,0.9336363333333334,56.0,2.406459,0.42,0.0,1.8,7.764565410315086
67659,3.48,,,11.485226055016652,122.32,0.12618,0.4654,0.0,10800405932.0,2549575.0,0.9503103666666667,57.0,2.579525,0.42,0.0,1.8,8.005226055016651
67660,3.55,,,11.012363475809495,122.3,0.16412,0.4162,0.0,10802955507.0,2619969.0,0.9669870666666667,58.0,2.549575,0.42,0.0,1.8,7.462363475809496
67661,8.61,,,11.581503470541858,122.3,0.16527,0.4131,0.0,10805575476.0,5967480.0,0.9836652333333333,59.0,2.619969,0.42,0.0,1.8,2.971503470541858
67662,4.38,,,18.958790483277102,122.15,0.38644,0.6656,0.0,10811542956.0,3565859.0,1.0003221,60.0,5.96748,0.55,2.0,1.8,14.578790483277103
67663,3.32,,,17.47013129503483,122.21,0.23784,0.6231,0.0,10815108815.0,2444973.0,1.01701265,61.0,3.565859,0.55,2.0,1.8,14.150131295034829
67664,3.43,,,12.122881023937865,122.22,0.17102,0.419,0.0,10817553788.0,2529040.0,1.0336859,62.0,2.444973,0.55,0.0,1.8,8.692881023937865
67665,3.3,,,11.858158433847482,122.15,0.1638,0.409,0.0,10820082828.0,2433804.0,1.0503550833333333,63.0,2.52904,0.55,0.0,1.8,8.558158433847481
67666,4.47,,,12.07757773996678,122.14,0.17533,0.418,0.0,10822516632.0,3252360.0,1.0670473666666667,64.0,2.433804,0.55,0.0,1.8,7.607577739966779
67667,3.59,,,14.641115415366025,122.08,0.24807,0.5917,0.0,10825768992.0,2672226.0,1.0837218833333333,65.0,3.25236,0.55,0.0,1.8,11.051115415366025
67668,3.94,,,12.681408211229382,122.13,0.17826,0.4842,0.0,10828441218.0,2812974.0,1.1003937666666666,66.0,2.672226,0.5,0.0,1.8,8.741408211229382
67669,6.78,,,14.515468291516177,122.08,0.25933,0.6005,0.0,10831254192.0,4551864.0,1.1170669833333333,67.0,2.812974,0.5,0.0,1.8,7.7354682915161765
67670,15.02,,,17.61954216679304,122.06,0.19966,0.8717,0.0,10835806056.0,10355566.0,1.1337227166666668,68.0,4.551864,0.5,4.0,1.8,2.5995421667930394
67671,0.0,0.0,0.0,0.0,0.0,0.0,0.0,0.0,0.0,0.0,0.0,0.0,0.0,0.0,0.0,0.0,0.0
67672,25.69,,,50.29603216691672,121.75,0.48224,0.9609,0.0,10871655336.0,20116683.0,1.1670884166666666,70.0,25.493714,0.54,11.0,1.8,24.606032166916716
67673,30.89,,,48.1198059232767,121.84,0.4053,0.9537,0.0,10891772019.0,21507981.0,1.1837804666666665,71.0,20.116683,0.54,11.0,1.8,17.2298059232767
67674,36.25,,,53.46240698217873,121.74,0.5335,0.973,0.0,10913280000.0,25910340.0,1.2004476166666669,72.0,21.507981,0.54,13.0,1.9,17.212406982178727
67675,28.49,,,56.23038671642111,121.77,0.5098,0.962,0.0,10939190340.0,21699204.0,1.2171270333333333,73.0,25.91034,0.54,13.0,1.8,27.74038671642111
67676,17.15,,,47.0768192506127,122.0,0.39361,0.6415,0.0,10960889544.0,12608616.0,1.2338076166666667,74.0,21.699204,0.54,7.0,1.8,29.926819250612702
67677,29.3,,,36.47076230207211,121.85,0.49226,0.9245,0.0,10973498160.0,21597784.0,1.2504889666666665,75.0,12.608616,0.54,7.0,1.8,7.170762302072109
67678,8.66,,,44.93856772872751,122.0,0.39997,0.9651,0.0,10995095944.0,7580636.0,1.2671710833333334,76.0,21.597784,0.58,6.0,1.8,36.27856772872751
67679,11.42,,,25.266252511667474,122.25,0.17519,0.4963,0.0,11002676580.0,8421996.0,1.2838619,77.0,7.580636,0.58,6.0,1.8,13.846252511667474
67680,0.0,0.0,0.0,0.0,0.0,0.0,0.0,0.0,0.0,0.0,0.0,0.0,0.0,0.0,0.0,0.0,0.0
67681,41.07,,,46.28217351082513,121.8,0.52809,0.9801,0.0,11033152560.0,30070488.0,1.3171987666666667,79.0,22.053984,0.58,6.0,1.8,5.2121735108251315
67682,37.51,,,57.120510959949115,121.89,0.39948,0.9636,0.0,11063223048.0,28351356.0,1.3338776666666667,80.0,30.070488,0.69,16.0,1.8,19.610510959949117
67683,34.68,,,58.564361681483796,121.88,0.4094,0.9624,0.0,11091574404.0,24750120.0,1.3505600833333333,81.0,28.351356,0.69,16.0,1.8,23.884361681483796
67684,41.03,,,56.36272133972426,121.78,0.56415,0.976,0.0,11116324524.0,30869256.0,1.3672389166666667,82.0,24.75012,0.69,13.0,1.8,15.332721339724259
67685,33.53,,,63.58204729366779,121.77,0.56447,0.978,0.0,11147193780.0,24729270.0,1.3839187499999999,83.0,30.869256,0.69,13.0,1.8,30.05204729366779
67686,31.24,,,55.634060355209634,121.92,0.40015,0.9648,0.0,11171923050.0,22983470.0,1.4006004166666666,84.0,24.72927,0.69,12.0,1.8,24.394060355209636
67687,29.8,,,53.92198499128583,121.88,0.41016,0.9603,0.0,11194906520.0,22047052.0,1.4172815166666666,85.0,22.98347,0.69,12.0,1.7,24.12198499128583
67688,33.77,,,43.010710796407714,122.15,0.1658,0.4117,0.0,11216953572.0,24206928.0,1.4339668166666668,86.0,22.047052,0.72,12.0,1.7,9.240710796407711
67689,41.45,,,51.724202262217496,121.87,0.44586,0.9513,0.0,11241160500.0,30319944.0,1.4506259333333333,87.0,24.206928,0.72,12.0,1.7,10.274202262217493
67690,39.34,,,60.94076736315843,121.76,0.54686,0.9748,0.0,11271480444.0,28520232.0,1.46730435,88.0,30.319944,0.72,18.0,1.7,21.600767363158425
67691,34.52,,,62.17032824389433,121.74,0.60232,0.9771,0.0,11300000676.0,27746907.0,1.48397695,89.0,28.520232,0.72,18.0,1.7,27.65032824389433
67692,24.36,,,58.409217011359026,121.92,0.38401,0.9573,0.0,11327747583.0,15096805.0,1.5006665833333335,90.0,27.746907,0.66,12.0,1.7,34.049217011359026
67693,0.0,0.0,0.0,0.0,0.0,0.0,0.0,0.0,0.0,0.0,0.0,0.0,0.0,0.0,0.0,0.0,0.0
67694,35.42,,,68.414347620923,121.76,0.58059,0.9741,0.0,11380983525.0,27302163.0,1.5340066666666667,92.0,38.139137,0.66,23.0,1.7,32.994347620922994
67695,19.31,,,60.858118763783615,121.94,0.50756,0.9757,0.0,11408285688.0,13612524.0,1.5506889666666666,93.0,27.302163,0.66,23.0,1.7,41.54811876378362
67696,25.9,,,41.32723501518444,122.02,0.45004,0.8929,0.0,11421898212.0,19045101.0,1.56737175,94.0,13.612524,0.66,7.0,1.7,15.427235015184444
67697,23.32,,,43.642619027145784,122.05,0.38,0.9605,0.0,11440943313.0,17168499.0,1.5840548333333333,95.0,19.045101,0.66,7.0,1.7,20.322619027145784
67698,26.68,,,41.5750811284177,122.06,0.37306,0.9599,0.0,11458111812.0,20857516.0,1.6007365333333332,96.0,17.168499,0.69,9.0,1.7,14.8950811284177
67699,3.45,,,48.10816987893308,122.05,0.47128,0.8807,0.0,11478969328.0,2536142.0,1.6174289333333334,97.0,20.857516,0.69,9.0,1.7,44.65816987893308
67700,18.75,,,21.48995950793183,122.28,0.2337,0.5802,0.0,11481505470.0,12510339.0,1.6341010833333334,98.0,2.536142,0.69,2.0,1.7,2.739959507931829
67701,33.64,,,33.646313497854436,122.06,0.43481,0.9437,0.0,11494015809.0,25259547.0,1.6507693,99.0,12.510339,0.69,2.0,1.7,0.006313497854435468
67702,45.0,,,53.19282697083485,121.93,0.57177,0.9736,0.0,11519275356.0,31044852.0,1.6674520000000002,100.0,25.259547,0.71,16.0,1.7,8.192826970834851
67703,37.28,,,65.22699915569746,121.83,0.6624,0.9808,0.0,11550320208.0,28802604.0,1.6841293499999999,101.0,31.044852,0.71,16.0,1.7,27.946999155697455
67704,33.08,,,60.53015509728295,122.07,0.3982,0.9643,0.0,11579122812.0,25754048.0,1.70081265,102.0,28.802604,0.71,16.0,1.7,27.450155097282952
67705,16.65,,,61.48523093885765,121.94,0.55917,0.9637,0.0,11604876860.0,10835923.0,1.7175052333333334,103.0,25.754048,0.71,16.0,1.7,44.83523093885765
67706,24.07,,,39.23145759841972,121.98,0.54797,0.9308,0.0,11615712783.0,16997913.0,1.7341722666666668,104.0,10.835923,0.71,5.0,1.7,15.161457598419723
67707,14.32,,,42.97455906938058,121.99,0.48804,0.9588,0.0,11632710696.0,12636796.0,1.75085165,105.0,16.997913,0.71,5.0,1.7,28.654559069380582
67708,15.91,,,30.292828832558268,122.23,0.15167,0.7404,0.0,11645347492.0,10380584.0,1.7675407833333334,106.0,12.636796,0.82,5.0,1.7,14.382828832558268
67709,29.55,,,31.37403590269724,122.08,0.3806,0.9602,0.0,11655728076.0,21118752.0,1.7842014333333334,107.0,10.380584,0.82,5.0,1.7,1.82403590269724
67710,11.63,,,44.09173162023761,122.04,0.4713,0.9477,0.0,11676846828.0,9033588.0,1.80087505,108.0,21.118752,0.82,6.0,1.6,32.46173162023761
67711,0.0,0.0,0.0,0.0,0.0,0.0,0.0,0.0,0.0,0.0,0.0,0.0,0.0,0.0,0.0,0.0,0.0
67712,41.13,,,58.728784138580785,121.77,0.72705,0.9715,0.0,11716264044.0,31672560.0,1.8342203666666668,110.0,30.383628,1.15,17.0,1.6,17.598784138580783
67713,20.0,,,63.91924487167326,121.87,0.56327,0.9755,0.0,11747936604.0,16335842.0,1.8508977999999998,111.0,31.67256,1.15,17.0,1.6,43.91924487167326
67714,0.0,0.0,0.0,0.0,0.0,0.0,0.0,0.0,0.0,0.0,0.0,0.0,0.0,0.0,0.0,0.0,0.0
67715,18.28,,,60.89924433524467,121.87,0.55787,0.9796,0.0,11796363680.0,15970152.0,1.8842480166666666,113.0,32.091234,1.15,12.0,1.6,42.619244335244666
67716,3.97,,,37.20534786489223,122.26,0.17686,0.5022,0.0,11812333832.0,2883712.0,1.9009391,114.0,15.970152,1.15,5.0,1.6,33.23534786489223
67717,4.02,,,18.48001487236062,122.3,0.22593,0.5054,0.0,11815217544.0,2511735.0,1.9176163,115.0,2.883712,1.15,5.0,1.6,14.46001487236062
67718,0.0,0.0,0.0,0.0,0.0,0.0,0.0,0.0,0.0,0.0,0.0,0.0,0.0,0.0,0.0,0.0,0.0
67719,33.78,,,39.60993059645199,122.05,0.48385,0.9648,0.0,11838001248.0,24792188.0,1.9509527333333334,117.0,20.271969,1.06,4.0,1.6,5.829930596451987
67720,33.43,,,52.052376236208126,122.02,0.51168,0.9769,0.0,11862793436.0,26538623.0,1.9676329166666666,118.0,24.792188,1.06,14.0,1.6,18.622376236208126
67721,25.53,,,56.17182863431357,122.05,0.46081,0.9498,0.0,11889332059.0,17586653.0,1.9843159666666668,119.0,26.538623,1.06,14.0,1.6,30.64182863431357
67722,43.06,,,50.2499213550987,121.99,0.52745,0.9785,0.0,11906918712.0,30724657.0,2.0009977,120.0,17.586653,1.06,13.0,1.6,7.189921355098697
67723,4.89,,,61.660385117359205,121.98,0.54076,0.9785,0.0,11937643369.0,5978171.0,2.0176751,121.0,30.724657,1.06,13.0,1.6,56.770385117359204
67724,18.79,,,27.096167866677934,122.37,0.16026,0.4092,0.0,11943621540.0,12223694.0,2.0343663,122.0,5.978171,1.06,4.0,1.6,8.306167866677935
67725,32.65,,,33.91060900478938,122.09,0.40775,0.9647,0.0,11955845234.0,23987015.0,2.05103285,123.0,12.223694,1.06,4.0,1.6,1.26060900478938
67726,17.8,,,48.98927932204994,121.99,0.55532,0.9553,0.0,11979832249.0,13111643.0,2.067715,124.0,23.987015,1.06,8.0,1.6,31.189279322049938
67727,26.52,,,39.57068796522418,122.1,0.39864,0.9626,0.0,11992943892.0,18726216.0,2.0843975833333332,125.0,13.111643,1.06,8.0,1.6,13.050687965224181
67728,0.0,0.0,0.0,0.0,0.0,0.0,0.0,0.0,0.0,0.0,0.0,0.0,0.0,0.0,0.0,0.0,0.0
67729,15.81,,,62.86371986532612,121.98,0.53873,0.9773,0.0,12045152784.0,11809225.0,2.1177583833333333,127.0,33.482676,1.05,14.0,1.6,47.053719865326116
67730,0.0,0.0,0.0,0.0,0.0,0.0,0.0,0.0,0.0,0.0,0.0,0.0,0.0,0.0,0.0,0.0,0.0
67731,19.49,,,55.96608663446352,121.96,0.54799,0.9739,0.0,12085488216.0,15172604.0,2.1511227666666666,129.0,28.526207,1.05,11.0,1.6,36.47608663446353
67732,9.28,,,37.554843200934684,122.32,0.1788,0.4995,0.0,12100660820.0,8453584.0,2.1678090500000002,130.0,15.172604,1.05,5.0,1.6,28.274843200934683
67733,4.28,,,23.30701945254442,122.35,0.16317,0.4077,0.0,12109114404.0,2616798.0,2.1844801833333336,131.0,8.453584,1.05,5.0,1.6,19.02701945254442
67734,0.0,0.0,0.0,0.0,0.0,0.0,0.0,0.0,0.0,0.0,0.0,0.0,0.0,0.0,0.0,0.0,0.0
67735,42.6,,,54.58298836092048,121.96,0.58921,0.975,0.0,12142056552.0,32356212.0,2.2178202666666667,133.0,30.32535,1.05,9.0,1.6,11.98298836092048
67736,19.8,,,57.853986905457006,122.11,0.40806,0.966,0.0,12174412764.0,14731428.0,2.2345028833333336,134.0,32.356212,1.05,13.0,1.6,38.05398690545701
67737,23.87,,,43.882521356000225,122.15,0.37696,0.9617,0.0,12189144192.0,19097815.0,2.251184916666667,135.0,14.731428,1.05,13.0,1.6,20.012521356000224
67738,15.19,,,35.56291817757565,122.35,0.19157,0.5301,0.0,12208242007.0,8603801.0,2.2678753333333335,136.0,19.097815,1.04,5.0,1.6,20.372918177575656
67739,40.21,,,40.218740354435916,122.01,0.53127,0.9785,0.0,12216845808.0,29537526.0,2.28453995,137.0,8.603801,1.04,5.0,1.6,0.00874035443591481
67740,31.18,,,57.10382445910007,122.01,0.52207,0.966,0.0,12246383334.0,25533534.0,2.30121945,138.0,29.537526,1.04,16.0,1.6,25.923824459100068
67741,11.99,,,41.941653652629924,122.33,0.20399,0.5564,0.0,12271916868.0,6378564.0,2.31790065,139.0,25.533534,1.04,16.0,1.6,29.951653652629922
67742,19.49,,,38.67507434199645,122.01,0.50012,0.9563,0.0,12278295432.0,15230676.0,2.3345857666666663,140.0,6.378564,1.04,4.0,1.6,19.18507434199645
67743,0.0,0.0,0.0,0.0,0.0,0.0,0.0,0.0,0.0,0.0,0.0,0.0,0.0,0.0,0.0,0.0,0.0
67744,39.58,,,62.43121234869816,121.84,0.6645,0.9754,0.0,12322306488.0,32586384.0,2.36794675,142.0,28.78038,1.04,20.0,1.6,22.851212348698162
67745,33.7,,,49.93313348492242,122.29,0.17696,0.5066,0.0,12354892872.0,22338120.0,2.38464175,143.0,32.586384,1.04,20.0,1.6,16.23313348492242
67746,27.54,,,55.72387594972987,121.99,0.50371,0.9774,0.0,12377230992.0,21114016.0,2.4013058166666665,144.0,22.33812,1.04,11.0,1.6,28.183875949729874
67747,27.93,,,47.342141515530145,122.02,0.47556,0.9023,0.0,12398345008.0,19066988.0,2.4179889166666664,145.0,21.114016,1.04,11.0,1.6,19.412141515530145
67748,31.22,,,53.090975677878795,121.92,0.61167,0.9743,0.0,12417411996.0,24267528.0,2.4346665,146.0,19.066988,1.04,10.0,1.6,21.870975677878796
67749,28.45,,,49.970540860258694,122.07,0.40054,0.9628,0.0,12441679524.0,19508292.0,2.4513429833333333,147.0,24.267528,1.04,10.0,1.6,21.520540860258695
67750,32.89,,,53.10472636054811,121.9,0.59892,0.9753,0.0,12461187816.0,25781472.0,2.468014183333333,148.0,19.508292,1.04,12.0,1.6,20.214726360548113
67751,18.24,,,52.151042599167596,122.09,0.37485,0.9591,0.0,12486969288.0,12536136.0,2.4846950666666667,149.0,25.781472,1.04,12.0,1.6,33.9110425991676
67752,0.0,0.0,0.0,0.0,0.0,0.0,0.0,0.0,0.0,0.0,0.0,0.0,0.0,0.0,0.0,0.0,0.0
67753,50.97,,,75.05128649097725,121.75,0.81659,0.9855,0.0,12534230184.0,39201380.0,2.51804395,151.0,34.72476,1.11,13.0,1.6,24.08128649097725
67754,24.53,,,73.04634158648363,121.98,0.55107,0.978,0.0,12573431564.0,18449420.0,2.534722766666667,152.0,39.20138,1.11,20.0,1.6,48.516341586483634
67755,52.81,,,53.54174281491472,122.06,0.53587,0.9352,0.0,12591880984.0,38387552.0,2.5514072666666667,153.0,18.44942,1.11,20.0,1.6,0.7317428149147176
67756,28.87,,,69.73438934986103,122.0,0.5611,0.9787,0.0,12630268536.0,22255932.0,2.568086366666667,154.0,38.387552,1.11,17.0,1.6,40.86438934986103
67757,23.87,,,52.536216682901625,122.06,0.4765,0.9562,0.0,12652524468.0,18072368.0,2.584762216666667,155.0,22.255932,1.11,17.0,1.6,28.666216682901624
67758,19.91,,,43.21289622556468,122.23,0.40974,0.7538,0.0,12670596836.0,14399796.0,2.6014533,156.0,18.072368,1.18,7.0,1.6,23.302896225564677
67759,25.8,,,39.236755583758075,122.18,0.37717,0.9601,0.0,12684996632.0,18949402.0,2.6181232,157.0,14.399796,1.18,7.0,1.6,13.436755583758075
67760,25.07,,,43.07531741566032,122.15,0.38226,0.9614,0.0,12703946034.0,16636439.0,2.6348064,158.0,18.949402,1.18,7.0,1.6,18.005317415660322
67761,0.0,0.0,0.0,0.0,0.0,0.0,0.0,0.0,0.0,0.0,0.0,0.0,0.0,0.0,0.0,0.0,0.0
67762,46.09,,,76.43561803162117,121.82,0.79592,0.9807,0.0,12760417824.0,35417124.0,2.66815615,160.0,39.835351,1.41,25.0,1.6,30.34561803162117
67763,36.25,,,72.68758498939224,122.02,0.55246,0.9772,0.0,12795834948.0,28263528.0,2.68483,161.0,35.417124,1.41,25.0,1.6,36.437584989392235
67764,23.14,,,57.601723255953075,122.2,0.36064,0.8134,0.0,12824098476.0,16601550.0,2.70150495,162.0,28.263528,1.41,11.0,1.6,34.461723255953075
67765,28.41,,,47.87400185375432,122.14,0.40626,0.9654,0.0,12840700026.0,20014806.0,2.718189516666667,163.0,16.60155,1.41,11.0,1.6,19.464001853754322
67766,40.62,,,51.73171634508642,122.04,0.52113,0.9782,0.0,12860714832.0,30012612.0,2.73487015,164.0,20.014806,1.41,13.0,1.6,11.111716345086421
67767,39.73,,,59.12378189445525,122.08,0.50408,0.9685,0.0,12890727444.0,28957248.0,2.7515507833333337,165.0,30.012612,1.41,13.0,1.6,19.393781894455252
67768,31.02,,,63.40336123285871,122.02,0.53385,0.9786,0.0,12919684692.0,23843634.0,2.7682224333333334,166.0,28.957248,1.54,15.0,1.5,32.383361232858704
67769,27.36,,,50.23994743200937,122.07,0.46667,0.926,0.0,12943528326.0,21989601.0,2.7848975499999997,167.0,23.843634,1.54,15.0,1.5,22.879947432009374
67770,20.87,,,40.695742078425454,122.37,0.16541,0.4091,0.0,12965517927.0,12967293.0,2.801587066666667,168.0,21.989601,1.54,7.0,1.5,19.825742078425453
67771,34.24,,,44.15289357302996,122.09,0.47283,0.9649,0.0,12978485220.0,24834180.0,2.818250116666667,169.0,12.967293,1.54,7.0,1.5,9.912893573029955
67772,55.31,,,56.0998051468845,122.01,0.55616,0.9721,0.0,13003319400.0,37455936.0,2.8349300833333335,170.0,24.83418,1.57,19.0,1.5,0.7898051468844969
67773,74.63,,,84.96191491576697,121.69,0.97957,0.9854,0.0,13040775336.0,54950232.0,2.8515991499999997,171.0,37.455936,1.57,19.0,1.5,10.331914915766973
67774,60.6,,,104.35653677127566,121.76,0.90942,0.9824,0.0,13095725568.0,45879372.0,2.8682687000000002,172.0,54.950232,1.57,54.0,1.6,43.756536771275655
67775,29.23,,,91.2916262787833,121.86,0.71963,0.9705,0.0,13141604940.0,24323304.0,2.884942,173.0,45.879372,1.57,54.0,1.6,62.061626278783294
67776,32.34,,,53.96459206953587,122.2,0.42857,0.7855,0.0,13165928244.0,23560140.0,2.9016257166666666,174.0,24.323304,1.57,13.0,1.6,21.624592069535865
67777,12.41,,,51.90070555589556,122.1,0.41208,0.9661,0.0,13189488384.0,9353892.0,2.91830545,175.0,23.56014,1.57,13.0,1.6,39.49070555589556
67778,23.14,,,32.18837270397052,122.19,0.3983,0.7833,0.0,13198842276.0,16992272.0,2.9349908,176.0,9.353892,1.53,5.0,1.6,9.048372703970522
67779,32.58,,,37.793087286223326,122.13,0.39398,0.9603,0.0,13215834548.0,23975164.0,2.9516663333333333,177.0,16.992272,1.53,5.0,1.6,5.2130872862233275
67780,34.68,,,49.285926157422224,122.15,0.37701,0.9544,0.0,13239809712.0,22848480.0,2.96834135,178.0,23.975164,1.53,10.0,1.6,14.605926157422225
67781,44.49,,,61.40021507039709,121.84,0.75797,0.9771,0.0,13262658192.0,35131692.0,2.98501345,179.0,22.84848,1.53,10.0,1.6,16.910215070397086
67782,20.54,,,65.13927323840234,122.11,0.43561,0.9633,0.0,13297789884.0,17153508.0,3.0016952166666666,180.0,35.131692,1.49,17.0,1.6,44.59927323840234
67783,32.57,,,38.1058469045404,122.34,0.23204,0.5683,0.0,13314943392.0,20123856.0,3.0183847666666663,181.0,17.153508,1.49,17.0,1.6,5.535846904540399
67784,49.63,,,55.80652784178015,121.96,0.62169,0.9771,0.0,13335067248.0,36261516.0,3.0350481333333335,182.0,20.123856,1.49,14.0,1.6,6.17652784178015
67785,36.88,,,72.38753203481141,121.9,0.6757,0.9795,0.0,13371328764.0,30438168.0,3.05172625,183.0,36.261516,1.49,14.0,1.6,35.50753203481141
67786,36.8,,,55.08767844155822,122.25,0.33681,0.7758,0.0,13401766932.0,24253213.0,3.0684014166666667,184.0,30.438168,1.49,15.0,1.6,18.28767844155822
67787,41.3,,,61.479572493818125,121.99,0.58643,0.9734,0.0,13426020145.0,32559467.0,3.0850814666666664,185.0,24.253213,1.49,15.0,1.6,20.179572493818128
67788,27.88,,,60.18328025576574,122.12,0.46539,0.8263,0.0,13458579612.0,18525156.0,3.1017556166666664,186.0,32.559467,1.61,14.0,1.6,32.30328025576574
67789,44.13,,,55.86921920940936,121.99,0.56308,0.9793,0.0,13477104768.0,33413632.0,3.118429233333333,187.0,18.525156,1.61,14.0,1.6,11.739219209409356
67790,4.24,,,63.29785993217918,121.99,0.5095,0.9612,0.0,13510518400.0,5598049.0,3.1351080833333334,188.0,33.413632,1.61,11.0,1.5,59.05785993217918
67791,5.84,,,24.527135319716212,122.33,0.21929,0.4766,0.0,13516116449.0,2676139.0,3.151794766666667,189.0,5.598049,1.61,11.0,1.6,18.687135319716212
67792,0.0,0.0,0.0,0.0,0.0,0.0,0.0,0.0,0.0,0.0,0.0,0.0,0.0,0.0,0.0,0.0,0.0
67793,26.96,,,61.22477811417236,121.9,0.66154,0.9804,0.0,13551252180.0,20897297.0,3.1851281166666667,191.0,32.459592,1.48,8.0,1.5,34.26477811417236
67794,49.39,,,53.34086332521279,122.01,0.51484,0.9598,0.0,13572149477.0,34692763.0,3.2018056666666665,192.0,20.897297,1.48,15.0,1.6,3.9508633252127865
67795,42.55,,,72.9278753843836,121.78,0.78155,0.9748,0.0,13606842240.0,36007416.0,3.218477083333333,193.0,34.692763,1.48,15.0,1.6,30.3778753843836
67796,28.7,,,60.39000317979049,122.25,0.26509,0.724,0.0,13642849656.0,18950538.0,3.235161583333333,194.0,36.007416,1.48,18.0,1.5,31.69000317979049
67797,45.61,,,53.27462716346769,122.1,0.40095,0.9626,0.0,13661800194.0,32140950.0,3.2518448833333333,195.0,18.950538,1.48,18.0,1.6,7.664627163467692
67798,33.1,,,70.1465150819486,121.92,0.65076,0.9689,0.0,13693941144.0,24017724.0,3.2685230833333336,196.0,32.14095,1.44,15.0,1.5,37.046515081948606
67799,24.88,,,59.084748071175866,121.98,0.60056,0.9694,0.0,13717958868.0,22099768.0,3.2851958666666667,197.0,24.017724,1.44,15.0,1.5,34.20474807117587
67800,17.92,,,39.47478611188932,122.39,0.18494,0.4075,0.0,13740058636.0,11310320.0,3.3018867999999997,198.0,22.099768,1.44,9.0,1.5,21.55478611188932
67801,29.78,,,39.65121544546463,122.13,0.38682,0.9618,0.0,13751368956.0,21706356.0,3.3185548333333332,199.0,11.31032,1.44,9.0,1.5,9.871215445464628
67802,11.47,,,47.24853552845606,122.11,0.41073,0.9661,0.0,13773075312.0,10505583.0,3.3352372,200.0,21.706356,1.4,7.0,1.5,35.77853552845606
67803,12.97,,,25.348676080382294,122.32,0.25502,0.5425,0.0,13783580895.0,9149433.0,3.3519251666666667,201.0,10.505583,1.4,7.0,1.5,12.378676080382293
67804,18.86,,,24.659437626899784,122.29,0.25679,0.7064,0.0,13792730328.0,14409484.0,3.368599783333333,202.0,9.149433,1.4,4.0,1.5,5.799437626899785
67805,0.0,0.0,0.0,0.0,0.0,0.0,0.0,0.0,0.0,0.0,0.0,0.0,0.0,0.0,0.0,0.0,0.0
67806,16.95,,,49.6268187448999,121.98,0.56246,0.9703,0.0,13827357084.0,14854908.0,3.4019360333333335,204.0,20.217272,1.4,8.0,1.5,32.676818744899904
67807,32.0,,,37.22490848065047,122.17,0.36697,0.8743,0.0,13842211992.0,21230328.0,3.418611783333333,205.0,14.854908,1.4,8.0,1.5,5.22490848065047
67808,43.68,,,53.75676851620418,122.0,0.54798,0.9796,0.0,13863442320.0,32287800.0,3.4352916166666665,206.0,21.230328,1.37,16.0,1.5,10.076768516204183
67809,52.58,,,63.20959162074062,122.03,0.52281,0.9581,0.0,13895730120.0,37295304.0,3.4519734666666664,207.0,32.2878,1.37,16.0,1.5,10.62959162074062
67810,51.74,,,74.51068504813982,121.87,0.65669,0.9797,0.0,13933025424.0,40165710.0,3.468646016666667,208.0,37.295304,1.37,26.0,1.5,22.770685048139818
67811,15.17,,,74.80303228005836,121.98,0.54508,0.9623,0.0,13973191134.0,13841570.0,3.485327116666667,209.0,40.16571,1.37,26.0,1.5,59.63303228005836
67812,14.32,,,35.82407165044201,122.31,0.20653,0.5848,0.0,13987032704.0,8470792.0,3.5020176833333334,210.0,13.84157,1.26,5.0,1.5,21.504071650442008
67813,0.0,0.0,0.0,0.0,0.0,0.0,0.0,0.0,0.0,0.0,0.0,0.0,0.0,0.0,0.0,0.0,0.0
67814,60.98,,,69.34349852765241,121.77,0.78737,0.9842,0.0,14027207652.0,46627824.0,3.5353566666666665,212.0,31.704156,1.26,30.0,1.5,8.363498527652418
67815,33.09,,,82.18496799648935,121.96,0.56197,0.9736,0.0,14073835476.0,24642852.0,3.55203705,213.0,46.627824,1.26,30.0,1.5,49.094967996489345
67816,38.11,,,62.407787215957086,122.0,0.53956,0.9762,0.0,14098478328.0,28991988.0,3.5687178833333335,214.0,24.642852,1.26,16.0,1.5,24.297787215957086
67817,36.25,,,59.0907130105513,122.09,0.4183,0.952,0.0,14127470316.0,25631520.0,3.5853897666666668,215.0,28.991988,1.26,16.0,1.5,22.840713010551298
67818,29.13,,,59.34456099383336,121.99,0.53696,0.9785,0.0,14153101836.0,21488628.0,3.6020675333333334,216.0,25.63152,1.24,12.0,1.5,30.214560993833363
67819,45.1,,,53.997830494619386,122.0,0.53471,0.9751,0.0,14174590464.0,33959400.0,3.6187478833333335,217.0,21.488628,1.24,12.0,1.5,8.897830494619384
67820,17.89,,,68.41011890175811,121.88,0.65921,0.9599,0.0,14208549864.0,13699998.0,3.635420133333333,218.0,33.9594,1.24,14.0,1.5,50.52011890175811
67821,28.38,,,46.15825877831212,122.05,0.45637,0.929,0.0,14222249862.0,22823691.0,3.652102966666667,219.0,13.699998,1.24,14.0,1.5,17.778258778312118
67822,39.36,,,44.750961332672745,122.24,0.29591,0.7449,0.0,14245073553.0,25271403.0,3.6687866833333334,220.0,22.823691,1.22,11.0,1.5,5.390961332672745
67823,30.01,,,59.62773001597473,121.92,0.56345,0.9791,0.0,14270344956.0,25943624.0,3.6854661500000003,221.0,25.271403,1.22,11.0,1.5,29.617730015974725
67824,38.14,,,45.02154267683553,122.3,0.18078,0.4246,0.0,14296288580.0,23928652.0,3.70215615,222.0,25.943624,1.22,13.0,1.5,6.8815426768355294
67825,46.52,,,60.323806596708216,121.85,0.62948,0.9776,0.0,14320217232.0,35773896.0,3.7188145833333333,223.0,23.928652,1.22,13.0,1.5,13.803806596708213
67826,42.26,,,67.66593096386964,121.98,0.53815,0.9547,0.0,14355991128.0,30003816.0,3.7354882666666667,224.0,35.773896,1.22,21.0,1.5,25.405930963869643
67827,28.8,,,65.68369832442511,121.95,0.5337,0.9793,0.0,14385994944.0,23716968.0,3.7521685833333334,225.0,30.003816,1.22,21.0,1.5,36.88369832442511
67828,3.52,,,52.39212336769447,122.07,0.41623,0.8721,0.0,14409711912.0,3735196.0,3.7688510833333333,226.0,23.716968,1.28,7.0,1.5,48.87212336769446
67829,12.79,,,23.920644610583437,122.23,0.27937,0.6142,0.0,14413447108.0,7194560.0,3.7855395,227.0,3.735196,1.28,7.0,1.5,11.130644610583438
67830,20.43,,,29.284697711001087,122.07,0.38742,0.9569,0.0,14420641668.0,17223198.0,3.8022086666666666,228.0,7.19456,1.28,5.0,1.5,8.854697711001087
67831,12.21,,,31.186046320411357,122.29,0.19802,0.4509,0.0,14437864866.0,8972932.0,3.8188973166666664,229.0,17.223198,1.28,5.0,1.5,18.976046320411356
67832,22.88,,,24.049318321530762,122.27,0.19487,0.5762,0.0,14446837798.0,13121942.0,3.8355749833333332,230.0,8.972932,1.18,4.0,1.5,1.1693183215307634
67833,32.24,,,40.57997423899954,121.98,0.5008,0.9501,0.0,14459959740.0,22679568.0,3.852236,231.0,13.121942,1.18,4.0,1.5,8.339974238999538
67834,37.69,,,50.3928792147838,121.95,0.54291,0.9262,0.0,14482639308.0,32370151.0,3.8689086333333336,232.0,22.679568,1.18,14.0,1.5,12.702879214783799
67835,27.28,,,54.24486899946958,122.12,0.39392,0.7428,0.0,14515009459.0,17682669.0,3.8855966166666667,233.0,32.370151,1.18,14.0,1.5,26.96486899946958
67836,29.69,,,49.23188874677264,122.09,0.4153,0.9671,0.0,14532692128.0,22021148.0,3.9022564500000003,234.0,17.682669,1.18,9.0,1.5,19.54188874677264
67837,41.38,,,51.02775048810012,122.05,0.4813,0.9521,0.0,14554713276.0,28259676.0,3.91893195,235.0,22.021148,1.18,9.0,1.5,9.647750488100115
67838,42.48,,,62.394748992192845,121.97,0.56861,0.979,0.0,14582972952.0,34468524.0,3.9356058833333334,236.0,28.259676,1.17,18.0,1.5,19.914748992192848
67839,24.7,,,62.2525282330255,122.11,0.39493,0.9193,0.0,14617441476.0,15771492.0,3.95228765,237.0,34.468524,1.17,18.0,1.5,37.5525282330255
67840,35.77,,,50.10225300874942,122.08,0.43078,0.9572,0.0,14633212968.0,26449044.0,3.9689697,238.0,15.771492,1.17,9.0,1.5,14.332253008749419
67841,51.28,,,57.55879114740074,121.98,0.56199,0.9789,0.0,14659662012.0,35019036.0,3.985650133333333,239.0,26.449044,1.17,9.0,1.5,6.278791147400739
67842,55.72,,,76.63746215449092,121.78,0.80505,0.9848,0.0,14694681048.0,42973188.0,4.002323616666667,240.0,35.019036,1.39,25.0,1.5,20.91746215449092
67843,46.6,,,79.84048276329328,121.91,0.61367,0.9764,0.0,14737654236.0,33408888.0,4.01900315,241.0,42.973188,1.39,25.0,1.5,33.24048276329328
67844,53.35,,,72.30925641146672,121.9,0.6435,0.976,0.0,14771063124.0,40075440.0,4.0356813166666665,242.0,33.408888,1.39,22.0,1.5,18.95925641146672
67845,33.9,,,78.49056756439317,121.9,0.64544,0.9606,0.0,14811138564.0,25001964.0,4.052358866666667,243.0,40.07544,1.39,22.0,1.5,44.590567564393176
67846,14.66,,,61.06628537221081,122.0,0.50428,0.9543,0.0,14836140528.0,15064306.0,4.069036233333334,244.0,25.001964,1.39,11.0,1.5,46.4062853722108
67847,30.29,,,32.8658075178678,122.34,0.19285,0.5603,0.0,14851204834.0,19880813.0,4.0857277000000005,245.0,15.064306,1.39,11.0,1.5,2.5758075178678013
67848,43.92,,,45.013402885040065,122.12,0.3934,0.9625,0.0,14871085647.0,30654115.0,4.102396983333334,246.0,19.880813,1.36,13.0,1.5,1.0934028850400637
67849,34.04,,,61.71540743269811,121.99,0.53763,0.979,0.0,14901739762.0,26674041.0,4.119074633333333,247.0,30.654115,1.36,13.0,1.5,27.67540743269811
67850,44.51,,,54.545732924590816,122.09,0.42938,0.8326,0.0,14928413803.0,28916369.0,4.1357565,248.0,26.674041,1.36,15.0,1.5,10.035732924590818
67851,43.03,,,69.04493647519426,121.78,0.76353,0.9845,0.0,14957330172.0,34689348.0,4.1524265499999995,249.0,28.916369,1.36,15.0,1.5,26.01493647519426
67852,25.02,,,67.79445064769413,121.97,0.53989,0.9778,0.0,14992019520.0,19170284.0,4.1691075500000006,250.0,34.689348,1.49,18.0,1.5,42.77445064769414
67853,46.27,,,49.06230080051136,122.07,0.39093,0.962,0.0,15011189804.0,31495933.0,4.185790533333334,251.0,19.170284,1.49,18.0,1.5,2.792300800511356
67854,20.5,,,66.37847332220278,121.88,0.63599,0.9781,0.0,15042685737.0,16258353.0,4.2024687,252.0,31.495933,1.49,13.0,1.5,45.87847332220278
67855,38.23,,,47.50824684466089,122.01,0.47506,0.96,0.0,15058944090.0,28228254.0,4.21914885,253.0,16.258353,1.49,13.0,1.5,9.278246844660892
67856,32.24,,,57.35077696740308,122.0,0.50932,0.9781,0.0,15087172344.0,24457104.0,4.23582705,254.0,28.228254,1.49,14.0,1.5,25.110776967403076
67857,21.99,,,57.71120054987348,122.02,0.55298,0.9639,0.0,15111629448.0,19124280.0,4.252507566666667,255.0,24.457104,1.49,14.0,1.5,35.72120054987349
67858,39.87,,,40.27945845202461,122.09,0.5136,0.7739,0.0,15130753728.0,24493587.0,4.269195633333334,256.0,19.12428,1.53,11.0,1.5,0.40945845202461584
67859,34.78,,,59.41517827433112,121.98,0.56454,0.9702,0.0,15155247315.0,26492043.0,4.2858602,257.0,24.493587,1.53,11.0,1.5,24.635178274331118
67860,44.2,,,58.681810703666905,121.9,0.56838,0.9778,0.0,15181739358.0,30027666.0,4.302543066666667,258.0,26.492043,1.53,15.0,1.5,14.481810703666902
67861,43.77,,,71.17824364995042,121.68,0.70225,0.972,0.0,15211767024.0,35515339.0,4.319214683333333,259.0,30.027666,1.53,15.0,1.5,27.408243649950414
67862,10.03,,,56.03854290035309,122.24,0.30068,0.7853,0.0,15247282363.0,7520597.0,4.335892283333333,260.0,35.515339,1.65,15.0,1.5,46.00854290035309
67863,35.77,,,42.367449850374776,122.0,0.56176,0.9692,0.0,15254802960.0,25104252.0,4.352582783333333,261.0,7.520597,1.65,15.0,1.5,6.5974498503747725
67864,40.45,,,53.872358509074985,122.01,0.53511,0.9792,0.0,15279907212.0,30452112.0,4.369249416666666,262.0,25.104252,1.65,14.0,1.5,13.422358509074982
67865,17.85,,,52.0019997780289,122.23,0.32044,0.8152,0.0,15310359324.0,12741780.0,4.385927233333334,263.0,30.452112,1.65,14.0,1.5,34.1519997780289
67866,41.63,,,45.56408643670475,122.05,0.47652,0.9459,0.0,15323101104.0,29664048.0,4.402601016666667,264.0,12.74178,1.65,11.0,1.5,3.934086436704746
67867,36.31,,,62.60960045345281,121.99,0.58266,0.9783,0.0,15352765152.0,29003580.0,4.41927735,265.0,29.664048,1.65,11.0,1.5,26.29960045345281
67868,8.25,,,53.45314536887401,122.1,0.37586,0.9601,0.0,15381768732.0,8601840.0,4.435960966666667,266.0,29.00358,1.84,12.0,1.5,45.20314536887401
67869,18.43,,,21.70412220306664,122.34,0.17785,0.4845,0.0,15390370572.0,8314014.0,4.452652033333334,267.0,8.60184,1.84,12.0,1.5,3.2741222030666393
67870,24.32,,,43.442509340956306,122.0,0.54013,0.9638,0.0,15398684586.0,23103121.0,4.469309983333333,268.0,8.314014,1.84,7.0,1.5,19.122509340956306
67871,20.73,,,31.338556592763606,122.36,0.17177,0.4186,0.0,15421787707.0,11027753.0,4.4860014,269.0,23.103121,1.84,7.0,1.5,10.608556592763605
67872,0.0,0.0,0.0,0.0,0.0,0.0,0.0,0.0,0.0,0.0,0.0,0.0,0.0,0.0,0.0,0.0,0.0
67873,30.2,,,73.7476838168352,121.91,0.65991,0.9624,0.0,15469005444.0,26477964.0,4.5193373,271.0,36.189984,1.85,12.0,1.5,43.5476838168352
67874,21.33,,,44.41862718442212,122.3,0.24381,0.6442,0.0,15495483408.0,13364856.0,4.5360189,272.0,26.477964,1.85,12.0,1.5,23.088627184422123
67875,0.0,0.0,0.0,0.0,0.0,0.0,0.0,0.0,0.0,0.0,0.0,0.0,0.0,0.0,0.0,0.0,0.0
67876,43.4,,,80.83670166155386,121.83,0.75958,0.9846,0.0,15547608936.0,35763996.0,4.569368983333334,274.0,38.760672,1.85,29.0,1.5,37.43670166155386
67877,16.92,,,57.64067306893908,122.2,0.35246,0.8416,0.0,15583372932.0,13883437.0,4.5860436,275.0,35.763996,1.85,29.0,1.5,40.72067306893908
67878,0.0,0.0,0.0,0.0,0.0,0.0,0.0,0.0,0.0,0.0,0.0,0.0,0.0,0.0,0.0,0.0,0.0
67879,53.92,,,75.70908955643492,121.79,0.78927,0.9822,0.0,15629188584.0,42477936.0,4.619386283333333,277.0,31.932215,1.78,12.0,1.5,21.789089556434917
67880,21.35,,,68.52022770250002,122.11,0.41466,0.9594,0.0,15671666520.0,19569176.0,4.636060033333334,278.0,42.477936,1.78,25.0,1.5,47.17022770250002
67881,29.36,,,34.449709271370246,122.37,0.1604,0.4094,0.0,15691235696.0,17113540.0,4.652748683333333,279.0,19.569176,1.78,25.0,1.5,5.089709271370246
67882,29.36,,,54.684779896056,122.0,0.53938,0.9792,0.0,15708349236.0,20260760.0,4.669407866666666,280.0,17.11354,1.88,9.0,1.5,25.324779896056
67883,0.0,0.0,0.0,0.0,0.0,0.0,0.0,0.0,0.0,0.0,0.0,0.0,0.0,0.0,0.0,0.0,0.0
67884,42.12,,,77.31024425002563,121.88,0.62953,0.9741,0.0,15772455060.0,31662996.0,4.7027552833333335,282.0,43.845064,1.88,23.0,1.5,35.190244250025636
67885,41.77,,,68.77388234443116,121.95,0.57097,0.9791,0.0,15804118056.0,32578464.0,4.7194327,283.0,31.662996,1.88,23.0,1.5,27.003882344431155
67886,31.42,,,60.31643115089792,122.07,0.40749,0.966,0.0,15836696520.0,23101842.0,4.736114466666667,284.0,32.578464,1.88,15.0,1.5,28.896431150897918
67887,37.76,,,52.912311119330596,122.06,0.43523,0.9452,0.0,15859798362.0,28093812.0,4.752789966666667,285.0,23.101842,1.88,15.0,1.5,15.152311119330598
67888,41.03,,,53.84483469975127,122.1,0.38349,0.9604,0.0,15887892174.0,27495978.0,4.769473333333334,286.0,28.093812,1.81,13.0,1.5,12.814834699751266
67889,46.49,,,64.39962001141028,121.93,0.57242,0.9744,0.0,15915388152.0,34347960.0,4.786152483333334,287.0,27.495978,1.81,13.0,1.5,17.909620011410276
67890,49.59,,,68.8771444647396,121.94,0.55285,0.9772,0.0,15949736112.0,36113540.0,4.8028304833333335,288.0,34.34796,1.81,22.0,1.5,19.287144464739598
67891,21.64,,,75.70950558598399,121.89,0.62605,0.9789,0.0,15985849652.0,18560744.0,4.8195032,289.0,36.11354,1.81,22.0,1.5,54.06950558598399
67892,45.79,,,46.05990059119476,122.02,0.44858,0.9502,0.0,16004410396.0,29500256.0,4.836189,290.0,18.560744,1.75,14.0,1.5,0.2699005911947623
67893,52.42,,,73.24660673194586,121.72,0.83162,0.984,0.0,16033910652.0,40377921.0,4.852861533333334,291.0,29.500256,1.75,14.0,1.5,20.82660673194586
67894,12.85,,,71.8600100763402,121.93,0.54969,0.9774,0.0,16074288573.0,12144041.0,4.869536883333334,292.0,40.377921,1.75,18.0,1.4,59.0100100763402
67895,35.16,,,42.51162641932928,121.9,0.58683,0.9618,0.0,16086432614.0,22776994.0,4.886227966666667,293.0,12.144041,1.75,18.0,1.4,7.3516264193292855
67896,37.25,,,57.915236003280974,121.83,0.62892,0.979,0.0,16109209608.0,33156112.0,4.90289125,294.0,22.776994,1.75,16.0,1.4,20.665236003280974
67897,11.74,,,40.708312464387745,122.32,0.16112,0.4112,0.0,16142365720.0,8634464.0,4.919579850000001,295.0,33.156112,1.75,16.0,1.4,28.968312464387743
67898,24.33,,,31.131288175284993,122.29,0.17497,0.5111,0.0,16151000184.0,17900811.0,4.936252583333333,296.0,8.634464,1.69,5.0,1.5,6.801288175284995
67899,3.81,,,39.71170486088593,122.18,0.3295,0.7395,0.0,16168900995.0,2648995.0,4.952927433333333,297.0,17.900811,1.69,5.0,1.5,35.90170486088593
67900,0.0,0.0,0.0,0.0,0.0,0.0,0.0,0.0,0.0,0.0,0.0,0.0,0.0,0.0,0.0,0.0,0.0
67901,13.88,,,28.4824549137544,122.28,0.1982,0.4541,0.0,16185852201.0,5454159.0,4.986275666666667,299.0,14.302211,1.69,3.0,1.5,14.602454913754398
67902,0.0,0.0,0.0,0.0,0.0,0.0,0.0,0.0,0.0,0.0,0.0,0.0,0.0,0.0,0.0,0.0,0.0
67903,33.26,,,55.23898875496567,121.86,0.6425,0.9779,0.0,16218896268.0,30566768.0,5.019612016666667,301.0,27.589908,1.71,6.0,1.5,21.97898875496567
67904,3.37,,,52.31632770006725,122.22,0.28269,0.6572,0.0,16249463036.0,2502934.0,5.036304433333333,302.0,30.566768,1.71,11.0,1.5,48.94632770006725
67905,13.74,,,22.438297210786146,122.26,0.24236,0.5814,0.0,16251965970.0,6151053.0,5.05298035,303.0,2.502934,1.71,11.0,1.5,8.698297210786146
67906,8.72,,,27.67768659030976,121.99,0.51644,0.9176,0.0,16258117023.0,10365857.0,5.06964865,304.0,6.151053,1.71,3.0,1.5,18.957686590309763
67907,3.79,,,21.588798350333366,122.28,0.23402,0.5685,0.0,16268482880.0,2754262.0,5.086340166666667,305.0,10.365857,1.71,3.0,1.5,17.798798350333367
67908,0.0,0.0,0.0,0.0,0.0,0.0,0.0,0.0,0.0,0.0,0.0,0.0,0.0,0.0,0.0,0.0,0.0
67909,0.0,0.0,0.0,0.0,0.0,0.0,0.0,0.0,0.0,0.0,0.0,0.0,0.0,0.0,0.0,0.0,0.0
67910,23.06,,,53.99163771596314,121.96,0.50569,0.978,0.0,16308763988.0,18586324.0,5.136356783333333,308.0,28.617452,1.65,13.0,1.5,30.931637715963138
67911,30.29,,,45.03390551560275,122.06,0.39056,0.9619,0.0,16327350312.0,21974544.0,5.1530398,309.0,18.586324,1.65,13.0,1.5,14.743905515602748
67912,31.75,,,48.336587014296214,122.07,0.38183,0.9544,0.0,16349324856.0,23304456.0,5.169722816666667,310.0,21.974544,1.6,10.0,1.5,16.586587014296214
67913,26.8,,,53.912249342132526,121.93,0.53662,0.9773,0.0,16372629312.0,21011436.0,5.186396733333334,311.0,23.304456,1.6,10.0,1.5,27.112249342132525
67914,14.94,,,49.38174426704602,122.07,0.40851,0.9659,0.0,16393640748.0,10971256.0,5.20307855,312.0,21.011436,1.6,7.0,1.4,34.44174426704602
67915,0.0,0.0,0.0,0.0,0.0,0.0,0.0,0.0,0.0,0.0,0.0,0.0,0.0,0.0,0.0,0.0,0.0
67916,59.98,,,64.38210485697412,121.79,0.76788,0.9837,0.0,16434330516.0,43746483.0,5.236435366666667,314.0,29.718512,1.6,25.0,1.4,4.402104856974127
67917,48.59,,,83.68573637615948,121.78,0.77563,0.9799,0.0,16478076999.0,38864161.0,5.253109283333333,315.0,43.746483,1.6,25.0,1.4,35.09573637615948
67918,30.93,,,74.71499500391589,122.0,0.47724,0.9568,0.0,16516941160.0,22663652.0,5.269791316666667,316.0,38.864161,1.87,20.0,1.4,43.78499500391589
67919,44.71,,,57.0823263004402,121.99,0.45737,0.9582,0.0,16539604812.0,32924460.0,5.286470283333333,317.0,22.663652,1.87,20.0,1.4,12.3723263004402
67920,28.36,,,65.6318371447357,121.97,0.54088,0.9571,0.0,16572529272.0,20664303.0,5.303151383333333,318.0,32.92446,1.87,15.0,1.4,37.2718371447357
67921,51.68,,,56.49481199845105,121.93,0.59011,0.9787,0.0,16593193575.0,36840333.0,5.319829116666667,319.0,20.664303,1.87,15.0,1.4,4.814811998451049
67922,29.5,,,75.3336741608281,121.79,0.75644,0.9792,0.0,16630033908.0,26088360.0,5.33650295,320.0,36.840333,2.04,21.0,1.4,45.833674160828096
67923,28.09,,,58.70044846601483,122.01,0.46768,0.9399,0.0,16656122268.0,17807480.0,5.353184566666667,321.0,26.08836,2.04,21.0,1.4,30.610448466014827
67924,45.7,,,51.31401377669015,121.96,0.5223,0.9779,0.0,16673929748.0,32265592.0,5.369863516666666,322.0,17.80748,2.04,13.0,1.4,5.61401377669015
67925,54.14,,,65.58841430778331,121.85,0.64085,0.9707,0.0,16706195340.0,39345204.0,5.386536116666666,323.0,32.265592,2.04,13.0,1.4,11.44841430778331
67926,33.2,,,77.61964657529876,121.84,0.63208,0.9758,0.0,16745540544.0,27607308.0,5.403213383333334,324.0,39.345204,2.04,22.0,1.4,44.419646575298756
67927,38.89,,,63.02148614272922,121.96,0.54203,0.9684,0.0,16773147852.0,26060436.0,5.419893983333334,325.0,27.607308,2.04,22.0,1.4,24.131486142729223
67928,55.06,,,61.26022652286928,121.94,0.55649,0.9787,0.0,16799208288.0,41078349.0,5.436572983333334,326.0,26.060436,1.96,19.0,1.4,6.200226522869279
67929,25.66,,,77.98066658814092,121.93,0.62261,0.9724,0.0,16840286637.0,23889915.0,5.453242383333333,327.0,41.078349,1.96,19.0,1.4,52.320666588140924
67930,23.42,,,50.63260224781263,122.27,0.27109,0.6381,0.0,16864176552.0,14233344.0,5.4699298999999995,328.0,23.889915,1.96,10.0,1.4,27.212602247812626
67931,0.0,0.0,0.0,0.0,0.0,0.0,0.0,0.0,0.0,0.0,0.0,0.0,0.0,0.0,0.0,0.0,0.0
67932,46.66,,,63.61453358411793,121.93,0.60959,0.9785,0.0,16909937208.0,34781472.0,5.503267383333333,330.0,31.527312,2.04,21.0,1.4,16.954533584117932
67933,62.63,,,68.72772081354672,121.94,0.61528,0.9516,0.0,16944718680.0,44976396.0,5.519941833333333,331.0,34.781472,2.04,21.0,1.4,6.097720813546722
67934,31.57,,,87.78097166733257,121.78,0.7701,0.9837,0.0,16989695076.0,27684284.0,5.536612000000001,332.0,44.976396,2.04,27.0,1.4,56.210971667332565
67935,31.89,,,61.64697049732654,122.06,0.40796,0.9659,0.0,17017379360.0,23107816.0,5.5532927,333.0,27.684284,2.04,27.0,1.4,29.75697049732654
67936,40.04,,,53.51367101640809,122.03,0.40917,0.9658,0.0,17040487176.0,28466220.0,5.5699747,334.0,23.107816,2.04,11.0,1.4,13.47367101640809
67937,35.24,,,61.572279811039586,121.91,0.56504,0.9789,0.0,17068953396.0,25104564.0,5.586654816666667,335.0,28.46622,2.04,11.0,1.4,26.332279811039584
67938,39.8,,,56.8019465826306,122.03,0.46816,0.9517,0.0,17094057960.0,31392516.0,5.603334616666667,336.0,25.104564,2.04,14.0,1.4,17.0019465826306
67939,24.12,,,61.82077327448962,122.0,0.49867,0.9537,0.0,17125450476.0,17726412.0,5.6200158333333325,337.0,31.392516,2.04,14.0,1.4,37.70077327448962
67940,31.53,,,46.14675586320496,122.05,0.43633,0.8727,0.0,17143176888.0,22087407.0,5.636699683333333,338.0,17.726412,2.04,8.0,1.4,14.616755863204958
67941,0.0,0.0,0.0,0.0,0.0,0.0,0.0,0.0,0.0,0.0,0.0,0.0,0.0,0.0,0.0,0.0,0.0
67942,37.38,,,73.5455536420496,121.81,0.7682,0.9823,0.0,17201353512.0,31146084.0,5.670052549999999,340.0,36.089217,2.2,21.0,1.4,36.165553642049595
67943,55.15,,,62.74870832945611,122.1,0.41105,0.966,0.0,17232499596.0,37333524.0,5.686734933333333,341.0,31.146084,2.2,21.0,1.4,7.598708329456109
67944,49.79,,,78.76940336990242,121.78,0.72952,0.9751,0.0,17269833120.0,38540448.0,5.703411383333333,342.0,37.333524,2.2,25.0,1.4,28.97940336990242
67945,52.6,,,76.54853704911356,121.91,0.60311,0.9752,0.0,17308373568.0,36867660.0,5.720088700000001,343.0,38.540448,2.2,25.0,1.4,23.94853704911356
67946,28.22,,,78.29315784549216,121.84,0.70552,0.9683,0.0,17345241228.0,24804412.0,5.736761416666667,344.0,36.86766,2.2,18.0,1.4,50.07315784549216
67947,32.34,,,55.32957179870265,122.17,0.4005,0.7665,0.0,17370045640.0,21996380.0,5.753445650000001,345.0,24.804412,2.2,18.0,1.4,22.98957179870265
67948,36.21,,,52.688251688868505,122.05,0.49209,0.956,0.0,17392042020.0,27439104.0,5.7701267666666665,346.0,21.99638,2.1,12.0,1.4,16.478251688868504
67949,10.73,,,54.271436430497324,122.18,0.4486,0.6666,0.0,17419481124.0,12433986.0,5.7868081,347.0,27.439104,2.1,12.0,1.4,43.54143643049733
67950,23.07,,,29.4404593869624,122.33,0.20295,0.5368,0.0,17431915110.0,11488986.0,5.8034973333333335,348.0,12.433986,2.1,4.0,1.4,6.370459386962398
67951,0.0,0.0,0.0,0.0,0.0,0.0,0.0,0.0,0.0,0.0,0.0,0.0,0.0,0.0,0.0,0.0,0.0
67952,13.18,,,68.17996168878221,122.0,0.56536,0.9784,0.0,17481044166.0,13699468.0,5.836844266666666,350.0,37.64007,2.09,16.0,1.4,54.999961688782214
67953,4.77,,,34.419085801476605,122.38,0.17516,0.4584,0.0,17494743634.0,3430170.0,5.853531933333333,351.0,13.699468,2.09,16.0,1.4,29.649085801476605
67954,11.43,,,18.083252900934532,122.41,0.1747,0.4277,0.0,17498173804.0,8516220.0,5.87020975,352.0,3.43017,2.09,2.0,1.4,6.6532529009345325
67955,8.67,,,19.60528922151438,122.37,0.16958,0.4198,0.0,17506690024.0,2761162.0,5.886886283333333,353.0,8.51622,2.09,2.0,1.4,10.93528922151438
67956,0.0,0.0,0.0,0.0,0.0,0.0,0.0,0.0,0.0,0.0,0.0,0.0,0.0,0.0,0.0,0.0,0.0
67957,0.0,0.0,0.0,0.0,0.0,0.0,0.0,0.0,0.0,0.0,0.0,0.0,0.0,0.0,0.0,0.0,0.0
67958,18.48,,,63.71451604061061,121.97,0.60861,0.9778,0.0,17565531216.0,17856366.0,5.9368977,356.0,32.413284,2.08,16.0,1.4,45.234516040610615
67959,24.07,,,42.192184501350596,122.16,0.43779,0.7494,0.0,17583387582.0,18263830.0,5.953580366666667,357.0,17.856366,2.08,16.0,1.4,18.122184501350596
67960,15.53,,,38.70391729877427,122.28,0.26441,0.666,0.0,17601651412.0,13450016.0,5.970271483333334,358.0,18.26383,2.08,8.0,1.4,23.17391729877427
67961,10.23,,,28.5835914434357,122.34,0.20144,0.4711,0.0,17615101428.0,8896309.0,5.9869425,359.0,13.450016,2.08,8.0,1.4,18.3535914434357
67962,0.0,0.0,0.0,0.0,0.0,0.0,0.0,0.0,0.0,0.0,0.0,0.0,0.0,0.0,0.0,0.0,0.0
67963,30.77,,,33.2058607007871,122.22,0.30759,0.7622,0.0,17639135846.0,19498114.0,6.020303,361.0,15.138109,1.92,4.0,1.4,2.4358607007870994
