timestamp,sensor,target,power,socket,INSTRUCTIONS_RETIRED,LLC_MISSES,cpu-cycles,formula,predict,ratio,scope,time_enabled,time_running
1677612665181,sensor,/video_processing-0-0.0.1-694264E2-8490-7669-3D01-0AD187E21299,0.1726079055319933,0,365340729,365340729,365340729,a2565f08c8b434b80e93420b52e1a5e1e5724d9b,0.22063235373499965,0.14663844160941503,cpu,89585726,89585726
1677612666182,sensor,/video_processing-0-0.0.1-694264E2-8490-7669-3D01-0AD187E21299,0.0002401093655750926,0,0,0,0,a2565f08c8b434b80e93420b52e1a5e1e5724d9b,0.056502473671342195,0.00025631362272151957,cpu,89585726,89585726
1677612667183,sensor,/video_processing-0-0.0.1-694264E2-8490-7669-3D01-0AD187E21299,0.0003838847512125818,0,79526,79526,79526,a2565f08c8b434b80e93420b52e1a5e1e5724d9b,0.05663519597424758,0.00045271933394215667,cpu,89617494,89617494
1677612668184,sensor,/video_processing-0-0.0.1-694264E2-8490-7669-3D01-0AD187E21299,0.0003419707595360526,0,0,0,0,a2565f08c8b434b80e93420b52e1a5e1e5724d9b,0.05658783172783029,0.0005495666284605876,cpu,89617494,89617494
1677612669186,sensor,/video_processing-0-0.0.1-694264E2-8490-7669-3D01-0AD187E21299,0.000533092476974128,0,1360845,1360845,1360845,a2565f08c8b434b80e93420b52e1a5e1e5724d9b,0.05678577331737419,0.00042838217125142617,cpu,89995656,89995656
1677612670186,sensor,/video_processing-0-0.0.1-694264E2-8490-7669-3D01-0AD187E21299,0.2084808092364072,0,0,0,0,a2565f08c8b434b80e93420b52e1a5e1e5724d9b,0.25595404108739295,0.15643317872294268,cpu,89995656,89995656
1677612671188,sensor,/video_processing-0-0.0.1-694264E2-8490-7669-3D01-0AD187E21299,0.20108958865619042,0,0,0,0,a2565f08c8b434b80e93420b52e1a5e1e5724d9b,0.24711661197686902,0.18213131397196827,cpu,89995656,89995656
1677612672188,sensor,/video_processing-0-0.0.1-694264E2-8490-7669-3D01-0AD187E21299,0.09811546488544626,0,11009448,11009448,11009448,a2565f08c8b434b80e93420b52e1a5e1e5724d9b,0.14702225175444483,0.13095988772251668,cpu,92715298,92715298
1677612673189,sensor,/video_processing-0-0.0.1-694264E2-8490-7669-3D01-0AD187E21299,9.233744888674152e-06,0,0,0,0,a2565f08c8b434b80e93420b52e1a5e1e5724d9b,0.05628507963260253,1.675514344408285e-05,cpu,92715298,92715298
1677612674190,sensor,/video_processing-0-0.0.1-694264E2-8490-7669-3D01-0AD187E21299,0.0002832835606539287,0,0,0,0,a2565f08c8b434b80e93420b52e1a5e1e5724d9b,0.05654177928335211,0.0003250556947282619,cpu,92715298,92715298
1677612675191,sensor,/video_processing-0-0.0.1-694264E2-8490-7669-3D01-0AD187E21299,0.0005516046629766658,0,0,0,0,a2565f08c8b434b80e93420b52e1a5e1e5724d9b,0.05680506803487387,0.00041447712240903496,cpu,92715298,92715298
1677612676192,sensor,/video_processing-0-0.0.1-694264E2-8490-7669-3D01-0AD187E21299,0.00023401249066692782,0,462070,462070,462070,a2565f08c8b434b80e93420b52e1a5e1e5724d9b,0.05649896170001849,0.000210381656115717,cpu,92870542,92870542
1677612677193,sensor,/video_processing-0-0.0.1-694264E2-8490-7669-3D01-0AD187E21299,0.00045983559196708133,0,0,0,0,a2565f08c8b434b80e93420b52e1a5e1e5724d9b,0.05670130245473263,0.000627646874710219,cpu,92870542,92870542
1677612678193,sensor,/video_processing-0-0.0.1-694264E2-8490-7669-3D01-0AD187E21299,0.00026959018601418696,0,566792,566792,566792,a2565f08c8b434b80e93420b52e1a5e1e5724d9b,0.056503754208605844,0.0007574133437620806,cpu,93034907,93034907
1677612679194,sensor,/video_processing-0-0.0.1-694264E2-8490-7669-3D01-0AD187E21299,0.00028543160935564656,0,871175,871175,871175,a2565f08c8b434b80e93420b52e1a5e1e5724d9b,0.0565370865776177,0.0004466112166472206,cpu,93340873,93340873
1677612680195,sensor,/video_processing-0-0.0.1-694264E2-8490-7669-3D01-0AD187E21299,0.04387267689090038,0,57434204,57434170,57431164,a2565f08c8b434b80e93420b52e1a5e1e5724d9b,0.09730728634671104,0.05050358091676414,cpu,107648144,107648144
1677612681196,sensor,/video_processing-0-0.0.1-694264E2-8490-7669-3D01-0AD187E21299,0.20362760635220323,0,3500451395,3500454739,3500457029,a2565f08c8b434b80e93420b52e1a5e1e5724d9b,0.2463977107128596,0.2400045336189233,cpu,958484444,958484444
1677612682197,sensor,/video_processing-0-0.0.1-694264E2-8490-7669-3D01-0AD187E21299,0.20406783026774566,0,1183565204,1183569529,1183576048,a2565f08c8b434b80e93420b52e1a5e1e5724d9b,0.2474378043165615,0.22934526003903463,cpu,1248687984,1248687984
1677612683198,sensor,/video_processing-0-0.0.1-694264E2-8490-7669-3D01-0AD187E21299,0.019611731995225694,0,129833,129833,129833,a2565f08c8b434b80e93420b52e1a5e1e5724d9b,0.07267640520881677,0.05707709461610321,cpu,1248736604,1248736604
1677612684198,sensor,/video_processing-0-0.0.1-694264E2-8490-7669-3D01-0AD187E21299,1.1719380802189278e-05,0,0,0,0,a2565f08c8b434b80e93420b52e1a5e1e5724d9b,0.05628672431414193,3.169832680339715e-05,cpu,1248736604,1248736604
1677612685199,sensor,/video_processing-0-0.0.1-694264E2-8490-7669-3D01-0AD187E21299,1.3708461141378435e-05,0,0,0,0,a2565f08c8b434b80e93420b52e1a5e1e5724d9b,0.05628836824457803,3.783140422959695e-05,cpu,1248736604,1248736604
1677612686200,sensor,/video_processing-0-0.0.1-694264E2-8490-7669-3D01-0AD187E21299,1.184703316843017e-05,0,0,0,0,a2565f08c8b434b80e93420b52e1a5e1e5724d9b,0.05628676313679451,3.327676998636974e-05,cpu,1248736604,1248736604
1677612687201,sensor,/video_processing-0-0.0.1-694264E2-8490-7669-3D01-0AD187E21299,0.00032530321516363245,0,198307,198307,198307,a2565f08c8b434b80e93420b52e1a5e1e5724d9b,0.056567432231242595,0.0006158808637601027,cpu,1248791287,1248791287
1677612688202,sensor,/video_processing-0-0.0.1-694264E2-8490-7669-3D01-0AD187E21299,0.00033933754153227756,0,430869,430869,430869,a2565f08c8b434b80e93420b52e1a5e1e5724d9b,0.05659601452900437,0.0003573733742626194,cpu,1248914826,1248914826
1677612689202,sensor,/video_processing-0-0.0.1-694264E2-8490-7669-3D01-0AD187E21299,0.00042017781406651736,0,210302,210302,210302,a2565f08c8b434b80e93420b52e1a5e1e5724d9b,0.05666805777703277,0.0005136904757057573,cpu,1248976202,1248976202
1677612690203,sensor,/video_processing-0-0.0.1-694264E2-8490-7669-3D01-0AD187E21299,0.00021451194202557787,0,0,0,0,a2565f08c8b434b80e93420b52e1a5e1e5724d9b,0.0564673877108103,0.00042491842733899827,cpu,1248976202,1248976202
1677612691204,sensor,/video_processing-0-0.0.1-694264E2-8490-7669-3D01-0AD187E21299,0.00030657025244471936,0,406221,406221,406221,a2565f08c8b434b80e93420b52e1a5e1e5724d9b,0.05649231504595483,0.001617789888026289,cpu,1249081952,1249081952
1677612692204,sensor,/video_processing-0-0.0.1-694264E2-8490-7669-3D01-0AD187E21299,0.024509270654570738,0,203023,203023,203023,a2565f08c8b434b80e93420b52e1a5e1e5724d9b,0.07819036810052973,0.04612365812184944,cpu,1249135718,1249135718
1677612693205,sensor,/video_processing-0-0.0.1-694264E2-8490-7669-3D01-0AD187E21299,0.22114722857786082,0,0,0,0,a2565f08c8b434b80e93420b52e1a5e1e5724d9b,0.2629932070497235,0.25642561783995305,cpu,1249135718,1249135718
1677612694206,sensor,/video_processing-0-0.0.1-694264E2-8490-7669-3D01-0AD187E21299,0.20444713161223388,0,0,0,0,a2565f08c8b434b80e93420b52e1a5e1e5724d9b,0.2461719718241233,0.2585781617666331,cpu,1249135718,1249135718
1677612695208,sensor,/video_processing-0-0.0.1-694264E2-8490-7669-3D01-0AD187E21299,0.04362600178758157,0,542433,542433,542433,a2565f08c8b434b80e93420b52e1a5e1e5724d9b,0.09532248429639356,0.08138890653053352,cpu,1249287215,1249287215
1677612696209,sensor,/video_processing-0-0.0.1-694264E2-8490-7669-3D01-0AD187E21299,0.00043020547588962753,0,0,0,0,a2565f08c8b434b80e93420b52e1a5e1e5724d9b,0.05668532911609056,0.0003849752915701035,cpu,1249287215,1249287215
1677612697210,sensor,/video_processing-0-0.0.1-694264E2-8490-7669-3D01-0AD187E21299,0.0003012585021414022,0,221581,221581,221581,a2565f08c8b434b80e93420b52e1a5e1e5724d9b,0.056561196571523954,0.0002994261818370633,cpu,1249348494,1249348494
1677612698210,sensor,/video_processing-0-0.0.1-694264E2-8490-7669-3D01-0AD187E21299,0.00019680179396044313,0,0,0,0,a2565f08c8b434b80e93420b52e1a5e1e5724d9b,0.05646180072269182,0.00020949817678316034,cpu,1249348494,1249348494
1677612699211,sensor,/video_processing-0-0.0.1-694264E2-8490-7669-3D01-0AD187E21299,0.00013907507812555716,0,0,0,0,a2565f08c8b434b80e93420b52e1a5e1e5724d9b,0.056407321274574374,0.00015179645310796908,cpu,1249348494,1249348494
1677612700212,sensor,/video_processing-0-0.0.1-694264E2-8490-7669-3D01-0AD187E21299,0.0002772313398274659,0,206927,206927,206927,a2565f08c8b434b80e93420b52e1a5e1e5724d9b,0.056535526395201194,0.00032862141567089915,cpu,1249401498,1249401498
1677612701213,sensor,/video_processing-0-0.0.1-694264E2-8490-7669-3D01-0AD187E21299,0.00020936752299049105,0,225071,225071,225071,a2565f08c8b434b80e93420b52e1a5e1e5724d9b,0.056469806263483635,0.0002905295990513573,cpu,1249461436,1249461436
1677612702214,sensor,/video_processing-0-0.0.1-694264E2-8490-7669-3D01-0AD187E21299,0.00033368806079363354,0,0,0,0,a2565f08c8b434b80e93420b52e1a5e1e5724d9b,0.056591651369849276,0.00033451632057006884,cpu,1249461436,1249461436
1677612703214,sensor,/video_processing-0-0.0.1-694264E2-8490-7669-3D01-0AD187E21299,0.0004066165478722918,0,313397,313397,313397,a2565f08c8b434b80e93420b52e1a5e1e5724d9b,0.05666333009805026,0.00035672368001657666,cpu,1249641576,1249641576
1677612704215,sensor,/video_processing-0-0.0.1-694264E2-8490-7669-3D01-0AD187E21299,0.0683824349277761,0,513199,513199,513199,a2565f08c8b434b80e93420b52e1a5e1e5724d9b,0.12134075183888864,0.05896697328048859,cpu,1249791325,1249791325
1677612705216,sensor,/video_processing-0-0.0.1-694264E2-8490-7669-3D01-0AD187E21299,0.19796106938140043,0,16874312,16874312,16874312,a2565f08c8b434b80e93420b52e1a5e1e5724d9b,0.24687178815681118,0.13089002043806264,cpu,1253956267,1253956267
1677612706217,sensor,/video_processing-0-0.0.1-694264E2-8490-7669-3D01-0AD187E21299,0.19750729022393088,0,18839227,18839227,18839227,a2565f08c8b434b80e93420b52e1a5e1e5724d9b,0.24575090302329125,0.14274403681171433,cpu,1258606245,1258606245
1677612707218,sensor,/video_processing-0-0.0.1-694264E2-8490-7669-3D01-0AD187E21299,0.18313965117371386,0,30832049,30832049,30832049,a2565f08c8b434b80e93420b52e1a5e1e5724d9b,0.22961084366948034,0.17423873188877978,cpu,1266207499,1266207499
1677612708219,sensor,/video_processing-0-0.0.1-694264E2-8490-7669-3D01-0AD187E21299,9.864248036375912e-06,0,0,0,0,a2565f08c8b434b80e93420b52e1a5e1e5724d9b,0.056285948283585976,1.2523419481709212e-05,cpu,1266207499,1266207499
1677612709220,sensor,/video_processing-0-0.0.1-694264E2-8490-7669-3D01-0AD187E21299,1.2873033212483077e-05,0,0,0,0,a2565f08c8b434b80e93420b52e1a5e1e5724d9b,0.056289014568980326,1.1501679978527773e-05,cpu,1266207499,1266207499
1677612710221,sensor,/video_processing-0-0.0.1-694264E2-8490-7669-3D01-0AD187E21299,0.0007106296666738843,0,0,0,0,a2565f08c8b434b80e93420b52e1a5e1e5724d9b,0.05694432540605671,0.0007657344157120341,cpu,1266207499,1266207499
1677612711222,sensor,/video_processing-0-0.0.1-694264E2-8490-7669-3D01-0AD187E21299,0.00023803157393852083,0,0,0,0,a2565f08c8b434b80e93420b52e1a5e1e5724d9b,0.056501324154663,0.0002398188123929025,cpu,1266207499,1266207499
1677612712223,sensor,/video_processing-0-0.0.1-694264E2-8490-7669-3D01-0AD187E21299,0.00028204805351281947,0,0,0,0,a2565f08c8b434b80e93420b52e1a5e1e5724d9b,0.05653813953057699,0.00036777749326554284,cpu,1266207499,1266207499
1677612713223,sensor,/video_processing-0-0.0.1-694264E2-8490-7669-3D01-0AD187E21299,0.00024643994093496513,0,511592,511592,511592,a2565f08c8b434b80e93420b52e1a5e1e5724d9b,0.05650639668395487,0.00029909436408859463,cpu,1266428155,1266428155
1677612714224,sensor,/video_processing-0-0.0.1-694264E2-8490-7669-3D01-0AD187E21299,0.00018403359140633087,0,0,0,0,a2565f08c8b434b80e93420b52e1a5e1e5724d9b,0.056444668290803295,0.00028704754351920064,cpu,1266428155,1266428155
1677612715225,sensor,/video_processing-0-0.0.1-694264E2-8490-7669-3D01-0AD187E21299,0.00019668871283322855,0,0,0,0,a2565f08c8b434b80e93420b52e1a5e1e5724d9b,0.056460143225452106,0.00023694139351721383,cpu,1266428155,1266428155
1677612716227,sensor,/video_processing-0-0.0.1-694264E2-8490-7669-3D01-0AD187E21299,0.04717515441359052,0,38893814,38893814,38893814,a2565f08c8b434b80e93420b52e1a5e1e5724d9b,0.10092222351425845,0.04495138699373485,cpu,1276196648,1276196648
1677612717228,sensor,/video_processing-0-0.0.1-694264E2-8490-7669-3D01-0AD187E21299,0.19463615027979336,0,6726426,6726426,6726426,a2565f08c8b434b80e93420b52e1a5e1e5724d9b,0.24227179744205277,0.1535471698603503,cpu,1277862763,1277862763
1677612718229,sensor,/video_processing-0-0.0.1-694264E2-8490-7669-3D01-0AD187E21299,0.19883880720720942,0,58091717,58091717,58091717,a2565f08c8b434b80e93420b52e1a5e1e5724d9b,0.24704344466755496,0.14343660189647944,cpu,1292180754,1292180754
1677612719230,sensor,/video_processing-0-0.0.1-694264E2-8490-7669-3D01-0AD187E21299,0.0677928843599137,0,75107,75107,75107,a2565f08c8b434b80e93420b52e1a5e1e5724d9b,0.12123858733542636,0.05030645666827871,cpu,1292212611,1292212611
1677612720232,sensor,/video_processing-0-0.0.1-694264E2-8490-7669-3D01-0AD187E21299,0.0008100361674913872,0,2930854,2930854,2930854,a2565f08c8b434b80e93420b52e1a5e1e5724d9b,0.057056515736527286,0.0005385745168865751,cpu,1293013678,1293013678
1677612721233,sensor,/video_processing-0-0.0.1-694264E2-8490-7669-3D01-0AD187E21299,0.00032309566004564577,0,0,0,0,a2565f08c8b434b80e93420b52e1a5e1e5724d9b,0.056589673714821674,0.00018143818832352308,cpu,1293013678,1293013678
1677612722234,sensor,/video_processing-0-0.0.1-694264E2-8490-7669-3D01-0AD187E21299,0.0004629451127331238,0,0,0,0,a2565f08c8b434b80e93420b52e1a5e1e5724d9b,0.0567236395162085,0.0002859866429299837,cpu,1293013678,1293013678
1677612723235,sensor,/video_processing-0-0.0.1-694264E2-8490-7669-3D01-0AD187E21299,0.00037480669061819175,0,1232703,1232703,1232703,a2565f08c8b434b80e93420b52e1a5e1e5724d9b,0.05663237938376141,0.00034145729784795407,cpu,1293437990,1293437990
1677612724236,sensor,/video_processing-0-0.0.1-694264E2-8490-7669-3D01-0AD187E21299,0.00037994641752633207,0,0,0,0,a2565f08c8b434b80e93420b52e1a5e1e5724d9b,0.05662979929693146,0.0004786331016005046,cpu,1293437990,1293437990
1677612725237,sensor,/video_processing-0-0.0.1-694264E2-8490-7669-3D01-0AD187E21299,0.13931357155367907,0,47227686,47227686,47227686,a2565f08c8b434b80e93420b52e1a5e1e5724d9b,0.18860974412416726,0.12404077045054814,cpu,1305159123,1305159123
1677612726237,sensor,/video_processing-0-0.0.1-694264E2-8490-7669-3D01-0AD187E21299,0.2015698985258327,0,15684742,15684742,15684742,a2565f08c8b434b80e93420b52e1a5e1e5724d9b,0.24720539008567052,0.18908856524902876,cpu,1309036784,1309036784
1677612727239,sensor,/video_processing-0-0.0.1-694264E2-8490-7669-3D01-0AD187E21299,0.1255717990057917,0,0,0,0,a2565f08c8b434b80e93420b52e1a5e1e5724d9b,0.1747806141069685,0.12559305285957242,cpu,1309036784,1309036784
1677612728240,sensor,/video_processing-0-0.0.1-694264E2-8490-7669-3D01-0AD187E21299,0.000412571794128835,0,339794,339794,339794,a2565f08c8b434b80e93420b52e1a5e1e5724d9b,0.056668030314817826,0.00037902469461674086,cpu,1309153266,1309153266
1677612729241,sensor,/video_processing-0-0.0.1-694264E2-8490-7669-3D01-0AD187E21299,0.00030725612014404326,0,618763,618763,618763,a2565f08c8b434b80e93420b52e1a5e1e5724d9b,0.0565651864792756,0.00033510181815759406,cpu,1309350832,1309350832
1677612730241,sensor,/video_processing-0-0.0.1-694264E2-8490-7669-3D01-0AD187E21299,0.0004858051601237576,0,0,0,0,a2565f08c8b434b80e93420b52e1a5e1e5724d9b,0.05673439062127929,0.0005011542559933196,cpu,1309350832,1309350832
1677612731242,sensor,/video_processing-0-0.0.1-694264E2-8490-7669-3D01-0AD187E21299,0.000536297561854119,0,577025,577025,577025,a2565f08c8b434b80e93420b52e1a5e1e5724d9b,0.05678435898983261,0.0005104659667018841,cpu,1309549133,1309549133
1677612732243,sensor,/video_processing-0-0.0.1-694264E2-8490-7669-3D01-0AD187E21299,0.0005483249880321911,0,1123171,1123171,1123171,a2565f08c8b434b80e93420b52e1a5e1e5724d9b,0.05679240560658695,0.00058120222418333,cpu,1309975804,1309975804
1677612733244,sensor,/video_processing-0-0.0.1-694264E2-8490-7669-3D01-0AD187E21299,0.1631679498864136,0,1381135,1381135,1381135,a2565f08c8b434b80e93420b52e1a5e1e5724d9b,0.21197589501937966,0.1327162376869799,cpu,1310387723,1310387723
1677612734245,sensor,/video_processing-0-0.0.1-694264E2-8490-7669-3D01-0AD187E21299,0.20018153834839575,0,0,0,0,a2565f08c8b434b80e93420b52e1a5e1e5724d9b,0.24527304954631607,0.1987547237734847,cpu,1310387723,1310387723
1677612735246,sensor,/video_processing-0-0.0.1-694264E2-8490-7669-3D01-0AD187E21299,0.13810526084525926,0,0,0,0,a2565f08c8b434b80e93420b52e1a5e1e5724d9b,0.18771934194627407,0.11839175356046161,cpu,1310387723,1310387723
1677612736247,sensor,/video_processing-0-0.0.1-694264E2-8490-7669-3D01-0AD187E21299,0.0003668720128168409,0,0,0,0,a2565f08c8b434b80e93420b52e1a5e1e5724d9b,0.05662867024781759,0.00026637231260569585,cpu,1310387723,1310387723
1677612737248,sensor,/video_processing-0-0.0.1-694264E2-8490-7669-3D01-0AD187E21299,0.0002955267273878081,0,0,0,0,a2565f08c8b434b80e93420b52e1a5e1e5724d9b,0.05655781313275498,0.00025769785948366564,cpu,1310387723,1310387723
1677612738249,sensor,/video_processing-0-0.0.1-694264E2-8490-7669-3D01-0AD187E21299,0.0003501688979824295,0,0,0,0,a2565f08c8b434b80e93420b52e1a5e1e5724d9b,0.05660227525679614,0.00043859031564739054,cpu,1310387723,1310387723
1677612739250,sensor,/video_processing-0-0.0.1-694264E2-8490-7669-3D01-0AD187E21299,0.00025481978835923265,0,0,0,0,a2565f08c8b434b80e93420b52e1a5e1e5724d9b,0.05651686931747174,0.0002619069883209282,cpu,1310387723,1310387723
1677612740251,sensor,/video_processing-0-0.0.1-694264E2-8490-7669-3D01-0AD187E21299,0.00041338902624828556,0,0,0,0,a2565f08c8b434b80e93420b52e1a5e1e5724d9b,0.056674640117875104,0.0002760946756876937,cpu,1310387723,1310387723
1677612741252,sensor,/video_processing-0-0.0.1-694264E2-8490-7669-3D01-0AD187E21299,0.037283463592163626,0,7872112,7872112,7872112,a2565f08c8b434b80e93420b52e1a5e1e5724d9b,0.092064071081009,0.026586117582135714,cpu,1312322379,1312322379
1677612742253,sensor,/video_processing-0-0.0.1-694264E2-8490-7669-3D01-0AD187E21299,0.20699679164705348,0,3101086880,3101086787,3101086450,a2565f08c8b434b80e93420b52e1a5e1e5724d9b,0.2550715277465466,0.14574486012498541,cpu,2074137340,2074137340
1677612743254,sensor,/video_processing-0-0.0.1-694264E2-8490-7669-3D01-0AD187E21299,0.18732521232853386,0,691759157,691762393,691765924,a2565f08c8b434b80e93420b52e1a5e1e5724d9b,0.23676513649303085,0.12148640306321352,cpu,2254405980,2254405980
1677612744255,sensor,/video_processing-0-0.0.1-694264E2-8490-7669-3D01-0AD187E21299,0.1742402310461567,0,398985,398985,398985,a2565f08c8b434b80e93420b52e1a5e1e5724d9b,0.2226284304175397,0.14017483243685078,cpu,2254555266,2254555266
1677612745255,sensor,/video_processing-0-0.0.1-694264E2-8490-7669-3D01-0AD187E21299,1.1263563255774597e-05,0,0,0,0,a2565f08c8b434b80e93420b52e1a5e1e5724d9b,0.05628744157086352,1.08536003587097e-05,cpu,2254555266,2254555266
1677612746256,sensor,/video_processing-0-0.0.1-694264E2-8490-7669-3D01-0AD187E21299,9.348890731639937e-06,0,0,0,0,a2565f08c8b434b80e93420b52e1a5e1e5724d9b,0.05628504634933689,1.939262706267741e-05,cpu,2254555266,2254555266
1677612747257,sensor,/video_processing-0-0.0.1-694264E2-8490-7669-3D01-0AD187E21299,0.0004938566794789485,0,0,0,0,a2565f08c8b434b80e93420b52e1a5e1e5724d9b,0.05674094794099245,0.0005277051604342736,cpu,2254555266,2254555266
1677612748258,sensor,/video_processing-0-0.0.1-694264E2-8490-7669-3D01-0AD187E21299,0.00023519597660550916,0,0,0,0,a2565f08c8b434b80e93420b52e1a5e1e5724d9b,0.05649965909944618,0.0002190190805519272,cpu,2254555266,2254555266
1677612749259,sensor,/video_processing-0-0.0.1-694264E2-8490-7669-3D01-0AD187E21299,0.00044805073615756597,0,0,0,0,a2565f08c8b434b80e93420b52e1a5e1e5724d9b,0.05670119349780804,0.00042017414694591024,cpu,2254555266,2254555266
1677612750260,sensor,/video_processing-0-0.0.1-694264E2-8490-7669-3D01-0AD187E21299,0.0004236611516673101,0,0,0,0,a2565f08c8b434b80e93420b52e1a5e1e5724d9b,0.05667513345192099,0.00044985710206859697,cpu,2254555266,2254555266
1677612751261,sensor,/video_processing-0-0.0.1-694264E2-8490-7669-3D01-0AD187E21299,0.00034444052751775105,0,0,0,0,a2565f08c8b434b80e93420b52e1a5e1e5724d9b,0.0566005160789452,0.0003680604809245678,cpu,2254555266,2254555266
1677612752263,sensor,/video_processing-0-0.0.1-694264E2-8490-7669-3D01-0AD187E21299,0.00023097085723509963,0,0,0,0,a2565f08c8b434b80e93420b52e1a5e1e5724d9b,0.0564920611260905,0.0002789523862075481,cpu,2254555266,2254555266
1677612753264,sensor,/video_processing-0-0.0.1-694264E2-8490-7669-3D01-0AD187E21299,0.0003280680881786823,0,0,0,0,a2565f08c8b434b80e93420b52e1a5e1e5724d9b,0.056574502507575744,0.0005393767950511397,cpu,2254555266,2254555266
1677612754266,sensor,/video_processing-0-0.0.1-694264E2-8490-7669-3D01-0AD187E21299,0.18195062392923497,0,31683130,31683130,31683130,a2565f08c8b434b80e93420b52e1a5e1e5724d9b,0.22491938039128473,0.23647462181012888,cpu,2262457958,2262457958
1677612755268,sensor,/video_processing-0-0.0.1-694264E2-8490-7669-3D01-0AD187E21299,0.19959259647800326,0,38481140,38481140,38481140,a2565f08c8b434b80e93420b52e1a5e1e5724d9b,0.2446971147888832,0.19852359628320182,cpu,2271916550,2271916550
1677612756269,sensor,/video_processing-0-0.0.1-694264E2-8490-7669-3D01-0AD187E21299,0.11748856613420448,0,75534294,75534294,75534294,a2565f08c8b434b80e93420b52e1a5e1e5724d9b,0.16788415650544264,0.10450486899043268,cpu,2290631378,2290631378
1677612757270,sensor,/video_processing-0-0.0.1-694264E2-8490-7669-3D01-0AD187E21299,0.0004529526676841915,0,0,0,0,a2565f08c8b434b80e93420b52e1a5e1e5724d9b,0.05671079846616456,0.0003366044030238398,cpu,2290631378,2290631378
1677612758273,sensor,/video_processing-0-0.0.1-694264E2-8490-7669-3D01-0AD187E21299,0.00029647001127215466,0,78613,78613,78613,a2565f08c8b434b80e93420b52e1a5e1e5724d9b,0.05656357348490729,0.0001721018549935222,cpu,2290664418,2290664418
1677612759274,sensor,/video_processing-0-0.0.1-694264E2-8490-7669-3D01-0AD187E21299,0.0003226614959292522,0,0,0,0,a2565f08c8b434b80e93420b52e1a5e1e5724d9b,0.05658599359024338,0.0002391166829629624,cpu,2290664418,2290664418
1677612760276,sensor,/video_processing-0-0.0.1-694264E2-8490-7669-3D01-0AD187E21299,0.0006300158416262379,0,0,0,0,a2565f08c8b434b80e93420b52e1a5e1e5724d9b,0.05686848209163946,0.0006809657085597743,cpu,2290664418,2290664418
1677612761277,sensor,/video_processing-0-0.0.1-694264E2-8490-7669-3D01-0AD187E21299,0.0004982229555642543,0,0,0,0,a2565f08c8b434b80e93420b52e1a5e1e5724d9b,0.0567442172120576,0.0005471981884354614,cpu,2290664418,2290664418
1677612762277,sensor,/video_processing-0-0.0.1-694264E2-8490-7669-3D01-0AD187E21299,0.2007577878473637,0,57282818,57282818,57282818,a2565f08c8b434b80e93420b52e1a5e1e5724d9b,0.24439523556499526,0.22459243610477128,cpu,2304887865,2304887865
1677612763278,sensor,/video_processing-0-0.0.1-694264E2-8490-7669-3D01-0AD187E21299,0.20947983398333317,0,59731030,59731030,59731030,a2565f08c8b434b80e93420b52e1a5e1e5724d9b,0.2481969930226162,0.3120225966042359,cpu,2319412046,2319412046
1677612764279,sensor,/video_processing-0-0.0.1-694264E2-8490-7669-3D01-0AD187E21299,0.06524916673556354,0,16064814,16064814,16064814,a2565f08c8b434b80e93420b52e1a5e1e5724d9b,0.11602672283963872,0.09771759948037509,cpu,2323381564,2323381564
1677612765279,sensor,/video_processing-0-0.0.1-694264E2-8490-7669-3D01-0AD187E21299,1.0342383086155165e-05,0,0,0,0,a2565f08c8b434b80e93420b52e1a5e1e5724d9b,0.056286330501285245,1.422780511801169e-05,cpu,2323381564,2323381564
1677612766280,sensor,/video_processing-0-0.0.1-694264E2-8490-7669-3D01-0AD187E21299,1.1626016779792952e-05,0,0,0,0,a2565f08c8b434b80e93420b52e1a5e1e5724d9b,0.05628690227868356,2.6877004020976667e-05,cpu,2323381564,2323381564
1677612767281,sensor,/video_processing-0-0.0.1-694264E2-8490-7669-3D01-0AD187E21299,4.081492703659807e-06,0,0,0,0,a2565f08c8b434b80e93420b52e1a5e1e5724d9b,0.056280357117455306,9.119010557801504e-06,cpu,2323381564,2323381564
1677612768281,sensor,/video_processing-0-0.0.1-694264E2-8490-7669-3D01-0AD187E21299,0.0004715034024861607,0,0,0,0,a2565f08c8b434b80e93420b52e1a5e1e5724d9b,0.056668124766059653,0.001424520686056575,cpu,2323381564,2323381564
1677612769282,sensor,/video_processing-0-0.0.1-694264E2-8490-7669-3D01-0AD187E21299,0.00015101225910993577,0,0,0,0,a2565f08c8b434b80e93420b52e1a5e1e5724d9b,0.05641165302822212,0.000286939688836183,cpu,2323381564,2323381564
1677612770283,sensor,/video_processing-0-0.0.1-694264E2-8490-7669-3D01-0AD187E21299,0.0002233524053230975,0,616709,616709,616709,a2565f08c8b434b80e93420b52e1a5e1e5724d9b,0.05648174237486524,0.0003269348558935316,cpu,2323685301,2323685301
1677612771283,sensor,/video_processing-0-0.0.1-694264E2-8490-7669-3D01-0AD187E21299,0.00025796701855569843,0,0,0,0,a2565f08c8b434b80e93420b52e1a5e1e5724d9b,0.05651647376768863,0.00032485976253343796,cpu,2323685301,2323685301
1677612772284,sensor,/video_processing-0-0.0.1-694264E2-8490-7669-3D01-0AD187E21299,0.0003694510176637858,0,0,0,0,a2565f08c8b434b80e93420b52e1a5e1e5724d9b,0.05661278309828088,0.0005945032307518653,cpu,2323685301,2323685301
1677612773285,sensor,/video_processing-0-0.0.1-694264E2-8490-7669-3D01-0AD187E21299,0.03371451222840574,0,14107671,14107671,14107671,a2565f08c8b434b80e93420b52e1a5e1e5724d9b,0.0882597931594338,0.030767709367652673,cpu,2327257657,2327257657
1677612774286,sensor,/video_processing-0-0.0.1-694264E2-8490-7669-3D01-0AD187E21299,0.22287810172735234,0,12547904,12547904,12547904,a2565f08c8b434b80e93420b52e1a5e1e5724d9b,0.2685074780977341,0.18919722797810345,cpu,2330342154,2330342154
1677612775287,sensor,/video_processing-0-0.0.1-694264E2-8490-7669-3D01-0AD187E21299,0.20167165398050751,0,0,0,0,a2565f08c8b434b80e93420b52e1a5e1e5724d9b,0.2469196773807378,0.19597360911484699,cpu,2330342154,2330342154
1677612776288,sensor,/video_processing-0-0.0.1-694264E2-8490-7669-3D01-0AD187E21299,0.08347044797929885,0,0,0,0,a2565f08c8b434b80e93420b52e1a5e1e5724d9b,0.13559882654852254,0.07371440929075872,cpu,2330342154,2330342154
1677612777290,sensor,/video_processing-0-0.0.1-694264E2-8490-7669-3D01-0AD187E21299,0.0004434118818394659,0,2996211,2996211,2996211,a2565f08c8b434b80e93420b52e1a5e1e5724d9b,0.05670445328619384,0.0002798206749293741,cpu,2331109299,2331109299
1677612778291,sensor,/video_processing-0-0.0.1-694264E2-8490-7669-3D01-0AD187E21299,0.00030285609155656246,0,1587578,1587578,1587578,a2565f08c8b434b80e93420b52e1a5e1e5724d9b,0.05656829740837322,0.00020163724344622494,cpu,2331572709,2331572709
1677612779292,sensor,/video_processing-0-0.0.1-694264E2-8490-7669-3D01-0AD187E21299,0.0003765568241437184,0,1552855,1552855,1552855,a2565f08c8b434b80e93420b52e1a5e1e5724d9b,0.056639817606830845,0.00024038384174206593,cpu,2332051064,2332051064
1677612780293,sensor,/video_processing-0-0.0.1-694264E2-8490-7669-3D01-0AD187E21299,0.000286418777524874,0,0,0,0,a2565f08c8b434b80e93420b52e1a5e1e5724d9b,0.05654664178537961,0.00029436302030648947,cpu,2332051064,2332051064
1677612781294,sensor,/video_processing-0-0.0.1-694264E2-8490-7669-3D01-0AD187E21299,0.0005588944958796739,0,3975986,3975986,3975986,a2565f08c8b434b80e93420b52e1a5e1e5724d9b,0.056805706378803444,0.0005326695266609609,cpu,2333279486,2333279486
1677612782294,sensor,/video_processing-0-0.0.1-694264E2-8490-7669-3D01-0AD187E21299,0.0005027230236805654,0,0,0,0,a2565f08c8b434b80e93420b52e1a5e1e5724d9b,0.05675664229169707,0.0004063761605574895,cpu,2333279486,2333279486
1677612783295,sensor,/video_processing-0-0.0.1-694264E2-8490-7669-3D01-0AD187E21299,0.12775493536754096,0,2151663859,2151663653,2151663450,a2565f08c8b434b80e93420b52e1a5e1e5724d9b,0.17776802768628885,0.11130159745620652,cpu,2860588124,2860588124
1677612784296,sensor,/video_processing-0-0.0.1-694264E2-8490-7669-3D01-0AD187E21299,0.2055179746921068,0,245179006,245182495,245186302,a2565f08c8b434b80e93420b52e1a5e1e5724d9b,0.2506037555742063,0.19885654756161597,cpu,2920791883,2920791883
1677612785297,sensor,/video_processing-0-0.0.1-694264E2-8490-7669-3D01-0AD187E21299,0.18249869355629983,0,323675,323675,323675,a2565f08c8b434b80e93420b52e1a5e1e5724d9b,0.2270833277333678,0.20776158133483513,cpu,2920917282,2920917282
1677612786297,sensor,/video_processing-0-0.0.1-694264E2-8490-7669-3D01-0AD187E21299,1.0342853262648663e-05,0,204965,204965,204965,a2565f08c8b434b80e93420b52e1a5e1e5724d9b,0.05628641068156409,1.2811411183067114e-05,cpu,2920986036,2920986036
1677612787298,sensor,/video_processing-0-0.0.1-694264E2-8490-7669-3D01-0AD187E21299,1.755575279697305e-05,0,0,0,0,a2565f08c8b434b80e93420b52e1a5e1e5724d9b,0.05629319633668492,2.040325184251386e-05,cpu,2920986036,2920986036
1677612788299,sensor,/video_processing-0-0.0.1-694264E2-8490-7669-3D01-0AD187E21299,1.2318946113248775e-05,0,0,0,0,a2565f08c8b434b80e93420b52e1a5e1e5724d9b,0.05628839026129394,1.2749451726601203e-05,cpu,2920986036,2920986036
1677612789300,sensor,/video_processing-0-0.0.1-694264E2-8490-7669-3D01-0AD187E21299,0.0002723648844694808,0,0,0,0,a2565f08c8b434b80e93420b52e1a5e1e5724d9b,0.05653514887189764,0.00024885616699413926,cpu,2920986036,2920986036
1677612790300,sensor,/video_processing-0-0.0.1-694264E2-8490-7669-3D01-0AD187E21299,0.0003406697003714589,0,206072,206072,206072,a2565f08c8b434b80e93420b52e1a5e1e5724d9b,0.056586469461137205,0.000550654244328142,cpu,2921048472,2921048472
1677612791301,sensor,/video_processing-0-0.0.1-694264E2-8490-7669-3D01-0AD187E21299,0.0003641351458790118,0,883034,883034,883034,a2565f08c8b434b80e93420b52e1a5e1e5724d9b,0.0566227001031207,0.00032382544430066453,cpu,2921298674,2921298674
1677612792302,sensor,/video_processing-0-0.0.1-694264E2-8490-7669-3D01-0AD187E21299,0.00036957825039956715,0,0,0,0,a2565f08c8b434b80e93420b52e1a5e1e5724d9b,0.056618423039183054,0.000496546181626879,cpu,2921298674,2921298674
1677612793303,sensor,/video_processing-0-0.0.1-694264E2-8490-7669-3D01-0AD187E21299,0.00031834648379180285,0,0,0,0,a2565f08c8b434b80e93420b52e1a5e1e5724d9b,0.056557887069487514,0.0006618754991653856,cpu,2921298674,2921298674
1677612794304,sensor,/video_processing-0-0.0.1-694264E2-8490-7669-3D01-0AD187E21299,0.00031693694741884723,0,707210,707210,707210,a2565f08c8b434b80e93420b52e1a5e1e5724d9b,0.056570061045900094,0.00042050577868294473,cpu,2921643198,2921643198
1677612795305,sensor,/video_processing-0-0.0.1-694264E2-8490-7669-3D01-0AD187E21299,0.07388847860759085,0,27035553,27035553,27035553,a2565f08c8b434b80e93420b52e1a5e1e5724d9b,0.1262887273583192,0.06888346233665653,cpu,2928588950,2928588950
1677612796307,sensor,/video_processing-0-0.0.1-694264E2-8490-7669-3D01-0AD187E21299,0.20058440619811044,0,2430965022,2430964943,2430963342,a2565f08c8b434b80e93420b52e1a5e1e5724d9b,0.24939259909053693,0.13271183517102914,cpu,3524960552,3524960552
1677612797307,sensor,/video_processing-0-0.0.1-694264E2-8490-7669-3D01-0AD187E21299,0.19881800923410506,0,1350831377,1350835003,1350833344,a2565f08c8b434b80e93420b52e1a5e1e5724d9b,0.24581757972940482,0.164849816659707,cpu,3856527927,3856527927
1677612798308,sensor,/video_processing-0-0.0.1-694264E2-8490-7669-3D01-0AD187E21299,0.07810031000245689,0,1427720949,1427724814,1427728529,a2565f08c8b434b80e93420b52e1a5e1e5724d9b,0.12728145597367485,0.12608471435167667,cpu,4206014380,4206014380
1677612799309,sensor,/video_processing-0-0.0.1-694264E2-8490-7669-3D01-0AD187E21299,1.1331816009201596e-05,0,0,0,0,a2565f08c8b434b80e93420b52e1a5e1e5724d9b,0.05628715962545676,1.7076381856529477e-05,cpu,4206014380,4206014380
1677612800310,sensor,/video_processing-0-0.0.1-694264E2-8490-7669-3D01-0AD187E21299,0.0003714986445871273,0,0,0,0,a2565f08c8b434b80e93420b52e1a5e1e5724d9b,0.056622791362173436,0.0004530481630931739,cpu,4206014380,4206014380
1677612801311,sensor,/video_processing-0-0.0.1-694264E2-8490-7669-3D01-0AD187E21299,0.00017635834218138958,0,0,0,0,a2565f08c8b434b80e93420b52e1a5e1e5724d9b,0.05644120377982028,0.00021222560838907308,cpu,4206014380,4206014380
1677612802312,sensor,/video_processing-0-0.0.1-694264E2-8490-7669-3D01-0AD187E21299,0.00042939958485280357,0,0,0,0,a2565f08c8b434b80e93420b52e1a5e1e5724d9b,0.056675381222126925,0.0005474224233196948,cpu,4206014380,4206014380
1677612803312,sensor,/video_processing-0-0.0.1-694264E2-8490-7669-3D01-0AD187E21299,0.0006409820030802688,0,0,0,0,a2565f08c8b434b80e93420b52e1a5e1e5724d9b,0.05689012790334602,0.0004911956367820975,cpu,4206014380,4206014380
1677612804313,sensor,/video_processing-0-0.0.1-694264E2-8490-7669-3D01-0AD187E21299,0.000821353786790464,0,4698439,4698439,4698439,a2565f08c8b434b80e93420b52e1a5e1e5724d9b,0.05703580190320239,0.0011077514955196088,cpu,4207523398,4207523398
1677612805314,sensor,/video_processing-0-0.0.1-694264E2-8490-7669-3D01-0AD187E21299,0.20037926574053433,0,0,0,0,a2565f08c8b434b80e93420b52e1a5e1e5724d9b,0.24427040125061567,0.22008457775324025,cpu,4207523398,4207523398
1677612806315,sensor,/video_processing-0-0.0.1-694264E2-8490-7669-3D01-0AD187E21299,0.20338485966996128,0,0,0,0,a2565f08c8b434b80e93420b52e1a5e1e5724d9b,0.2462409241458259,0.2384770812354319,cpu,4207523398,4207523398
1677612807316,sensor,/video_processing-0-0.0.1-694264E2-8490-7669-3D01-0AD187E21299,0.1047868983647447,0,0,0,0,a2565f08c8b434b80e93420b52e1a5e1e5724d9b,0.15330816784290774,0.13781026776310376,cpu,4207523398,4207523398
1677612808317,sensor,/video_processing-0-0.0.1-694264E2-8490-7669-3D01-0AD187E21299,1.1040410380838235e-05,0,0,0,0,a2565f08c8b434b80e93420b52e1a5e1e5724d9b,0.056287121882515195,1.2568969615210205e-05,cpu,4207523398,4207523398
1677612809317,sensor,/video_processing-0-0.0.1-694264E2-8490-7669-3D01-0AD187E21299,1.3684784270373157e-05,0,0,0,0,a2565f08c8b434b80e93420b52e1a5e1e5724d9b,0.056289206569765146,2.2514217938458755e-05,cpu,4207523398,4207523398
1677612810318,sensor,/video_processing-0-0.0.1-694264E2-8490-7669-3D01-0AD187E21299,1.1943497415943754e-05,0,0,0,0,a2565f08c8b434b80e93420b52e1a5e1e5724d9b,0.056288169812471076,9.99521009856472e-06,cpu,4207523398,4207523398
1677612811319,sensor,/video_processing-0-0.0.1-694264E2-8490-7669-3D01-0AD187E21299,3.356845722163402e-05,0,0,0,0,a2565f08c8b434b80e93420b52e1a5e1e5724d9b,0.056308770745578975,2.8191463285414614e-05,cpu,4207523398,4207523398
1677612812321,sensor,/video_processing-0-0.0.1-694264E2-8490-7669-3D01-0AD187E21299,0.0002835915212625747,0,0,0,0,a2565f08c8b434b80e93420b52e1a5e1e5724d9b,0.05653651226524569,0.00042411924886165934,cpu,4207523398,4207523398
1677612813321,sensor,/video_processing-0-0.0.1-694264E2-8490-7669-3D01-0AD187E21299,0.00033069218216050976,0,0,0,0,a2565f08c8b434b80e93420b52e1a5e1e5724d9b,0.056569726100765695,0.0006708786264085908,cpu,4207523398,4207523398
1677612814322,sensor,/video_processing-0-0.0.1-694264E2-8490-7669-3D01-0AD187E21299,0.00015253634485108057,0,0,0,0,a2565f08c8b434b80e93420b52e1a5e1e5724d9b,0.05639899792319252,0.0005388941992074165,cpu,4207523398,4207523398
1677612815323,sensor,/video_processing-0-0.0.1-694264E2-8490-7669-3D01-0AD187E21299,0.00018261825198564123,0,0,0,0,a2565f08c8b434b80e93420b52e1a5e1e5724d9b,0.05643844478956956,0.0003724852864044461,cpu,4207523398,4207523398
1677612816323,sensor,/video_processing-0-0.0.1-694264E2-8490-7669-3D01-0AD187E21299,9.682042159982645e-05,0,0,0,0,a2565f08c8b434b80e93420b52e1a5e1e5724d9b,0.056363504301336576,0.0001795577512383225,cpu,4207523398,4207523398
1677612817324,sensor,/video_processing-0-0.0.1-694264E2-8490-7669-3D01-0AD187E21299,0.0002410860223086476,0,0,0,0,a2565f08c8b434b80e93420b52e1a5e1e5724d9b,0.05650421806184663,0.00024267151934168472,cpu,4207523398,4207523398
1677612818325,sensor,/video_processing-0-0.0.1-694264E2-8490-7669-3D01-0AD187E21299,0.0002930635615362734,0,0,0,0,a2565f08c8b434b80e93420b52e1a5e1e5724d9b,0.05655121051212315,0.0003312531363141199,cpu,4207523398,4207523398
1677612819325,sensor,/video_processing-0-0.0.1-694264E2-8490-7669-3D01-0AD187E21299,0.0002532820834739259,0,570500,570500,570500,a2565f08c8b434b80e93420b52e1a5e1e5724d9b,0.05650601723594908,0.00042741708286883514,cpu,4207706527,4207706527
1677612820326,sensor,/video_processing-0-0.0.1-694264E2-8490-7669-3D01-0AD187E21299,0.0002729646812821522,0,288597,288597,288597,a2565f08c8b434b80e93420b52e1a5e1e5724d9b,0.05652045700939836,0.0005205784815465379,cpu,4207814934,4207814934
1677612821327,sensor,/video_processing-0-0.0.1-694264E2-8490-7669-3D01-0AD187E21299,0.00039020967818541704,0,1729681,1729681,1729681,a2565f08c8b434b80e93420b52e1a5e1e5724d9b,0.056639952007380215,0.00048059750313551056,cpu,4208309472,4208309472
1677612822328,sensor,/video_processing-0-0.0.1-694264E2-8490-7669-3D01-0AD187E21299,0.1126438808612828,0,415216876,415216806,415216475,a2565f08c8b434b80e93420b52e1a5e1e5724d9b,0.16392336705384847,0.08879864551953477,cpu,4310627819,4310627819
1677612823330,sensor,/video_processing-0-0.0.1-694264E2-8490-7669-3D01-0AD187E21299,0.19755743547016527,0,2124788032,2124792980,2124796079,a2565f08c8b434b80e93420b52e1a5e1e5724d9b,0.24688981562849743,0.12339738640878875,cpu,4831327492,4831327492
1677612824331,sensor,/video_processing-0-0.0.1-694264E2-8490-7669-3D01-0AD187E21299,0.19780645454837173,0,34478505,34478505,34478505,a2565f08c8b434b80e93420b52e1a5e1e5724d9b,0.24751312683567897,0.11674647158462859,cpu,4839831004,4839831004
1677612825332,sensor,/video_processing-0-0.0.1-694264E2-8490-7669-3D01-0AD187E21299,0.13529143436389585,0,5930989,5930989,5930989,a2565f08c8b434b80e93420b52e1a5e1e5724d9b,0.18546186558508798,0.10850579290229014,cpu,4841323304,4841323304
1677612826333,sensor,/video_processing-0-0.0.1-694264E2-8490-7669-3D01-0AD187E21299,1.8715013815993935e-05,0,0,0,0,a2565f08c8b434b80e93420b52e1a5e1e5724d9b,0.05629444255791588,1.8858028424951793e-05,cpu,4841323304,4841323304
1677612827334,sensor,/video_processing-0-0.0.1-694264E2-8490-7669-3D01-0AD187E21299,3.438968942575536e-05,0,0,0,0,a2565f08c8b434b80e93420b52e1a5e1e5724d9b,0.05630785562007792,5.904535068347436e-05,cpu,4841323304,4841323304
1677612828335,sensor,/video_processing-0-0.0.1-694264E2-8490-7669-3D01-0AD187E21299,1.3066708986537019e-05,0,0,0,0,a2565f08c8b434b80e93420b52e1a5e1e5724d9b,0.05628882646454395,1.828565288242512e-05,cpu,4841323304,4841323304
1677612829336,sensor,/video_processing-0-0.0.1-694264E2-8490-7669-3D01-0AD187E21299,2.7969339045852272e-05,0,0,0,0,a2565f08c8b434b80e93420b52e1a5e1e5724d9b,0.05630279426344786,3.489696236048053e-05,cpu,4841323304,4841323304
1677612830337,sensor,/video_processing-0-0.0.1-694264E2-8490-7669-3D01-0AD187E21299,2.0526704295156537e-05,0,0,0,0,a2565f08c8b434b80e93420b52e1a5e1e5724d9b,0.05629504682053255,4.031319471906575e-05,cpu,4841323304,4841323304
1677612831338,sensor,/video_processing-0-0.0.1-694264E2-8490-7669-3D01-0AD187E21299,1.1332413375815595e-05,0,0,0,0,a2565f08c8b434b80e93420b52e1a5e1e5724d9b,0.056287416315014556,1.252579898599545e-05,cpu,4841323304,4841323304
1677612832339,sensor,/video_processing-0-0.0.1-694264E2-8490-7669-3D01-0AD187E21299,1.6995312891055238e-05,0,0,0,0,a2565f08c8b434b80e93420b52e1a5e1e5724d9b,0.05629284219147204,1.6737536413646153e-05,cpu,4841323304,4841323304
1677612833340,sensor,/video_processing-0-0.0.1-694264E2-8490-7669-3D01-0AD187E21299,1.0656797470408344e-05,0,0,0,0,a2565f08c8b434b80e93420b52e1a5e1e5724d9b,0.05628675055581399,1.2350652090664362e-05,cpu,4841323304,4841323304
1677612834341,sensor,/video_processing-0-0.0.1-694264E2-8490-7669-3D01-0AD187E21299,9.331280934493705e-06,0,0,0,0,a2565f08c8b434b80e93420b52e1a5e1e5724d9b,0.05628536800933141,1.3364035189869024e-05,cpu,4841323304,4841323304
1677612835342,sensor,/video_processing-0-0.0.1-694264E2-8490-7669-3D01-0AD187E21299,3.385252461235697e-05,0,0,0,0,a2565f08c8b434b80e93420b52e1a5e1e5724d9b,0.05630860071456611,3.6260480959741714e-05,cpu,4841323304,4841323304
1677612836343,sensor,/video_processing-0-0.0.1-694264E2-8490-7669-3D01-0AD187E21299,9.07833827730887e-06,0,0,0,0,a2565f08c8b434b80e93420b52e1a5e1e5724d9b,0.05628508479643782,1.3901916562434263e-05,cpu,4841323304,4841323304
1677612837343,sensor,/video_processing-0-0.0.1-694264E2-8490-7669-3D01-0AD187E21299,1.1282553902471758e-05,0,0,0,0,a2565f08c8b434b80e93420b52e1a5e1e5724d9b,0.056286060057147994,3.573960383812833e-05,cpu,4841323304,4841323304
1677612838344,sensor,/video_processing-0-0.0.1-694264E2-8490-7669-3D01-0AD187E21299,9.910493838428687e-06,0,0,0,0,a2565f08c8b434b80e93420b52e1a5e1e5724d9b,0.05628575811361548,1.6724365867081187e-05,cpu,4841323304,4841323304
1677612839345,sensor,/video_processing-0-0.0.1-694264E2-8490-7669-3D01-0AD187E21299,1.9845098221135527e-05,0,0,0,0,a2565f08c8b434b80e93420b52e1a5e1e5724d9b,0.05629507831992782,2.7641798850131927e-05,cpu,4841323304,4841323304
1677612840346,sensor,/video_processing-0-0.0.1-694264E2-8490-7669-3D01-0AD187E21299,1.3331375356760371e-05,0,0,0,0,a2565f08c8b434b80e93420b52e1a5e1e5724d9b,0.056288939787256555,2.097492604124991e-05,cpu,4841323304,4841323304
1677612841346,sensor,/video_processing-0-0.0.1-694264E2-8490-7669-3D01-0AD187E21299,8.750804752960814e-06,0,0,0,0,a2565f08c8b434b80e93420b52e1a5e1e5724d9b,0.0562849995462116,9.59670826540616e-06,cpu,4841323304,4841323304
1677612842347,sensor,/video_processing-0-0.0.1-694264E2-8490-7669-3D01-0AD187E21299,1.106727748069292e-05,0,0,0,0,a2565f08c8b434b80e93420b52e1a5e1e5724d9b,0.0562874932092164,6.448158378195122e-06,cpu,4841323304,4841323304
1677612843349,sensor,/video_processing-0-0.0.1-694264E2-8490-7669-3D01-0AD187E21299,1.9065618475678455e-05,0,0,0,0,a2565f08c8b434b80e93420b52e1a5e1e5724d9b,0.056295216241273975,1.1340209669988845e-05,cpu,4841323304,4841323304
1677612844350,sensor,/video_processing-0-0.0.1-694264E2-8490-7669-3D01-0AD187E21299,1.1679237796582426e-05,0,0,0,0,a2565f08c8b434b80e93420b52e1a5e1e5724d9b,0.056288097847384734,6.57826792623341e-06,cpu,4841323304,4841323304
1677612845351,sensor,/video_processing-0-0.0.1-694264E2-8490-7669-3D01-0AD187E21299,5.2548339954200145e-05,0,0,0,0,a2565f08c8b434b80e93420b52e1a5e1e5724d9b,0.05632749528177488,3.272879638570942e-05,cpu,4841323304,4841323304
1677612846352,sensor,/video_processing-0-0.0.1-694264E2-8490-7669-3D01-0AD187E21299,6.19193585714355e-05,0,0,0,0,a2565f08c8b434b80e93420b52e1a5e1e5724d9b,0.056335866750712824,5.049010971518547e-05,cpu,4841323304,4841323304
1677612847354,sensor,/video_processing-0-0.0.1-694264E2-8490-7669-3D01-0AD187E21299,9.239184016774037e-06,0,0,0,0,a2565f08c8b434b80e93420b52e1a5e1e5724d9b,0.05628541152637971,1.0954267879449726e-05,cpu,4841323304,4841323304
1677612848355,sensor,/video_processing-0-0.0.1-694264E2-8490-7669-3D01-0AD187E21299,1.088466829292608e-05,0,0,0,0,a2565f08c8b434b80e93420b52e1a5e1e5724d9b,0.056287026774057974,1.1491551518518867e-05,cpu,4841323304,4841323304
1677612849355,sensor,/video_processing-0-0.0.1-694264E2-8490-7669-3D01-0AD187E21299,3.6563319981674304e-05,0,0,0,0,a2565f08c8b434b80e93420b52e1a5e1e5724d9b,0.05631035425914219,5.327017204948723e-05,cpu,4841323304,4841323304
1677612850356,sensor,/video_processing-0-0.0.1-694264E2-8490-7669-3D01-0AD187E21299,1.2019230535557107e-05,0,0,0,0,a2565f08c8b434b80e93420b52e1a5e1e5724d9b,0.05628736073336927,2.571771737156011e-05,cpu,4841323304,4841323304
1677612851357,sensor,/video_processing-0-0.0.1-694264E2-8490-7669-3D01-0AD187E21299,1.0418837618078585e-05,0,0,0,0,a2565f08c8b434b80e93420b52e1a5e1e5724d9b,0.0562865508562202,1.1670793496303668e-05,cpu,4841323304,4841323304
1677612852358,sensor,/video_processing-0-0.0.1-694264E2-8490-7669-3D01-0AD187E21299,3.739964713817569e-05,0,0,0,0,a2565f08c8b434b80e93420b52e1a5e1e5724d9b,0.05631238575888867,3.203277355573612e-05,cpu,4841323304,4841323304
1677612853359,sensor,/video_processing-0-0.0.1-694264E2-8490-7669-3D01-0AD187E21299,0.0002938356488506986,0,0,0,0,a2565f08c8b434b80e93420b52e1a5e1e5724d9b,0.05655442227684076,0.00028790173950154444,cpu,4841323304,4841323304
1677612854360,sensor,/video_processing-0-0.0.1-694264E2-8490-7669-3D01-0AD187E21299,0.0004786443556545368,0,1448614,1448614,1448614,a2565f08c8b434b80e93420b52e1a5e1e5724d9b,0.056722776733219696,0.0005802825020120759,cpu,4841697218,4841697218
1677612855360,sensor,/video_processing-0-0.0.1-694264E2-8490-7669-3D01-0AD187E21299,0.000434116081399759,0,8010165,8010165,8010165,a2565f08c8b434b80e93420b52e1a5e1e5724d9b,0.05668470757809765,0.00046550837809843597,cpu,4844098010,4844098010
1677612856361,sensor,/video_processing-0-0.0.1-694264E2-8490-7669-3D01-0AD187E21299,0.00047991431921337325,0,504341,504341,504341,a2565f08c8b434b80e93420b52e1a5e1e5724d9b,0.056730690733295036,0.00046222252281646447,cpu,4844254282,4844254282
1677612857363,sensor,/video_processing-0-0.0.1-694264E2-8490-7669-3D01-0AD187E21299,0.0005411933518469803,0,57500,57500,57500,a2565f08c8b434b80e93420b52e1a5e1e5724d9b,0.05679088218128891,0.00048154815710844994,cpu,4844278205,4844278205
1677612858364,sensor,/video_processing-0-0.0.1-694264E2-8490-7669-3D01-0AD187E21299,0.12172643746193258,0,59294119,59294119,59294119,a2565f08c8b434b80e93420b52e1a5e1e5724d9b,0.17317941463744696,0.08571582955567443,cpu,4858893051,4858893051
1677612859365,sensor,/video_processing-0-0.0.1-694264E2-8490-7669-3D01-0AD187E21299,0.20071230333441797,0,108772340,108772340,108772340,a2565f08c8b434b80e93420b52e1a5e1e5724d9b,0.2489078270106251,0.14359854759968244,cpu,4885787979,4885787979
1677612860366,sensor,/video_processing-0-0.0.1-694264E2-8490-7669-3D01-0AD187E21299,0.19738400830067016,0,21325387,21325387,21325387,a2565f08c8b434b80e93420b52e1a5e1e5724d9b,0.24399323869280412,0.1717858929959062,cpu,4891056792,4891056792
1677612861367,sensor,/video_processing-0-0.0.1-694264E2-8490-7669-3D01-0AD187E21299,0.020446981632983276,0,2336025,2336025,2336025,a2565f08c8b434b80e93420b52e1a5e1e5724d9b,0.07571039269301337,0.018007028736364422,cpu,4891701435,4891701435
1677612862368,sensor,/video_processing-0-0.0.1-694264E2-8490-7669-3D01-0AD187E21299,0.00023833516966109754,0,970370,970370,970370,a2565f08c8b434b80e93420b52e1a5e1e5724d9b,0.056499922267270075,0.0002701240794748652,cpu,4891969441,4891969441
1677612863369,sensor,/video_processing-0-0.0.1-694264E2-8490-7669-3D01-0AD187E21299,0.0005336764890354287,0,66568,66568,66568,a2565f08c8b434b80e93420b52e1a5e1e5724d9b,0.05678787321446626,0.0004014459323022055,cpu,4892000730,4892000730
1677612864370,sensor,/video_processing-0-0.0.1-694264E2-8490-7669-3D01-0AD187E21299,0.0005621354969270073,0,0,0,0,a2565f08c8b434b80e93420b52e1a5e1e5724d9b,0.056813619064447984,0.00044965689044431284,cpu,4892000730,4892000730
1677612865371,sensor,/video_processing-0-0.0.1-694264E2-8490-7669-3D01-0AD187E21299,0.0004782029340837435,0,165211,165211,165211,a2565f08c8b434b80e93420b52e1a5e1e5724d9b,0.0567280976899329,0.0004778889858662547,cpu,4892091692,4892091692
1677612866372,sensor,/video_processing-0-0.0.1-694264E2-8490-7669-3D01-0AD187E21299,0.17288251892642226,0,0,0,0,a2565f08c8b434b80e93420b52e1a5e1e5724d9b,0.22251442203375627,0.11807506871232142,cpu,4892091692,4892091692
1677612867373,sensor,/video_processing-0-0.0.1-694264E2-8490-7669-3D01-0AD187E21299,0.19720642080270728,0,11383570,11383570,11383570,a2565f08c8b434b80e93420b52e1a5e1e5724d9b,0.2457599028823156,0.13723787189396283,cpu,4894898946,4894898946
1677612868374,sensor,/video_processing-0-0.0.1-694264E2-8490-7669-3D01-0AD187E21299,0.1861747251693999,0,27282728,27282728,27282728,a2565f08c8b434b80e93420b52e1a5e1e5724d9b,0.23376676294991994,0.1543220787110309,cpu,4901620241,4901620241
1677612869375,sensor,/video_processing-0-0.0.1-694264E2-8490-7669-3D01-0AD187E21299,0.00029243568549410973,0,0,0,0,a2565f08c8b434b80e93420b52e1a5e1e5724d9b,0.05655446734303964,0.00026222455382798974,cpu,4901620241,4901620241
1677612870376,sensor,/video_processing-0-0.0.1-694264E2-8490-7669-3D01-0AD187E21299,0.00042458739394947377,0,0,0,0,a2565f08c8b434b80e93420b52e1a5e1e5724d9b,0.05667825038984513,0.00041092994065504586,cpu,4901620241,4901620241
1677612871377,sensor,/video_processing-0-0.0.1-694264E2-8490-7669-3D01-0AD187E21299,0.00036755963675801014,0,0,0,0,a2565f08c8b434b80e93420b52e1a5e1e5724d9b,0.056619082742613146,0.00044895432132137136,cpu,4901620241,4901620241
1677612872378,sensor,/video_processing-0-0.0.1-694264E2-8490-7669-3D01-0AD187E21299,0.0004376935579620356,0,1271669,1271669,1271669,a2565f08c8b434b80e93420b52e1a5e1e5724d9b,0.05668576020244924,0.000510373272914245,cpu,4902033356,4902033356
1677612873379,sensor,/video_processing-0-0.0.1-694264E2-8490-7669-3D01-0AD187E21299,0.0007806369010023599,0,3804582,3804582,3804582,a2565f08c8b434b80e93420b52e1a5e1e5724d9b,0.05702401718608266,0.0005936466704502125,cpu,4903148320,4903148320
1677612874380,sensor,/video_processing-0-0.0.1-694264E2-8490-7669-3D01-0AD187E21299,0.0699827436926363,0,38321791,38321791,38321791,a2565f08c8b434b80e93420b52e1a5e1e5724d9b,0.12347442975605233,0.049489368684530397,cpu,4912616084,4912616084
1677612875381,sensor,/video_processing-0-0.0.1-694264E2-8490-7669-3D01-0AD187E21299,0.20107194164123293,0,263501527,263501527,263501527,a2565f08c8b434b80e93420b52e1a5e1e5724d9b,0.24967832292238423,0.13629788930685457,cpu,4977472622,4977472622
1677612876382,sensor,/video_processing-0-0.0.1-694264E2-8490-7669-3D01-0AD187E21299,0.19269312280753326,0,0,0,0,a2565f08c8b434b80e93420b52e1a5e1e5724d9b,0.24193975044489055,0.1249211499849097,cpu,4977472622,4977472622
1677612877383,sensor,/video_processing-0-0.0.1-694264E2-8490-7669-3D01-0AD187E21299,0.17811488156360591,0,2293114341,2293114341,2293114341,a2565f08c8b434b80e93420b52e1a5e1e5724d9b,0.22569218440357502,0.15458390851442994,cpu,5539421496,5539421496
1677612878384,sensor,/video_processing-0-0.0.1-694264E2-8490-7669-3D01-0AD187E21299,2.3485798408228138e-05,0,0,0,0,a2565f08c8b434b80e93420b52e1a5e1e5724d9b,0.056299023255368494,2.2235746728157772e-05,cpu,5539421496,5539421496
1677612879385,sensor,/video_processing-0-0.0.1-694264E2-8490-7669-3D01-0AD187E21299,0.00041507227153491163,0,0,0,0,a2565f08c8b434b80e93420b52e1a5e1e5724d9b,0.056653803666934094,0.0006762542566174557,cpu,5539421496,5539421496
1677612880386,sensor,/video_processing-0-0.0.1-694264E2-8490-7669-3D01-0AD187E21299,0.00035841701990756906,0,56608,56608,56608,a2565f08c8b434b80e93420b52e1a5e1e5724d9b,0.05661121887868406,0.00042623175757316897,cpu,5539463155,5539463155
1677612881387,sensor,/video_processing-0-0.0.1-694264E2-8490-7669-3D01-0AD187E21299,0.0004445479127939156,0,1881810,1881810,1881810,a2565f08c8b434b80e93420b52e1a5e1e5724d9b,0.05669163096678881,0.0005278510024196143,cpu,5540111674,5540111674
1677612882387,sensor,/video_processing-0-0.0.1-694264E2-8490-7669-3D01-0AD187E21299,0.0003231149387326351,0,0,0,0,a2565f08c8b434b80e93420b52e1a5e1e5724d9b,0.05657989120441915,0.0003556092683760516,cpu,5540111674,5540111674
1677612883388,sensor,/video_processing-0-0.0.1-694264E2-8490-7669-3D01-0AD187E21299,0.0006676870762780432,0,0,0,0,a2565f08c8b434b80e93420b52e1a5e1e5724d9b,0.05690889478299129,0.0006322519002947168,cpu,5540111674,5540111674
1677612884389,sensor,/video_processing-0-0.0.1-694264E2-8490-7669-3D01-0AD187E21299,0.0005904658486237992,0,0,0,0,a2565f08c8b434b80e93420b52e1a5e1e5724d9b,0.056843775580869456,0.00041720719380765325,cpu,5540111674,5540111674
1677612885390,sensor,/video_processing-0-0.0.1-694264E2-8490-7669-3D01-0AD187E21299,0.21544541633674164,0,0,0,0,a2565f08c8b434b80e93420b52e1a5e1e5724d9b,0.2635151585540868,0.14583359799104506,cpu,5540111674,5540111674
1677612886392,sensor,/video_processing-0-0.0.1-694264E2-8490-7669-3D01-0AD187E21299,0.19698068426530946,0,849358572,849358572,849358572,a2565f08c8b434b80e93420b52e1a5e1e5724d9b,0.24630158680995318,0.1236013357443934,cpu,5748501670,5748501670
1677612887393,sensor,/video_processing-0-0.0.1-694264E2-8490-7669-3D01-0AD187E21299,0.19908781559231833,0,0,0,0,a2565f08c8b434b80e93420b52e1a5e1e5724d9b,0.24826335783880152,0.12618428870289577,cpu,5748501670,5748501670
1677612888394,sensor,/video_processing-0-0.0.1-694264E2-8490-7669-3D01-0AD187E21299,0.046619259780250444,0,0,0,0,a2565f08c8b434b80e93420b52e1a5e1e5724d9b,0.10081188700587457,0.037034124222511525,cpu,5748501670,5748501670
1677612889395,sensor,/video_processing-0-0.0.1-694264E2-8490-7669-3D01-0AD187E21299,0.00027995681087816484,0,0,0,0,a2565f08c8b434b80e93420b52e1a5e1e5724d9b,0.05654245199025834,0.0002539880882368093,cpu,5748501670,5748501670
1677612890396,sensor,/video_processing-0-0.0.1-694264E2-8490-7669-3D01-0AD187E21299,0.00022620048021516282,0,1138651,1138651,1138651,a2565f08c8b434b80e93420b52e1a5e1e5724d9b,0.05648449897097415,0.0003285603712273374,cpu,5748914814,5748914814
1677612891396,sensor,/video_processing-0-0.0.1-694264E2-8490-7669-3D01-0AD187E21299,0.0004989758480695806,0,0,0,0,a2565f08c8b434b80e93420b52e1a5e1e5724d9b,0.056745597786893975,0.0005360447032369662,cpu,5748914814,5748914814
1677612892397,sensor,/video_processing-0-0.0.1-694264E2-8490-7669-3D01-0AD187E21299,0.0008061648121395919,0,1542175,1542175,1542175,a2565f08c8b434b80e93420b52e1a5e1e5724d9b,0.05704460422377924,0.0006814426080798204,cpu,5749370536,5749370536
1677612893398,sensor,/video_processing-0-0.0.1-694264E2-8490-7669-3D01-0AD187E21299,0.09614416067448597,0,1144123,1144123,1144123,a2565f08c8b434b80e93420b52e1a5e1e5724d9b,0.14771569628775294,0.08360912730324585,cpu,5749682567,5749682567
1677612894399,sensor,/video_processing-0-0.0.1-694264E2-8490-7669-3D01-0AD187E21299,0.20712644903639385,0,93120954,93120954,93120954,a2565f08c8b434b80e93420b52e1a5e1e5724d9b,0.2517389976799401,0.20726556038078148,cpu,5772638170,5772638170
1677612895400,sensor,/video_processing-0-0.0.1-694264E2-8490-7669-3D01-0AD187E21299,0.20032826048136668,0,36782669,36782669,36782669,a2565f08c8b434b80e93420b52e1a5e1e5724d9b,0.24514041671520073,0.20371867018863352,cpu,5781743892,5781743892
1677612896402,sensor,/video_processing-0-0.0.1-694264E2-8490-7669-3D01-0AD187E21299,0.08555309879345663,0,0,0,0,a2565f08c8b434b80e93420b52e1a5e1e5724d9b,0.13750636326284213,0.07682606693026744,cpu,5781743892,5781743892
1677612897403,sensor,/video_processing-0-0.0.1-694264E2-8490-7669-3D01-0AD187E21299,1.1214476987361236e-05,0,0,0,0,a2565f08c8b434b80e93420b52e1a5e1e5724d9b,0.056287432933175396,1.0134856785277056e-05,cpu,5781743892,5781743892
1677612898405,sensor,/video_processing-0-0.0.1-694264E2-8490-7669-3D01-0AD187E21299,2.7676187040300285e-05,0,0,0,0,a2565f08c8b434b80e93420b52e1a5e1e5724d9b,0.05630319169098925,2.262583670630771e-05,cpu,5781743892,5781743892
1677612899406,sensor,/video_processing-0-0.0.1-694264E2-8490-7669-3D01-0AD187E21299,3.9235545650889516e-05,0,0,0,0,a2565f08c8b434b80e93420b52e1a5e1e5724d9b,0.05631455583719671,2.609462743233766e-05,cpu,5781743892,5781743892
1677612900407,sensor,/video_processing-0-0.0.1-694264E2-8490-7669-3D01-0AD187E21299,2.0984097218031796e-05,0,0,0,0,a2565f08c8b434b80e93420b52e1a5e1e5724d9b,0.05629707902443839,1.2329881950766284e-05,cpu,5781743892,5781743892
1677612901407,sensor,/video_processing-0-0.0.1-694264E2-8490-7669-3D01-0AD187E21299,5.018582528815333e-05,0,0,0,0,a2565f08c8b434b80e93420b52e1a5e1e5724d9b,0.05632506860779695,3.386886342284582e-05,cpu,5781743892,5781743892
1677612902408,sensor,/video_processing-0-0.0.1-694264E2-8490-7669-3D01-0AD187E21299,1.3177259519402619e-05,0,0,0,0,a2565f08c8b434b80e93420b52e1a5e1e5724d9b,0.056288887256968484,1.916982039416277e-05,cpu,5781743892,5781743892
1677612903409,sensor,/video_processing-0-0.0.1-694264E2-8490-7669-3D01-0AD187E21299,2.1593437007123568e-05,0,0,0,0,a2565f08c8b434b80e93420b52e1a5e1e5724d9b,0.05629728632895325,1.9473773468192792e-05,cpu,5781743892,5781743892
1677612904410,sensor,/video_processing-0-0.0.1-694264E2-8490-7669-3D01-0AD187E21299,1.0974473077841492e-05,0,0,0,0,a2565f08c8b434b80e93420b52e1a5e1e5724d9b,0.05628703494230652,1.2942176866800445e-05,cpu,5781743892,5781743892
1677612905411,sensor,/video_processing-0-0.0.1-694264E2-8490-7669-3D01-0AD187E21299,1.0937926909084741e-05,0,0,0,0,a2565f08c8b434b80e93420b52e1a5e1e5724d9b,0.05628618591389717,2.737942991060791e-05,cpu,5781743892,5781743892
1677612906412,sensor,/video_processing-0-0.0.1-694264E2-8490-7669-3D01-0AD187E21299,1.061551403485369e-05,0,0,0,0,a2565f08c8b434b80e93420b52e1a5e1e5724d9b,0.05628571938485082,2.994027560123218e-05,cpu,5781743892,5781743892
1677612907412,sensor,/video_processing-0-0.0.1-694264E2-8490-7669-3D01-0AD187E21299,1.639125743974464e-05,0,0,0,0,a2565f08c8b434b80e93420b52e1a5e1e5724d9b,0.05629140110587487,3.161098892420225e-05,cpu,5781743892,5781743892
1677612908413,sensor,/video_processing-0-0.0.1-694264E2-8490-7669-3D01-0AD187E21299,1.1680939893556473e-05,0,0,0,0,a2565f08c8b434b80e93420b52e1a5e1e5724d9b,0.05628707784908337,2.4733184364788317e-05,cpu,5781743892,5781743892
1677612909414,sensor,/video_processing-0-0.0.1-694264E2-8490-7669-3D01-0AD187E21299,1.0874344929482793e-05,0,0,0,0,a2565f08c8b434b80e93420b52e1a5e1e5724d9b,0.056285943213638605,3.056223907116521e-05,cpu,5781743892,5781743892
1677612910414,sensor,/video_processing-0-0.0.1-694264E2-8490-7669-3D01-0AD187E21299,1.1547043423144112e-05,0,0,0,0,a2565f08c8b434b80e93420b52e1a5e1e5724d9b,0.0562869932091286,2.385792981176812e-05,cpu,5781743892,5781743892
1677612911415,sensor,/video_processing-0-0.0.1-694264E2-8490-7669-3D01-0AD187E21299,1.1163916615866062e-05,0,0,0,0,a2565f08c8b434b80e93420b52e1a5e1e5724d9b,0.05628613526136738,3.2295173015412044e-05,cpu,5781743892,5781743892
1677612912416,sensor,/video_processing-0-0.0.1-694264E2-8490-7669-3D01-0AD187E21299,1.0931585154921011e-05,0,0,0,0,a2565f08c8b434b80e93420b52e1a5e1e5724d9b,0.056286328154087385,2.4739230504899786e-05,cpu,5781743892,5781743892
1677612913416,sensor,/video_processing-0-0.0.1-694264E2-8490-7669-3D01-0AD187E21299,1.6001450714045016e-05,0,0,0,0,a2565f08c8b434b80e93420b52e1a5e1e5724d9b,0.056291583154540775,2.1449510210448374e-05,cpu,5781743892,5781743892
1677612914417,sensor,/video_processing-0-0.0.1-694264E2-8490-7669-3D01-0AD187E21299,1.1206885364944504e-05,0,0,0,0,a2565f08c8b434b80e93420b52e1a5e1e5724d9b,0.05628706414144788,1.6553135310345328e-05,cpu,5781743892,5781743892
1677612915418,sensor,/video_processing-0-0.0.1-694264E2-8490-7669-3D01-0AD187E21299,1.305355248338036e-05,0,0,0,0,a2565f08c8b434b80e93420b52e1a5e1e5724d9b,0.056288666385650006,2.0896363157251312e-05,cpu,5781743892,5781743892
1677612916419,sensor,/video_processing-0-0.0.1-694264E2-8490-7669-3D01-0AD187E21299,8.32843147295851e-06,0,0,0,0,a2565f08c8b434b80e93420b52e1a5e1e5724d9b,0.056284556489143836,9.964245010071362e-06,cpu,5781743892,5781743892
1677612917421,sensor,/video_processing-0-0.0.1-694264E2-8490-7669-3D01-0AD187E21299,1.6712699928405123e-05,0,0,0,0,a2565f08c8b434b80e93420b52e1a5e1e5724d9b,0.05629270727453914,1.4113079104320613e-05,cpu,5781743892,5781743892
1677612918422,sensor,/video_processing-0-0.0.1-694264E2-8490-7669-3D01-0AD187E21299,8.877993891922335e-06,0,0,0,0,a2565f08c8b434b80e93420b52e1a5e1e5724d9b,0.05628494570149272,1.2813555950868042e-05,cpu,5781743892,5781743892
1677612919423,sensor,/video_processing-0-0.0.1-694264E2-8490-7669-3D01-0AD187E21299,1.2194486303268024e-05,0,0,0,0,a2565f08c8b434b80e93420b52e1a5e1e5724d9b,0.05628797494810487,1.7917717102443847e-05,cpu,5781743892,5781743892
1677612920423,sensor,/video_processing-0-0.0.1-694264E2-8490-7669-3D01-0AD187E21299,1.125294114774709e-05,0,0,0,0,a2565f08c8b434b80e93420b52e1a5e1e5724d9b,0.056287098504424524,1.676090846877199e-05,cpu,5781743892,5781743892
1677612921424,sensor,/video_processing-0-0.0.1-694264E2-8490-7669-3D01-0AD187E21299,1.535952344736507e-05,0,0,0,0,a2565f08c8b434b80e93420b52e1a5e1e5724d9b,0.0562908750988348,2.2624567293323803e-05,cpu,5781743892,5781743892
1677612922425,sensor,/video_processing-0-0.0.1-694264E2-8490-7669-3D01-0AD187E21299,1.0729821292016815e-05,0,0,0,0,a2565f08c8b434b80e93420b52e1a5e1e5724d9b,0.05628636129652115,2.056510647223976e-05,cpu,5781743892,5781743892
1677612923426,sensor,/video_processing-0-0.0.1-694264E2-8490-7669-3D01-0AD187E21299,1.3051827859107353e-05,0,0,0,0,a2565f08c8b434b80e93420b52e1a5e1e5724d9b,0.05628915305365397,1.2217960594906851e-05,cpu,5781743892,5781743892
1677612924427,sensor,/video_processing-0-0.0.1-694264E2-8490-7669-3D01-0AD187E21299,3.350173927879486e-05,0,0,0,0,a2565f08c8b434b80e93420b52e1a5e1e5724d9b,0.056307923547983946,4.206005224804785e-05,cpu,5781743892,5781743892
1677612925429,sensor,/video_processing-0-0.0.1-694264E2-8490-7669-3D01-0AD187E21299,1.1010060586001688e-05,0,0,0,0,a2565f08c8b434b80e93420b52e1a5e1e5724d9b,0.05628651297244676,2.2849589490634042e-05,cpu,5781743892,5781743892
1677612926430,sensor,/video_processing-0-0.0.1-694264E2-8490-7669-3D01-0AD187E21299,9.142878188418844e-06,0,0,0,0,a2565f08c8b434b80e93420b52e1a5e1e5724d9b,0.05628518797925567,1.3215258571506593e-05,cpu,5781743892,5781743892
1677612927430,sensor,/video_processing-0-0.0.1-694264E2-8490-7669-3D01-0AD187E21299,1.5370791757093153e-05,0,0,0,0,a2565f08c8b434b80e93420b52e1a5e1e5724d9b,0.05629147476094367,1.2169212402789811e-05,cpu,5781743892,5781743892
1677612928431,sensor,/video_processing-0-0.0.1-694264E2-8490-7669-3D01-0AD187E21299,1.1529715383525575e-05,0,0,0,0,a2565f08c8b434b80e93420b52e1a5e1e5724d9b,0.05628731665299349,1.7802646422353284e-05,cpu,5781743892,5781743892
1677612929432,sensor,/video_processing-0-0.0.1-694264E2-8490-7669-3D01-0AD187E21299,1.0977270444824548e-05,0,0,0,0,a2565f08c8b434b80e93420b52e1a5e1e5724d9b,0.05628671210871307,1.8728416048128357e-05,cpu,5781743892,5781743892
1677612930433,sensor,/video_processing-0-0.0.1-694264E2-8490-7669-3D01-0AD187E21299,1.4415688474178782e-05,0,0,0,0,a2565f08c8b434b80e93420b52e1a5e1e5724d9b,0.05628947771806175,3.068376557776996e-05,cpu,5781743892,5781743892
1677612931434,sensor,/video_processing-0-0.0.1-694264E2-8490-7669-3D01-0AD187E21299,1.1116009791074813e-05,0,0,0,0,a2565f08c8b434b80e93420b52e1a5e1e5724d9b,0.05628711197734023,1.4088327542420291e-05,cpu,5781743892,5781743892
1677612932434,sensor,/video_processing-0-0.0.1-694264E2-8490-7669-3D01-0AD187E21299,1.5188688726029821e-05,0,0,0,0,a2565f08c8b434b80e93420b52e1a5e1e5724d9b,0.0562911606119823,1.4515578161980784e-05,cpu,5781743892,5781743892
1677612933435,sensor,/video_processing-0-0.0.1-694264E2-8490-7669-3D01-0AD187E21299,1.5663003413818604e-05,0,0,0,0,a2565f08c8b434b80e93420b52e1a5e1e5724d9b,0.05629124957078113,2.136308842473576e-05,cpu,5781743892,5781743892
1677612934436,sensor,/video_processing-0-0.0.1-694264E2-8490-7669-3D01-0AD187E21299,1.2837762028888418e-05,0,0,0,0,a2565f08c8b434b80e93420b52e1a5e1e5724d9b,0.05628724102627849,4.2389574524322285e-05,cpu,5781743892,5781743892
1677612935437,sensor,/video_processing-0-0.0.1-694264E2-8490-7669-3D01-0AD187E21299,1.1825929083140635e-05,0,0,0,0,a2565f08c8b434b80e93420b52e1a5e1e5724d9b,0.056286290082538125,4.130761504034218e-05,cpu,5781743892,5781743892
1677612936438,sensor,/video_processing-0-0.0.1-694264E2-8490-7669-3D01-0AD187E21299,1.3659183899440981e-05,0,0,0,0,a2565f08c8b434b80e93420b52e1a5e1e5724d9b,0.056288084092805286,4.200496380466054e-05,cpu,5781743892,5781743892
1677612937439,sensor,/video_processing-0-0.0.1-694264E2-8490-7669-3D01-0AD187E21299,9.54549939163821e-06,0,0,0,0,a2565f08c8b434b80e93420b52e1a5e1e5724d9b,0.05628561596731318,1.2764506941507757e-05,cpu,5781743892,5781743892
1677612938440,sensor,/video_processing-0-0.0.1-694264E2-8490-7669-3D01-0AD187E21299,1.1829145897161016e-05,0,0,0,0,a2565f08c8b434b80e93420b52e1a5e1e5724d9b,0.05628778243093652,1.4846766513431662e-05,cpu,5781743892,5781743892
1677612939440,sensor,/video_processing-0-0.0.1-694264E2-8490-7669-3D01-0AD187E21299,3.8160290588065655e-05,0,0,0,0,a2565f08c8b434b80e93420b52e1a5e1e5724d9b,0.0563113094278387,6.46745524949952e-05,cpu,5781743892,5781743892
1677612940441,sensor,/video_processing-0-0.0.1-694264E2-8490-7669-3D01-0AD187E21299,1.2772911944555148e-05,0,0,0,0,a2565f08c8b434b80e93420b52e1a5e1e5724d9b,0.05628620929198783,5.9570444767782534e-05,cpu,5781743892,5781743892
1677612941441,sensor,/video_processing-0-0.0.1-694264E2-8490-7669-3D01-0AD187E21299,1.1738812439391458e-05,0,0,0,0,a2565f08c8b434b80e93420b52e1a5e1e5724d9b,0.056286083716902406,4.342658796832853e-05,cpu,5781743892,5781743892
1677612942442,sensor,/video_processing-0-0.0.1-694264E2-8490-7669-3D01-0AD187E21299,1.1062713414688219e-05,0,0,0,0,a2565f08c8b434b80e93420b52e1a5e1e5724d9b,0.05628690955499692,1.6738193856199798e-05,cpu,5781743892,5781743892
1677612943443,sensor,/video_processing-0-0.0.1-694264E2-8490-7669-3D01-0AD187E21299,1.2416698150339135e-05,0,0,0,0,a2565f08c8b434b80e93420b52e1a5e1e5724d9b,0.05628783726147849,2.4312866524394424e-05,cpu,5781743892,5781743892
1677612944444,sensor,/video_processing-0-0.0.1-694264E2-8490-7669-3D01-0AD187E21299,1.2699461723466537e-05,0,0,0,0,a2565f08c8b434b80e93420b52e1a5e1e5724d9b,0.056288263137057926,2.1769864172557092e-05,cpu,5781743892,5781743892
1677612945446,sensor,/video_processing-0-0.0.1-694264E2-8490-7669-3D01-0AD187E21299,1.0041398928857714e-05,0,0,0,0,a2565f08c8b434b80e93420b52e1a5e1e5724d9b,0.05628622548765306,1.0745543083456062e-05,cpu,5781743892,5781743892
1677612946447,sensor,/video_processing-0-0.0.1-694264E2-8490-7669-3D01-0AD187E21299,1.1273662536162645e-05,0,0,0,0,a2565f08c8b434b80e93420b52e1a5e1e5724d9b,0.05628755217082661,9.067772047930877e-06,cpu,5781743892,5781743892
1677612947448,sensor,/video_processing-0-0.0.1-694264E2-8490-7669-3D01-0AD187E21299,3.1932559966908764e-05,0,0,0,0,a2565f08c8b434b80e93420b52e1a5e1e5724d9b,0.05630764099230575,1.9197631331363536e-05,cpu,5781743892,5781743892
1677612948450,sensor,/video_processing-0-0.0.1-694264E2-8490-7669-3D01-0AD187E21299,3.108809942158154e-05,0,0,0,0,a2565f08c8b434b80e93420b52e1a5e1e5724d9b,0.05630683778119859,1.8464657061920624e-05,cpu,5781743892,5781743892
1677612949451,sensor,/video_processing-0-0.0.1-694264E2-8490-7669-3D01-0AD187E21299,3.0220951088649875e-05,0,0,0,0,a2565f08c8b434b80e93420b52e1a5e1e5724d9b,0.05630595105679163,1.881251049216472e-05,cpu,5781743892,5781743892
1677612950452,sensor,/video_processing-0-0.0.1-694264E2-8490-7669-3D01-0AD187E21299,1.0451715020571614e-05,0,205538,205538,205538,a2565f08c8b434b80e93420b52e1a5e1e5724d9b,0.05628643758045155,1.4267835264708123e-05,cpu,5781799422,5781799422
1677612951453,sensor,/video_processing-0-0.0.1-694264E2-8490-7669-3D01-0AD187E21299,1.240730752533388e-05,0,0,0,0,a2565f08c8b434b80e93420b52e1a5e1e5724d9b,0.056288290693160783,1.608883105514335e-05,cpu,5781799422,5781799422
1677612952454,sensor,/video_processing-0-0.0.1-694264E2-8490-7669-3D01-0AD187E21299,1.5808715898195744e-05,0,322047,322047,322047,a2565f08c8b434b80e93420b52e1a5e1e5724d9b,0.05629190697395732,1.2270695226757371e-05,cpu,5781890412,5781890412
1677612953455,sensor,/video_processing-0-0.0.1-694264E2-8490-7669-3D01-0AD187E21299,1.210129808674655e-05,0,0,0,0,a2565f08c8b434b80e93420b52e1a5e1e5724d9b,0.05628824698833666,1.1427857677001827e-05,cpu,5781890412,5781890412
1677612954456,sensor,/video_processing-0-0.0.1-694264E2-8490-7669-3D01-0AD187E21299,1.1252104581743187e-05,0,0,0,0,a2565f08c8b434b80e93420b52e1a5e1e5724d9b,0.056287473351922516,1.0085259912445876e-05,cpu,5781890412,5781890412
1677612955457,sensor,/video_processing-0-0.0.1-694264E2-8490-7669-3D01-0AD187E21299,1.4004311718842657e-05,0,0,0,0,a2565f08c8b434b80e93420b52e1a5e1e5724d9b,0.056289606344504396,2.1088278533019805e-05,cpu,5781890412,5781890412
1677612956457,sensor,/video_processing-0-0.0.1-694264E2-8490-7669-3D01-0AD187E21299,8.735731247440015e-06,0,0,0,0,a2565f08c8b434b80e93420b52e1a5e1e5724d9b,0.0562839383780598,2.8185093785229212e-05,cpu,5781890412,5781890412
1677612957458,sensor,/video_processing-0-0.0.1-694264E2-8490-7669-3D01-0AD187E21299,1.2606527804272404e-05,0,0,0,0,a2565f08c8b434b80e93420b52e1a5e1e5724d9b,0.05628869281509789,1.2483407532417735e-05,cpu,5781890412,5781890412
1677612958459,sensor,/video_processing-0-0.0.1-694264E2-8490-7669-3D01-0AD187E21299,1.3779135947991139e-05,0,0,0,0,a2565f08c8b434b80e93420b52e1a5e1e5724d9b,0.056289725722987474,1.4965785384519357e-05,cpu,5781890412,5781890412
1677612959460,sensor,/video_processing-0-0.0.1-694264E2-8490-7669-3D01-0AD187E21299,9.458424258435525e-06,0,0,0,0,a2565f08c8b434b80e93420b52e1a5e1e5724d9b,0.0562857018747548,9.690725041921348e-06,cpu,5781890412,5781890412
1677612960461,sensor,/video_processing-0-0.0.1-694264E2-8490-7669-3D01-0AD187E21299,1.2142128396065735e-05,0,0,0,0,a2565f08c8b434b80e93420b52e1a5e1e5724d9b,0.0562880894444164,1.4952831894003267e-05,cpu,5781890412,5781890412
1677612961463,sensor,/video_processing-0-0.0.1-694264E2-8490-7669-3D01-0AD187E21299,1.2053252075149457e-05,0,0,0,0,a2565f08c8b434b80e93420b52e1a5e1e5724d9b,0.05628769239242667,2.042890249634018e-05,cpu,5781890412,5781890412
1677612962464,sensor,/video_processing-0-0.0.1-694264E2-8490-7669-3D01-0AD187E21299,3.349568342158417e-05,0,0,0,0,a2565f08c8b434b80e93420b52e1a5e1e5724d9b,0.056309109821781604,2.0873170764405988e-05,cpu,5781890412,5781890412
1677612963465,sensor,/video_processing-0-0.0.1-694264E2-8490-7669-3D01-0AD187E21299,7.955966468455994e-05,0,0,0,0,a2565f08c8b434b80e93420b52e1a5e1e5724d9b,0.05635369423483119,4.71640847377356e-05,cpu,5781890412,5781890412
1677612964466,sensor,/video_processing-0-0.0.1-694264E2-8490-7669-3D01-0AD187E21299,1.860281557895279e-05,0,0,0,0,a2565f08c8b434b80e93420b52e1a5e1e5724d9b,0.05629480374472234,1.0446300366560894e-05,cpu,5781890412,5781890412
1677612965467,sensor,/video_processing-0-0.0.1-694264E2-8490-7669-3D01-0AD187E21299,2.0544915509985396e-05,0,0,0,0,a2565f08c8b434b80e93420b52e1a5e1e5724d9b,0.056296615546749265,1.2761604897107317e-05,cpu,5781890412,5781890412
1677612966469,sensor,/video_processing-0-0.0.1-694264E2-8490-7669-3D01-0AD187E21299,1.564907449629411e-05,0,0,0,0,a2565f08c8b434b80e93420b52e1a5e1e5724d9b,0.05629189941598022,9.568276911675262e-06,cpu,5781890412,5781890412
1677612967469,sensor,/video_processing-0-0.0.1-694264E2-8490-7669-3D01-0AD187E21299,1.1514395129741752e-05,0,0,0,0,a2565f08c8b434b80e93420b52e1a5e1e5724d9b,0.056287541749268116,1.3530609344904738e-05,cpu,5781890412,5781890412
1677612968470,sensor,/video_processing-0-0.0.1-694264E2-8490-7669-3D01-0AD187E21299,9.50494467660322e-06,0,0,0,0,a2565f08c8b434b80e93420b52e1a5e1e5724d9b,0.056284916502351366,2.4472890818241352e-05,cpu,5781890412,5781890412
1677612969471,sensor,/video_processing-0-0.0.1-694264E2-8490-7669-3D01-0AD187E21299,1.1399311423421602e-05,0,0,0,0,a2565f08c8b434b80e93420b52e1a5e1e5724d9b,0.05628539152825396,4.969360568405655e-05,cpu,5781890412,5781890412
1677612970472,sensor,/video_processing-0-0.0.1-694264E2-8490-7669-3D01-0AD187E21299,1.567751087511101e-05,0,0,0,0,a2565f08c8b434b80e93420b52e1a5e1e5724d9b,0.056291570479672336,1.5918544832756932e-05,cpu,5781890412,5781890412
1677612971473,sensor,/video_processing-0-0.0.1-694264E2-8490-7669-3D01-0AD187E21299,1.2175317489566598e-05,0,0,0,0,a2565f08c8b434b80e93420b52e1a5e1e5724d9b,0.05628843354362245,9.428172098957549e-06,cpu,5781890412,5781890412
1677612972475,sensor,/video_processing-0-0.0.1-694264E2-8490-7669-3D01-0AD187E21299,1.1332698986489314e-05,0,0,0,0,a2565f08c8b434b80e93420b52e1a5e1e5724d9b,0.05628768675915181,7.725266967838639e-06,cpu,5781890412,5781890412
1677612973477,sensor,/video_processing-0-0.0.1-694264E2-8490-7669-3D01-0AD187E21299,1.907242670166446e-05,0,0,0,0,a2565f08c8b434b80e93420b52e1a5e1e5724d9b,0.056295027432678245,1.4816186637418723e-05,cpu,5781890412,5781890412
1677612974478,sensor,/video_processing-0-0.0.1-694264E2-8490-7669-3D01-0AD187E21299,1.6009545886356424e-05,0,0,0,0,a2565f08c8b434b80e93420b52e1a5e1e5724d9b,0.056292106908270904,1.2286610750641954e-05,cpu,5781890412,5781890412
1677612975479,sensor,/video_processing-0-0.0.1-694264E2-8490-7669-3D01-0AD187E21299,2.5151255010484233e-05,0,0,0,0,a2565f08c8b434b80e93420b52e1a5e1e5724d9b,0.05630047546668351,2.602496945637916e-05,cpu,5781890412,5781890412
1677612976480,sensor,/video_processing-0-0.0.1-694264E2-8490-7669-3D01-0AD187E21299,2.7342363229956916e-05,0,0,0,0,a2565f08c8b434b80e93420b52e1a5e1e5724d9b,0.05630076112066288,5.988358648618121e-05,cpu,5781890412,5781890412
1677612977481,sensor,/video_processing-0-0.0.1-694264E2-8490-7669-3D01-0AD187E21299,1.4158126291460671e-05,0,0,0,0,a2565f08c8b434b80e93420b52e1a5e1e5724d9b,0.05629019384812836,1.3381921072124497e-05,cpu,5781890412,5781890412
1677612978483,sensor,/video_processing-0-0.0.1-694264E2-8490-7669-3D01-0AD187E21299,1.0914902555887337e-05,0,0,0,0,a2565f08c8b434b80e93420b52e1a5e1e5724d9b,0.05628699175386592,1.265107849916196e-05,cpu,5781890412,5781890412
1677612979483,sensor,/video_processing-0-0.0.1-694264E2-8490-7669-3D01-0AD187E21299,1.1928622474715307e-05,0,0,0,0,a2565f08c8b434b80e93420b52e1a5e1e5724d9b,0.05628793443546983,1.3913380709661266e-05,cpu,5781890412,5781890412
1677612980484,sensor,/video_processing-0-0.0.1-694264E2-8490-7669-3D01-0AD187E21299,2.1466339724909036e-05,0,0,0,0,a2565f08c8b434b80e93420b52e1a5e1e5724d9b,0.05629697898686566,2.267660023161383e-05,cpu,5781890412,5781890412
1677612981485,sensor,/video_processing-0-0.0.1-694264E2-8490-7669-3D01-0AD187E21299,1.2699269908252602e-05,0,0,0,0,a2565f08c8b434b80e93420b52e1a5e1e5724d9b,0.056288913921136156,1.0202468321251904e-05,cpu,5781890412,5781890412
1677612982486,sensor,/video_processing-0-0.0.1-694264E2-8490-7669-3D01-0AD187E21299,1.0983251858456121e-05,0,0,0,0,a2565f08c8b434b80e93420b52e1a5e1e5724d9b,0.05628725689333602,9.154251980181455e-06,cpu,5781890412,5781890412
1677612983487,sensor,/video_processing-0-0.0.1-694264E2-8490-7669-3D01-0AD187E21299,2.8111803770342576e-05,0,0,0,0,a2565f08c8b434b80e93420b52e1a5e1e5724d9b,0.056303625687873275,2.2654620260747485e-05,cpu,5781890412,5781890412
1677612984491,sensor,/video_processing-0-0.0.1-694264E2-8490-7669-3D01-0AD187E21299,1.2168968361776256e-05,0,0,0,0,a2565f08c8b434b80e93420b52e1a5e1e5724d9b,0.05628841072885926,9.720755164669231e-06,cpu,5781890412,5781890412
1677612985492,sensor,/video_processing-0-0.0.1-694264E2-8490-7669-3D01-0AD187E21299,2.4150427383387982e-05,0,0,0,0,a2565f08c8b434b80e93420b52e1a5e1e5724d9b,0.056300086395166496,1.5154482298452292e-05,cpu,5781890412,5781890412
1677612986493,sensor,/video_processing-0-0.0.1-694264E2-8490-7669-3D01-0AD187E21299,0.0009684575708366152,0,5502392,5502392,5502392,a2565f08c8b434b80e93420b52e1a5e1e5724d9b,0.05720053364746266,0.000794514713787625,cpu,5783248883,5783248883
1677612987494,sensor,/video_processing-0-0.0.1-694264E2-8490-7669-3D01-0AD187E21299,0.00046840700991730813,0,0,0,0,a2565f08c8b434b80e93420b52e1a5e1e5724d9b,0.05671516960579237,0.0005335453237657253,cpu,5783248883,5783248883
1677612988495,sensor,/video_processing-0-0.0.1-694264E2-8490-7669-3D01-0AD187E21299,0.0004528196084123592,0,928164,928164,928164,a2565f08c8b434b80e93420b52e1a5e1e5724d9b,0.05669959045555864,0.0005333987043264689,cpu,5783647809,5783647809
1677612989495,sensor,/video_processing-0-0.0.1-694264E2-8490-7669-3D01-0AD187E21299,0.00039226888043245506,0,3317020,3317020,3317020,a2565f08c8b434b80e93420b52e1a5e1e5724d9b,0.0566404325257258,0.0005086496350133117,cpu,5784740753,5784740753
1677612990497,sensor,/video_processing-0-0.0.1-694264E2-8490-7669-3D01-0AD187E21299,0.10872018506761559,0,423988,423988,423988,a2565f08c8b434b80e93420b52e1a5e1e5724d9b,0.16003965953513324,0.08808808125680506,cpu,5784865180,5784865180
1677612991498,sensor,/video_processing-0-0.0.1-694264E2-8490-7669-3D01-0AD187E21299,0.20123635087187824,0,19073995,19073995,19073995,a2565f08c8b434b80e93420b52e1a5e1e5724d9b,0.24789223669813693,0.17095685788021348,cpu,5789581672,5789581672
1677612992500,sensor,/video_processing-0-0.0.1-694264E2-8490-7669-3D01-0AD187E21299,0.20390457851791752,0,1517120025,1517120025,1517120025,a2565f08c8b434b80e93420b52e1a5e1e5724d9b,0.24920364694988428,0.19506657385550158,cpu,6161510009,6161510009
1677612993501,sensor,/video_processing-0-0.0.1-694264E2-8490-7669-3D01-0AD187E21299,0.1292370080019305,0,0,0,0,a2565f08c8b434b80e93420b52e1a5e1e5724d9b,0.1813038807216629,0.07480732611824935,cpu,6161510009,6161510009
1677612994502,sensor,/video_processing-0-0.0.1-694264E2-8490-7669-3D01-0AD187E21299,1.0253302536759738e-05,0,0,0,0,a2565f08c8b434b80e93420b52e1a5e1e5724d9b,0.05628662704626268,7.375503574844166e-06,cpu,6161510009,6161510009
1677612995503,sensor,/video_processing-0-0.0.1-694264E2-8490-7669-3D01-0AD187E21299,1.0487489794467003e-05,0,0,0,0,a2565f08c8b434b80e93420b52e1a5e1e5724d9b,0.056286630097619895,1.1482630249363794e-05,cpu,6161510009,6161510009
1677612996504,sensor,/video_processing-0-0.0.1-694264E2-8490-7669-3D01-0AD187E21299,0.0005162686588953733,0,0,0,0,a2565f08c8b434b80e93420b52e1a5e1e5724d9b,0.05676731091623512,0.0004574986701644895,cpu,6161510009,6161510009
1677612997505,sensor,/video_processing-0-0.0.1-694264E2-8490-7669-3D01-0AD187E21299,0.0002182155300426611,0,0,0,0,a2565f08c8b434b80e93420b52e1a5e1e5724d9b,0.056483645623720734,0.00020183667093351032,cpu,6161510009,6161510009
1677612998506,sensor,/video_processing-0-0.0.1-694264E2-8490-7669-3D01-0AD187E21299,0.00025263094414306874,0,473386,473386,473386,a2565f08c8b434b80e93420b52e1a5e1e5724d9b,0.05650567374701448,0.00042195034600016985,cpu,6161640409,6161640409
1677612999506,sensor,/video_processing-0-0.0.1-694264E2-8490-7669-3D01-0AD187E21299,0.00020777812857430565,0,203817,203817,203817,a2565f08c8b434b80e93420b52e1a5e1e5724d9b,0.05646463191274867,0.00035423181793005094,cpu,6161698843,6161698843
1677613000507,sensor,/video_processing-0-0.0.1-694264E2-8490-7669-3D01-0AD187E21299,0.0002129172437265403,0,568730,568730,568730,a2565f08c8b434b80e93420b52e1a5e1e5724d9b,0.05647054004447814,0.0003405669199596119,cpu,6161877819,6161877819
1677613001509,sensor,/video_processing-0-0.0.1-694264E2-8490-7669-3D01-0AD187E21299,0.00030069413481968954,0,0,0,0,a2565f08c8b434b80e93420b52e1a5e1e5724d9b,0.05655958864710301,0.00031796947688346575,cpu,6161877819,6161877819
1677613002510,sensor,/video_processing-0-0.0.1-694264E2-8490-7669-3D01-0AD187E21299,0.03159708014581849,0,0,0,0,a2565f08c8b434b80e93420b52e1a5e1e5724d9b,0.08593609202030178,0.03443296925354924,cpu,6161877819,6161877819
1677613003511,sensor,/video_processing-0-0.0.1-694264E2-8490-7669-3D01-0AD187E21299,0.23403657111690762,0,0,0,0,a2565f08c8b434b80e93420b52e1a5e1e5724d9b,0.2745834837102594,0.27950912892688945,cpu,6161877819,6161877819
1677613004512,sensor,/video_processing-0-0.0.1-694264E2-8490-7669-3D01-0AD187E21299,0.1955513174474344,0,49836170,49836170,49836170,a2565f08c8b434b80e93420b52e1a5e1e5724d9b,0.24423116620697335,0.134992422524958,cpu,6174260163,6174260163
1677613005513,sensor,/video_processing-0-0.0.1-694264E2-8490-7669-3D01-0AD187E21299,0.08500899604627934,0,11653253,11653253,11653253,a2565f08c8b434b80e93420b52e1a5e1e5724d9b,0.13728891528851084,0.07102163530341694,cpu,6177181667,6177181667
1677613006513,sensor,/video_processing-0-0.0.1-694264E2-8490-7669-3D01-0AD187E21299,1.7228869671968366e-05,0,0,0,0,a2565f08c8b434b80e93420b52e1a5e1e5724d9b,0.05629306470582902,1.6933752725400472e-05,cpu,6177181667,6177181667
1677613007514,sensor,/video_processing-0-0.0.1-694264E2-8490-7669-3D01-0AD187E21299,1.149374189503477e-05,0,0,0,0,a2565f08c8b434b80e93420b52e1a5e1e5724d9b,0.056287629252804276,1.1608737590181335e-05,cpu,6177181667,6177181667
1677613008515,sensor,/video_processing-0-0.0.1-694264E2-8490-7669-3D01-0AD187E21299,1.3690674614275874e-05,0,0,0,0,a2565f08c8b434b80e93420b52e1a5e1e5724d9b,0.05628871117018514,3.142179661302005e-05,cpu,6177181667,6177181667
1677613009516,sensor,/video_processing-0-0.0.1-694264E2-8490-7669-3D01-0AD187E21299,0.0005779658241667625,0,0,0,0,a2565f08c8b434b80e93420b52e1a5e1e5724d9b,0.0568102903153891,0.0007901005565207291,cpu,6177181667,6177181667
1677613010517,sensor,/video_processing-0-0.0.1-694264E2-8490-7669-3D01-0AD187E21299,0.0003966849804556915,0,0,0,0,a2565f08c8b434b80e93420b52e1a5e1e5724d9b,0.056644593825865064,0.0005131772544696773,cpu,6177181667,6177181667
1677613011518,sensor,/video_processing-0-0.0.1-694264E2-8490-7669-3D01-0AD187E21299,0.0003358187210688408,0,0,0,0,a2565f08c8b434b80e93420b52e1a5e1e5724d9b,0.0565906116550859,0.0003908517139965692,cpu,6177181667,6177181667
1677613012519,sensor,/video_processing-0-0.0.1-694264E2-8490-7669-3D01-0AD187E21299,0.0004237527573105159,0,0,0,0,a2565f08c8b434b80e93420b52e1a5e1e5724d9b,0.05667075766484142,0.0005292396115715652,cpu,6177181667,6177181667
1677613013520,sensor,/video_processing-0-0.0.1-694264E2-8490-7669-3D01-0AD187E21299,0.0006262159150934684,0,1871350,1871350,1871350,a2565f08c8b434b80e93420b52e1a5e1e5724d9b,0.05687186440375347,0.0005533422460591403,cpu,6177778983,6177778983
1677613014521,sensor,/video_processing-0-0.0.1-694264E2-8490-7669-3D01-0AD187E21299,0.22327559289234125,0,0,0,0,a2565f08c8b434b80e93420b52e1a5e1e5724d9b,0.26333550567326025,0.2881627821061372,cpu,6177778983,6177778983
1677613015522,sensor,/video_processing-0-0.0.1-694264E2-8490-7669-3D01-0AD187E21299,0.2024005627683667,0,15210501,15210501,15210501,a2565f08c8b434b80e93420b52e1a5e1e5724d9b,0.24642915307099392,0.21764210021597916,cpu,6181536556,6181536556
1677613016523,sensor,/video_processing-0-0.0.1-694264E2-8490-7669-3D01-0AD187E21299,0.06697147759082234,0,312963,312963,312963,a2565f08c8b434b80e93420b52e1a5e1e5724d9b,0.12060342066744596,0.04699709760501492,cpu,6181651939,6181651939
1677613017523,sensor,/video_processing-0-0.0.1-694264E2-8490-7669-3D01-0AD187E21299,4.0216679160219365e-05,0,0,0,0,a2565f08c8b434b80e93420b52e1a5e1e5724d9b,0.056315454250649,2.756450620086057e-05,cpu,6181651939,6181651939
1677613018524,sensor,/video_processing-0-0.0.1-694264E2-8490-7669-3D01-0AD187E21299,3.4484950402217325e-05,0,0,0,0,a2565f08c8b434b80e93420b52e1a5e1e5724d9b,0.05630976393888079,2.6828554653797793e-05,cpu,6181651939,6181651939
1677613019525,sensor,/video_processing-0-0.0.1-694264E2-8490-7669-3D01-0AD187E21299,3.478727082323819e-05,0,0,0,0,a2565f08c8b434b80e93420b52e1a5e1e5724d9b,0.056309642870415254,3.435188523974157e-05,cpu,6181651939,6181651939
1677613020526,sensor,/video_processing-0-0.0.1-694264E2-8490-7669-3D01-0AD187E21299,2.8219715458523425e-05,0,0,0,0,a2565f08c8b434b80e93420b52e1a5e1e5724d9b,0.056302633198730814,4.2207989488880884e-05,cpu,6181651939,6181651939
1677613021527,sensor,/video_processing-0-0.0.1-694264E2-8490-7669-3D01-0AD187E21299,1.8130426721898276e-05,0,0,0,0,a2565f08c8b434b80e93420b52e1a5e1e5724d9b,0.05629379581101796,1.9962565573099292e-05,cpu,6181651939,6181651939
1677613022528,sensor,/video_processing-0-0.0.1-694264E2-8490-7669-3D01-0AD187E21299,2.1746340675485162e-05,0,0,0,0,a2565f08c8b434b80e93420b52e1a5e1e5724d9b,0.05629716859350867,2.428284517695978e-05,cpu,6181651939,6181651939
1677613023529,sensor,/video_processing-0-0.0.1-694264E2-8490-7669-3D01-0AD187E21299,1.4965530667951862e-05,0,0,0,0,a2565f08c8b434b80e93420b52e1a5e1e5724d9b,0.05629054207840264,2.1541130435291724e-05,cpu,6181651939,6181651939
1677613024529,sensor,/video_processing-0-0.0.1-694264E2-8490-7669-3D01-0AD187E21299,1.4595144407376295e-05,0,0,0,0,a2565f08c8b434b80e93420b52e1a5e1e5724d9b,0.05629038303227575,1.7785760981114552e-05,cpu,6181651939,6181651939
1677613025530,sensor,/video_processing-0-0.0.1-694264E2-8490-7669-3D01-0AD187E21299,1.1869698835729058e-05,0,0,0,0,a2565f08c8b434b80e93420b52e1a5e1e5724d9b,0.05628724670649731,2.5086820893310626e-05,cpu,6181651939,6181651939
1677613026531,sensor,/video_processing-0-0.0.1-694264E2-8490-7669-3D01-0AD187E21299,1.3609928112096462e-05,0,0,0,0,a2565f08c8b434b80e93420b52e1a5e1e5724d9b,0.056289484102439925,1.625250968384534e-05,cpu,6181651939,6181651939
1677613027532,sensor,/video_processing-0-0.0.1-694264E2-8490-7669-3D01-0AD187E21299,2.1592410763271937e-05,0,0,0,0,a2565f08c8b434b80e93420b52e1a5e1e5724d9b,0.056297200374567674,2.0982888389522113e-05,cpu,6181651939,6181651939
1677613028533,sensor,/video_processing-0-0.0.1-694264E2-8490-7669-3D01-0AD187E21299,3.625427694759646e-05,0,0,0,0,a2565f08c8b434b80e93420b52e1a5e1e5724d9b,0.056311478707748254,2.7798007230372758e-05,cpu,6181651939,6181651939
1677613029534,sensor,/video_processing-0-0.0.1-694264E2-8490-7669-3D01-0AD187E21299,1.680126103442105e-05,0,0,0,0,a2565f08c8b434b80e93420b52e1a5e1e5724d9b,0.056291473869008485,3.7603520981763697e-05,cpu,6181651939,6181651939
1677613030535,sensor,/video_processing-0-0.0.1-694264E2-8490-7669-3D01-0AD187E21299,1.0212484219161285e-05,0,0,0,0,a2565f08c8b434b80e93420b52e1a5e1e5724d9b,0.05628606231045794,1.66851585531511e-05,cpu,6181651939,6181651939
1677613031536,sensor,/video_processing-0-0.0.1-694264E2-8490-7669-3D01-0AD187E21299,1.179273566525176e-05,0,0,0,0,a2565f08c8b434b80e93420b52e1a5e1e5724d9b,0.056286990955818655,2.826375248354958e-05,cpu,6181651939,6181651939
1677613032536,sensor,/video_processing-0-0.0.1-694264E2-8490-7669-3D01-0AD187E21299,1.0199431025041832e-05,0,0,0,0,a2565f08c8b434b80e93420b52e1a5e1e5724d9b,0.05628335247053037,6.460521210119126e-05,cpu,6181651939,6181651939
1677613033537,sensor,/video_processing-0-0.0.1-694264E2-8490-7669-3D01-0AD187E21299,1.077172635866759e-05,0,0,0,0,a2565f08c8b434b80e93420b52e1a5e1e5724d9b,0.05628662573183188,1.6610896419159556e-05,cpu,6181651939,6181651939
1677613034538,sensor,/video_processing-0-0.0.1-694264E2-8490-7669-3D01-0AD187E21299,1.2418275078874625e-05,0,0,0,0,a2565f08c8b434b80e93420b52e1a5e1e5724d9b,0.056288258067110554,1.6863459542117356e-05,cpu,6181651939,6181651939
1677613035539,sensor,/video_processing-0-0.0.1-694264E2-8490-7669-3D01-0AD187E21299,1.1062384293347261e-05,0,0,0,0,a2565f08c8b434b80e93420b52e1a5e1e5724d9b,0.05628591819250943,3.434817813294264e-05,cpu,6181651939,6181651939
1677613036539,sensor,/video_processing-0-0.0.1-694264E2-8490-7669-3D01-0AD187E21299,1.1402905543475222e-05,0,0,0,0,a2565f08c8b434b80e93420b52e1a5e1e5724d9b,0.056285772196802634,4.2993251300426974e-05,cpu,6181651939,6181651939
1677613037540,sensor,/video_processing-0-0.0.1-694264E2-8490-7669-3D01-0AD187E21299,1.0611700682303828e-05,0,0,0,0,a2565f08c8b434b80e93420b52e1a5e1e5724d9b,0.056285291021241655,3.7484242937842066e-05,cpu,6181651939,6181651939
1677613038541,sensor,/video_processing-0-0.0.1-694264E2-8490-7669-3D01-0AD187E21299,1.1303569783679165e-05,0,0,0,0,a2565f08c8b434b80e93420b52e1a5e1e5724d9b,0.056286327309096156,3.136415754585522e-05,cpu,6181651939,6181651939
1677613039541,sensor,/video_processing-0-0.0.1-694264E2-8490-7669-3D01-0AD187E21299,1.4766877749294838e-05,0,0,0,0,a2565f08c8b434b80e93420b52e1a5e1e5724d9b,0.056288592448917464,5.26547849887298e-05,cpu,6181651939,6181651939
1677613040542,sensor,/video_processing-0-0.0.1-694264E2-8490-7669-3D01-0AD187E21299,1.3674865017010262e-05,0,0,0,0,a2565f08c8b434b80e93420b52e1a5e1e5724d9b,0.05628940617547103,1.8791102891182093e-05,cpu,6181651939,6181651939
1677613041543,sensor,/video_processing-0-0.0.1-694264E2-8490-7669-3D01-0AD187E21299,1.2465618119032858e-05,0,0,0,0,a2565f08c8b434b80e93420b52e1a5e1e5724d9b,0.056288103198995854,2.0456613293820695e-05,cpu,6181651939,6181651939
1677613042544,sensor,/video_processing-0-0.0.1-694264E2-8490-7669-3D01-0AD187E21299,1.1074163140006998e-05,0,0,0,0,a2565f08c8b434b80e93420b52e1a5e1e5724d9b,0.056286513207166544,2.398447716931493e-05,cpu,6181651939,6181651939
1677613043545,sensor,/video_processing-0-0.0.1-694264E2-8490-7669-3D01-0AD187E21299,1.4635069442761987e-05,0,0,0,0,a2565f08c8b434b80e93420b52e1a5e1e5724d9b,0.05628539960261459,0.00010704733404642054,cpu,6181651939,6181651939
1677613044545,sensor,/video_processing-0-0.0.1-694264E2-8490-7669-3D01-0AD187E21299,1.108199531476776e-05,0,0,0,0,a2565f08c8b434b80e93420b52e1a5e1e5724d9b,0.05628579158465695,3.694638739440428e-05,cpu,6181651939,6181651939
1677613045546,sensor,/video_processing-0-0.0.1-694264E2-8490-7669-3D01-0AD187E21299,9.97307909565117e-06,0,0,0,0,a2565f08c8b434b80e93420b52e1a5e1e5724d9b,0.05628565324081517,1.9699980877556386e-05,cpu,6181651939,6181651939
1677613046547,sensor,/video_processing-0-0.0.1-694264E2-8490-7669-3D01-0AD187E21299,1.1362712000184789e-05,0,0,0,0,a2565f08c8b434b80e93420b52e1a5e1e5724d9b,0.05628668525676957,2.6054589192610338e-05,cpu,6181651939,6181651939
1677613047547,sensor,/video_processing-0-0.0.1-694264E2-8490-7669-3D01-0AD187E21299,1.3186879930422457e-05,0,0,0,0,a2565f08c8b434b80e93420b52e1a5e1e5724d9b,0.05628706794390841,5.166871575856838e-05,cpu,6181651939,6181651939
1677613048548,sensor,/video_processing-0-0.0.1-694264E2-8490-7669-3D01-0AD187E21299,1.3587659322667528e-05,0,0,0,0,a2565f08c8b434b80e93420b52e1a5e1e5724d9b,0.05628655625477527,6.788265661457493e-05,cpu,6181651939,6181651939
1677613049549,sensor,/video_processing-0-0.0.1-694264E2-8490-7669-3D01-0AD187E21299,8.357520589643203e-06,0,0,0,0,a2565f08c8b434b80e93420b52e1a5e1e5724d9b,0.056283088176051516,3.657205687315743e-05,cpu,6181651939,6181651939
1677613050550,sensor,/video_processing-0-0.0.1-694264E2-8490-7669-3D01-0AD187E21299,1.3060152741338404e-05,0,0,0,0,a2565f08c8b434b80e93420b52e1a5e1e5724d9b,0.056287854630742644,3.543797405182345e-05,cpu,6181651939,6181651939
1677613051551,sensor,/video_processing-0-0.0.1-694264E2-8490-7669-3D01-0AD187E21299,4.948095370360583e-05,0,813541,813541,813541,a2565f08c8b434b80e93420b52e1a5e1e5724d9b,0.056314979647242025,0.0002006176983909586,cpu,6181880523,6181880523
1677613052551,sensor,/video_processing-0-0.0.1-694264E2-8490-7669-3D01-0AD187E21299,1.1431597454367224e-05,0,0,0,0,a2565f08c8b434b80e93420b52e1a5e1e5724d9b,0.056285980534084554,3.980107607481263e-05,cpu,6181880523,6181880523
1677613053552,sensor,/video_processing-0-0.0.1-694264E2-8490-7669-3D01-0AD187E21299,1.1896503247562254e-05,0,0,0,0,a2565f08c8b434b80e93420b52e1a5e1e5724d9b,0.05628319840046295,9.74987429685122e-05,cpu,6181880523,6181880523
1677613054553,sensor,/video_processing-0-0.0.1-694264E2-8490-7669-3D01-0AD187E21299,1.285944472870848e-05,0,0,0,0,a2565f08c8b434b80e93420b52e1a5e1e5724d9b,0.0562867696150606,5.115151578119123e-05,cpu,6181880523,6181880523
1677613055553,sensor,/video_processing-0-0.0.1-694264E2-8490-7669-3D01-0AD187E21299,9.459290715533534e-06,0,0,0,0,a2565f08c8b434b80e93420b52e1a5e1e5724d9b,0.05628512155355628,2.0018031696614392e-05,cpu,6181880523,6181880523
1677613056554,sensor,/video_processing-0-0.0.1-694264E2-8490-7669-3D01-0AD187E21299,1.2447392794448129e-05,0,0,0,0,a2565f08c8b434b80e93420b52e1a5e1e5724d9b,0.056287609911893924,2.889813576448537e-05,cpu,6181880523,6181880523
1677613057555,sensor,/video_processing-0-0.0.1-694264E2-8490-7669-3D01-0AD187E21299,9.166669577842156e-06,0,0,0,0,a2565f08c8b434b80e93420b52e1a5e1e5724d9b,0.05628457784864435,2.4479618427644032e-05,cpu,6181880523,6181880523
1677613058556,sensor,/video_processing-0-0.0.1-694264E2-8490-7669-3D01-0AD187E21299,1.0306474740598074e-05,0,0,0,0,a2565f08c8b434b80e93420b52e1a5e1e5724d9b,0.05628618779165545,1.612559080352909e-05,cpu,6181880523,6181880523
1677613059556,sensor,/video_processing-0-0.0.1-694264E2-8490-7669-3D01-0AD187E21299,1.131338701643537e-05,0,0,0,0,a2565f08c8b434b80e93420b52e1a5e1e5724d9b,0.05628651616463585,2.8182769433425223e-05,cpu,6181880523,6181880523
1677613060557,sensor,/video_processing-0-0.0.1-694264E2-8490-7669-3D01-0AD187E21299,1.548607515433163e-05,0,0,0,0,a2565f08c8b434b80e93420b52e1a5e1e5724d9b,0.056289660940326586,4.644806972565543e-05,cpu,6181880523,6181880523
1677613061558,sensor,/video_processing-0-0.0.1-694264E2-8490-7669-3D01-0AD187E21299,9.517074889234268e-06,0,0,0,0,a2565f08c8b434b80e93420b52e1a5e1e5724d9b,0.056285236941803,1.8994446765148237e-05,cpu,6181880523,6181880523
1677613062559,sensor,/video_processing-0-0.0.1-694264E2-8490-7669-3D01-0AD187E21299,1.1502110750200758e-05,0,0,0,0,a2565f08c8b434b80e93420b52e1a5e1e5724d9b,0.05628625731565602,3.613583006516249e-05,cpu,6181880523,6181880523
1677613063559,sensor,/video_processing-0-0.0.1-694264E2-8490-7669-3D01-0AD187E21299,1.4426283230631592e-05,0,0,0,0,a2565f08c8b434b80e93420b52e1a5e1e5724d9b,0.0562857503209186,9.710532193205804e-05,cpu,6181880523,6181880523
1677613064560,sensor,/video_processing-0-0.0.1-694264E2-8490-7669-3D01-0AD187E21299,1.7424673173684596e-05,0,0,0,0,a2565f08c8b434b80e93420b52e1a5e1e5724d9b,0.05628916554074658,8.969854031359892e-05,cpu,6181880523,6181880523
1677613065561,sensor,/video_processing-0-0.0.1-694264E2-8490-7669-3D01-0AD187E21299,1.8632622560713424e-05,0,0,0,0,a2565f08c8b434b80e93420b52e1a5e1e5724d9b,0.05628628562286219,0.0001623371424373842,cpu,6181880523,6181880523
1677613066562,sensor,/video_processing-0-0.0.1-694264E2-8490-7669-3D01-0AD187E21299,2.1845873429960212e-05,0,0,0,0,a2565f08c8b434b80e93420b52e1a5e1e5724d9b,0.05628842561009369,0.00018140830233084624,cpu,6181880523,6181880523
1677613067562,sensor,/video_processing-0-0.0.1-694264E2-8490-7669-3D01-0AD187E21299,1.1787505405226729e-05,0,0,0,0,a2565f08c8b434b80e93420b52e1a5e1e5724d9b,0.05628627998958733,4.080419741974408e-05,cpu,6181880523,6181880523
