timestamp,VDD_GPU_SOC_current,VDD_CPU_CV_current,VIN_SYS_5V0_current,VDDQ_VDD2_1V8AO_current,tegra,load_avg_1minute,cpu_pct,cpu_pct_process
2023-09-20 00:25:38,4.755,0.792,4.73,0.704,10.981000000000002,3.3,,0
2023-09-20 00:25:39,4.755,0.792,4.73,0.704,10.981000000000002,3.3,,0
2023-09-20 00:25:40,4.755,0.792,4.73,0.704,10.981000000000002,3.3,,0
2023-09-20 00:25:41,4.755,0.792,4.73,0.704,10.981000000000002,3.3,1.0,0
2023-09-20 00:25:42,4.755,0.792,4.73,0.704,10.981000000000002,3.3,1.0,0
2023-09-20 00:25:43,4.755,0.792,4.73,0.704,10.981000000000002,3.2525,,0
2023-09-20 00:25:44,4.755,0.792,4.73,0.704,10.981000000000002,3.205,,0
2023-09-20 00:25:45,4.755,0.792,4.73,0.704,10.981000000000002,3.1574999999999998,,0
2023-09-20 00:25:46,4.755,0.792,4.73,0.704,10.981000000000002,3.11,0.0,0
2023-09-20 00:25:47,4.755,0.792,4.73,0.704,10.981000000000002,3.11,0.0,0
2023-09-20 00:25:48,4.755,0.792,4.73,0.704,10.981000000000002,3.0533333333333332,,0
2023-09-20 00:25:50,4.755,0.792,4.73,0.704,10.981000000000002,2.9966666666666666,,0
2023-09-20 00:25:51,4.755,0.792,4.73,0.704,10.981000000000002,2.94,0.0,0
2023-09-20 00:25:52,4.755,0.792,4.73,0.704,10.981000000000002,2.94,0.0,0
2023-09-20 00:25:53,4.755,0.792,4.73,0.704,10.981000000000002,2.9025,,0
2023-09-20 00:25:54,4.755,0.792,4.73,0.704,10.981000000000002,2.865,,0
2023-09-20 00:25:55,4.755,0.792,4.73,0.704,10.981000000000002,2.8275,,0
2023-09-20 00:25:56,4.755,0.792,4.73,0.704,10.981000000000002,2.79,0.0,0
2023-09-20 00:25:57,4.755,0.792,4.73,0.704,10.981000000000002,2.79,0.0,0
2023-09-20 00:25:58,4.755,0.792,4.73,0.704,10.981000000000002,2.755,,0
2023-09-20 00:25:59,4.755,0.792,4.73,0.704,10.981000000000002,2.7199999999999998,,0
2023-09-20 00:26:00,4.755,0.792,4.73,0.704,10.981000000000002,2.685,,0
2023-09-20 00:26:01,4.755,0.792,4.73,0.704,10.981000000000002,2.65,0.0,0
2023-09-20 00:26:02,4.755,0.792,4.73,0.704,10.981000000000002,2.65,0.0,0
2023-09-20 00:26:03,4.755,0.792,4.73,0.704,10.981000000000002,2.635,,0
2023-09-20 00:26:04,4.755,0.792,5.241,0.805,11.164617237032026,2.62,,0
2023-09-20 00:26:05,4.755,0.792,5.132,0.704,11.230136371339512,2.605,,0
2023-09-20 00:26:06,4.755,0.792,5.132,0.704,11.275997569491027,2.59,0.0,0
2023-09-20 00:26:07,4.755,0.792,5.132,0.704,11.308099332290228,2.59,0.0,0
2023-09-20 00:26:08,4.755,0.792,5.132,0.704,11.330570039078067,2.63,,0
2023-09-20 00:26:09,4.755,0.792,5.032,0.704,11.316298802189662,2.67,,0
2023-09-20 00:26:11,4.755,0.792,5.032,0.704,11.306309051203192,2.71,0.0,0
2023-09-20 00:26:12,4.755,0.792,4.83,0.704,11.238715813279336,2.71,0.0,0
2023-09-20 00:26:13,4.755,0.792,4.73,0.704,11.161400650889412,2.675,,0
2023-09-20 00:26:14,4.755,0.792,4.73,0.704,11.107280250604397,2.6399999999999997,,0
2023-09-20 00:26:15,4.755,0.792,4.73,0.704,11.069396074964443,2.605,,0
2023-09-20 00:26:16,4.755,0.792,4.73,0.704,11.042877203250473,2.57,0.0,0
2023-09-20 00:26:17,4.755,0.792,4.73,0.704,11.024314018155293,2.57,0.0,0
2023-09-20 00:26:18,4.755,0.792,4.73,0.704,11.011319800889897,2.5374999999999996,,0
2023-09-20 00:26:19,4.755,0.792,4.73,0.704,11.002223854831715,2.505,,0
2023-09-20 00:26:20,4.755,0.792,4.73,0.704,10.995856695544509,2.4725,,0
2023-09-20 00:26:21,4.757,0.792,4.73,0.704,10.991999685677872,2.44,0.0,0
2023-09-20 00:26:22,4.755,0.792,4.73,0.704,10.988699779253873,2.44,0.0,0
2023-09-20 00:26:23,4.755,0.792,4.73,0.704,10.986389845124599,2.4725,,0
2023-09-20 00:26:24,4.755,0.792,4.73,0.704,10.984772891414195,2.505,,0
2023-09-20 00:26:25,4.755,0.792,4.73,0.704,10.983641023905156,2.5374999999999996,,0
2023-09-20 00:26:26,4.755,0.792,4.73,0.704,10.982848716692066,2.57,0.0,0
2023-09-20 00:26:27,4.755,0.792,4.73,0.704,10.982294101664092,2.57,0.0,0
2023-09-20 00:26:28,4.755,0.792,4.73,0.704,10.98190587115489,2.5374999999999996,,0
2023-09-20 00:26:29,4.757,0.792,4.73,0.704,10.982234109814327,2.505,,0
2023-09-20 00:26:30,4.755,0.792,4.73,0.704,10.981863876865368,2.4725,,0
2023-09-20 00:26:32,4.755,0.792,4.73,0.704,10.981604713803474,2.44,0.0,0
2023-09-20 00:26:33,4.755,1.188,4.83,0.805,11.160523300766133,2.4125,,0
2023-09-20 00:26:34,4.755,0.792,4.73,0.704,11.106666310303734,2.385,,0
2023-09-20 00:26:35,4.755,0.792,4.73,0.704,11.068966417098657,2.3575,,0
2023-09-20 00:26:36,4.755,0.792,4.83,0.704,11.0725764919767,2.33,0.0,0
2023-09-20 00:26:37,4.755,0.792,4.73,0.704,11.045103544343,2.33,0.0,0
2023-09-20 00:26:38,4.755,0.792,4.73,0.704,11.025872481020162,2.3025,,0
2023-09-20 00:26:39,5.152,1.584,5.132,0.905,11.550010737094505,2.2750000000000004,,0
2023-09-20 00:26:40,5.152,2.376,5.241,1.006,12.217507516305256,2.2475,,0
2023-09-20 00:26:41,5.152,2.376,5.443,1.006,12.745355261601391,2.22,4.0,0
2023-09-20 00:26:42,5.548,3.961,5.745,1.308,13.890348683405996,2.22,4.0,0
2023-09-20 00:26:43,5.548,6.338,5.947,1.408,15.495544078663904,2.2750000000000004,,0
2023-09-20 00:26:44,5.548,4.753,5.745,1.31,16.05368085513281,2.33,,0
2023-09-20 00:26:45,5.548,5.15,5.846,1.411,16.624076598641672,2.385,,0
2023-09-20 00:26:46,5.548,6.338,6.048,1.408,17.439453619097904,2.44,25.0,0
2023-09-20 00:26:47,5.548,4.753,5.846,1.408,17.474117533369984,2.44,25.0,0
2023-09-20 00:26:48,5.548,5.546,5.947,1.509,17.796882273368443,2.4924999999999997,,0
2023-09-20 00:26:49,5.548,5.15,5.947,1.408,17.873717591359487,2.545,,0
2023-09-20 00:26:50,5.548,4.357,5.745,1.308,17.599002313947697,2.5975,,0
2023-09-20 00:26:51,5.548,5.942,5.947,1.408,17.972801619767147,2.65,26.0,0
2023-09-20 00:26:52,5.548,6.338,5.745,1.308,18.262661133839043,2.65,26.0,0
2023-09-20 00:26:53,5.548,7.527,5.745,1.308,18.822262793690083,2.6774999999999998,,0
2023-09-20 00:26:54,5.152,7.527,5.443,1.107,18.94428395558348,2.705,,0
2023-09-20 00:26:55,5.152,7.923,5.644,1.207,19.238798768909145,2.7325,,0
2023-09-20 00:26:56,5.152,7.13,5.544,1.107,19.147059138236248,2.76,30.0,0
2023-09-20 00:26:57,5.154,7.13,5.544,1.107,19.0834413967653,2.76,30.0,0
2023-09-20 00:26:58,5.548,7.13,5.745,1.308,19.277708977735873,2.8049999999999997,,0
2023-09-20 00:26:59,5.152,6.338,5.544,1.107,18.936696284414914,2.8499999999999996,,0
2023-09-20 00:27:00,5.548,6.338,5.846,1.408,18.997687399090466,2.895,,0
2023-09-20 00:27:01,5.152,6.338,5.644,1.207,18.80068117936327,2.94,29.0,0
2023-09-20 00:27:02,5.154,5.546,5.544,1.207,18.395776825554208,2.94,29.0,0
2023-09-20 00:27:03,5.548,6.338,5.745,1.308,18.55874377788797,3.0466666666666664,,0
2023-09-20 00:27:05,5.548,6.734,5.745,1.308,18.7916206445216,3.1533333333333333,,0
2023-09-20 00:27:06,5.152,7.923,5.544,1.107,19.07193445116514,3.26,31.0,0
2023-09-20 00:27:07,5.152,8.319,5.443,1.006,19.326354115815608,3.26,31.0,0
2023-09-20 00:27:08,5.152,8.319,5.443,1.006,19.504447881070934,3.295,,0
2023-09-20 00:27:09,5.152,7.527,5.644,1.207,19.51211351674965,3.33,,0
2023-09-20 00:27:10,5.55,5.942,5.745,1.207,19.19167946172475,3.3649999999999998,,0
2023-09-20 00:27:11,5.548,5.942,5.745,1.308,18.997075623207323,3.4,29.0,0
2023-09-20 00:27:12,5.152,6.338,5.745,1.308,18.860852936245124,3.4,29.0,0
2023-09-20 00:27:13,5.152,3.565,5.644,1.207,17.87299705537158,3.4325,,0
2023-09-20 00:27:14,5.548,5.942,5.846,1.408,18.134297938760106,3.465,,0
2023-09-20 00:27:15,5.548,5.546,5.846,1.308,18.168408557132075,3.4974999999999996,,0
2023-09-20 00:27:16,5.548,6.338,5.846,1.408,18.459885989992454,3.53,27.0,0
2023-09-20 00:27:17,5.152,6.338,5.644,1.207,18.424220192994717,3.53,27.0,0
2023-09-20 00:27:18,5.152,6.734,5.544,1.207,18.488054135096302,3.5599999999999996,,0
2023-09-20 00:27:19,5.152,6.734,5.644,1.207,18.562737894567412,3.59,,0
2023-09-20 00:27:20,5.548,6.338,5.947,1.408,18.766216526197187,3.62,,0
2023-09-20 00:27:21,5.548,6.338,5.745,1.308,18.81805156833803,3.65,29.0,0
2023-09-20 00:27:22,5.548,6.734,5.846,1.308,19.003436097836623,3.65,29.0,0
2023-09-20 00:27:23,5.548,5.942,5.745,1.308,18.865305268485635,3.6975,,0
2023-09-20 00:27:24,5.548,7.13,5.846,1.408,19.185313687939946,3.745,,0
2023-09-20 00:27:25,5.548,6.338,5.947,1.408,19.202019581557963,3.7925,,0
2023-09-20 00:27:26,5.548,5.546,5.947,1.408,18.976113707090576,3.84,28.0,0
2023-09-20 00:27:27,5.548,5.942,6.048,1.509,18.9973795949634,3.84,28.0,0
2023-09-20 00:27:28,5.548,6.338,5.947,1.408,19.07046571647438,3.8425,,0
2023-09-20 00:27:29,5.548,5.942,5.745,1.308,18.912226001532066,3.8449999999999998,,0
2023-09-20 00:27:30,5.152,6.338,5.745,1.308,18.801458201072446,3.8475,,0
2023-09-20 00:27:31,5.548,5.942,5.745,1.308,18.72392074075071,3.85,29.0,0
2023-09-20 00:27:32,5.548,5.942,5.846,1.408,18.729944518525496,3.85,29.0,0
2023-09-20 00:27:33,5.548,5.942,5.745,1.308,18.673861162967846,3.8525,,0
2023-09-20 00:27:34,5.152,6.734,5.644,1.207,18.692802814077492,3.855,,0
2023-09-20 00:27:35,5.152,7.13,5.544,1.207,18.794861969854242,3.8575,,0
2023-09-20 00:27:36,5.152,6.338,5.644,1.207,18.65870337889797,3.86,30.0,0
2023-09-20 00:27:37,5.548,6.338,5.846,1.308,18.773092365228578,3.86,30.0,0
2023-09-20 00:27:38,5.548,5.546,5.846,1.308,18.615564655660005,3.8625,,0
2023-09-20 00:27:39,5.152,6.734,5.644,1.207,18.651995258962003,3.865,,0
2023-09-20 00:27:40,5.152,6.734,5.544,1.207,18.647496681273402,3.8675,,0
2023-09-20 00:27:41,5.548,6.734,5.644,1.207,18.793147676891383,3.87,29.0,0
2023-09-20 00:27:42,5.152,5.942,5.745,1.308,18.599303373823968,3.87,29.0,0
2023-09-20 00:27:43,5.548,5.546,5.947,1.408,18.554212361676775,3.8725,,0
2023-09-20 00:27:44,5.548,6.338,5.947,1.408,18.760248653173743,3.875,,0
2023-09-20 00:27:45,5.548,5.546,5.846,1.308,18.60657405722162,3.8775,,0
2023-09-20 00:27:47,5.548,5.15,5.846,1.308,18.380201840055136,3.88,28.0,0
2023-09-20 00:27:48,5.548,5.546,5.846,1.308,18.340541288038597,3.8825,,0
2023-09-20 00:27:49,5.55,5.15,5.745,1.308,18.164278901627018,3.885,,0
2023-09-20 00:27:50,5.548,5.546,5.745,1.308,18.15909523113891,3.8875,,0
2023-09-20 00:27:51,5.548,5.942,5.947,1.408,18.36486666179724,3.89,29.0,0
2023-09-20 00:27:52,5.548,6.734,5.745,1.308,18.65590666325807,3.89,29.0,0
2023-09-20 00:27:53,5.152,6.734,5.544,1.207,18.65023466428065,3.8925,,0
2023-09-20 00:27:54,5.152,6.338,5.544,1.207,18.527464264996453,3.895,,0
2023-09-20 00:27:55,5.548,7.13,5.947,1.408,18.979124985497517,3.8975,,0
2023-09-20 00:27:56,5.548,5.942,5.846,1.408,18.908587489848262,3.9,30.0,0
2023-09-20 00:27:57,5.152,6.338,5.745,1.308,18.798911242893784,3.9,30.0,0
2023-09-20 00:27:58,5.152,6.338,5.644,1.207,18.66153787002565,3.9825,,0
2023-09-20 00:27:59,5.548,5.942,5.947,1.408,18.71657650901796,4.065,,0
2023-09-20 00:28:00,5.548,6.338,5.745,1.308,18.78330355631257,4.1475,,0
2023-09-20 00:28:01,5.548,6.734,5.745,1.308,18.9488124894188,4.23,29.0,0
2023-09-20 00:28:02,5.152,6.734,5.644,1.207,18.88526874259316,4.23,29.0,0
2023-09-20 00:28:03,5.152,6.734,5.644,1.107,18.81078811981521,4.245,,0
2023-09-20 00:28:04,5.548,6.734,5.745,1.308,18.968051683870648,4.26,,0
2023-09-20 00:28:05,5.548,7.13,5.745,1.308,19.196936178709457,4.275,,0
2023-09-20 00:28:06,5.152,6.734,5.644,1.207,19.058955325096623,4.29,30.0,0
2023-09-20 00:28:07,5.152,6.734,5.644,1.207,18.962368727567636,4.29,30.0,0
2023-09-20 00:28:08,5.152,6.734,5.745,1.308,18.955358109297343,4.285,,0
2023-09-20 00:28:09,5.152,6.338,5.644,1.207,18.77105067650814,4.279999999999999,,0
2023-09-20 00:28:10,5.152,6.734,5.544,1.207,18.730835473555697,4.2749999999999995,,0
2023-09-20 00:28:11,5.548,5.942,5.846,1.308,18.704784831488986,4.27,30.0,0
2023-09-20 00:28:12,5.548,7.13,5.947,1.408,19.10324938204229,4.27,30.0,0
2023-09-20 00:28:13,5.152,6.734,5.745,1.207,19.0236745674296,4.285,,0
2023-09-20 00:28:14,5.548,7.527,5.745,1.308,19.35497219720072,4.3,,0
2023-09-20 00:28:15,5.548,7.527,5.745,1.308,19.586880538040504,4.3149999999999995,,0
2023-09-20 00:28:16,5.152,7.527,5.644,1.207,19.569816376628353,4.33,31.0,0
2023-09-20 00:28:17,5.152,5.942,5.644,1.207,19.08237146363985,4.33,31.0,0
2023-09-20 00:28:18,5.548,6.734,5.846,1.308,19.188460024547894,4.3425,,0
2023-09-20 00:28:19,5.548,6.734,5.745,1.308,19.232422017183527,4.355,,0
2023-09-20 00:28:20,5.548,6.734,5.846,1.308,19.29349541202847,4.3675,,0
2023-09-20 00:28:21,5.152,7.13,5.745,1.308,19.30594678841993,4.38,30.0,0
2023-09-20 00:28:22,5.152,4.753,5.443,1.107,18.45066275189395,4.38,30.0,0
2023-09-20 00:28:23,5.548,6.338,5.947,1.408,18.687763926325765,4.3725,,0
2023-09-20 00:28:24,5.548,6.734,6.148,1.509,19.063134748428034,4.365,,0
2023-09-20 00:28:25,5.548,4.753,5.644,1.207,18.489794323899623,4.3575,,0
2023-09-20 00:28:26,5.548,6.338,6.048,1.509,18.775756026729734,4.35,27.0,0
2023-09-20 00:28:27,5.55,5.942,6.148,1.61,18.918029218710814,4.35,27.0,0
2023-09-20 00:28:29,5.548,5.546,5.947,1.408,18.77732045309757,4.366666666666666,,0
2023-09-20 00:28:30,5.548,7.13,5.947,1.408,19.1540243171683,4.383333333333334,,0
2023-09-20 00:28:31,5.55,7.133,5.947,1.408,19.41921702201781,4.4,31.0,0
2023-09-20 00:28:32,5.152,7.13,5.644,1.207,19.333351915412468,4.4,31.0,0
2023-09-20 00:28:33,5.152,7.527,5.544,1.107,19.332346340788725,4.3925,,0
2023-09-20 00:28:34,5.154,7.527,5.544,1.107,19.332242438552107,4.385,,0
2023-09-20 00:28:35,5.152,7.13,5.544,1.107,19.212469706986475,4.3775,,0
2023-09-20 00:28:36,5.154,6.737,5.443,1.107,18.98102879489053,4.37,31.0,0
2023-09-20 00:28:37,5.548,7.13,5.745,1.308,19.206020156423374,4.37,31.0,0
2023-09-20 00:28:38,5.548,7.13,5.846,1.308,19.39381410949636,4.3625,,0
2023-09-20 00:28:39,5.548,6.734,5.846,1.408,19.436469876647454,4.355,,0
2023-09-20 00:28:40,5.548,6.734,5.846,1.408,19.466328913653214,4.3475,,0
2023-09-20 00:28:41,5.55,5.548,5.947,1.408,19.16233023955725,4.34,30.0,0
2023-09-20 00:28:42,5.548,6.338,5.846,1.408,19.155631167690075,4.34,30.0,0
2023-09-20 00:28:43,5.548,5.942,5.745,1.308,18.97184181738305,4.3525,,0
2023-09-20 00:28:44,5.152,5.942,5.745,1.207,18.69408927216814,4.365,,0
2023-09-20 00:28:45,5.152,5.942,5.644,1.207,18.469362490517696,4.3774999999999995,,0
2023-09-20 00:28:46,5.548,5.546,5.846,1.408,18.43295374336239,4.39,30.0,0
2023-09-20 00:28:47,5.548,6.338,5.846,1.308,18.61506762035367,4.39,30.0,0
2023-09-20 00:28:48,5.548,6.734,5.846,1.408,18.89134733424757,4.4025,,0
2023-09-20 00:28:49,5.152,7.527,5.544,1.107,19.0229431339733,4.415,,0
2023-09-20 00:28:50,5.152,7.13,5.544,1.107,18.99596019378131,4.4275,,0
2023-09-20 00:28:51,5.548,7.13,5.745,1.308,19.216472135646917,4.44,31.0,0
2023-09-20 00:28:52,5.548,6.338,5.846,1.308,19.16353049495284,4.44,31.0,0
2023-09-20 00:28:53,5.548,6.734,5.947,1.512,19.33677134646699,4.452500000000001,,0
2023-09-20 00:28:54,5.548,6.734,5.947,1.411,19.42773994252689,4.465,,0
2023-09-20 00:28:55,5.548,7.13,5.947,1.408,19.609317959768827,4.4775,,0
2023-09-20 00:28:56,5.152,7.13,5.745,1.308,19.52702257183818,4.49,31.0,0
2023-09-20 00:28:57,5.154,5.546,5.745,1.308,18.994815800286727,4.49,31.0,0
2023-09-20 00:28:58,5.548,6.338,5.745,1.308,18.97807106020071,4.5,,0
2023-09-20 00:28:59,5.548,6.734,6.048,1.509,19.236349742140494,4.51,,0
2023-09-20 00:29:00,5.548,7.527,5.846,1.408,19.564144819498345,4.5200000000000005,,0
2023-09-20 00:29:01,5.152,7.13,5.544,1.207,19.404801373648844,4.53,30.0,0
2023-09-20 00:29:02,5.548,7.527,5.745,1.308,19.621760961554187,4.53,30.0,0
2023-09-20 00:29:03,5.152,7.923,5.846,1.308,19.80393267308793,4.54,,0
2023-09-20 00:29:04,5.548,5.546,5.846,1.408,19.367152871161554,4.550000000000001,,0
2023-09-20 00:29:05,5.548,6.734,5.947,1.408,19.44810700981309,4.5600000000000005,,0
2023-09-20 00:29:06,5.548,6.338,5.846,1.408,19.35567490686916,4.57,30.0,0
2023-09-20 00:29:07,5.152,7.527,5.745,1.207,19.43827243480841,4.57,30.0,0
2023-09-20 00:29:08,5.152,7.527,5.544,1.107,19.405790704365888,4.5575,,0
2023-09-20 00:29:09,5.152,7.527,5.544,1.107,19.383053493056124,4.545,,0
2023-09-20 00:29:10,5.152,6.734,5.544,1.107,19.12923744513929,4.5325,,0
2023-09-20 00:29:12,5.548,7.13,5.745,1.308,19.309766211597502,4.52,31.0,0
2023-09-20 00:29:13,5.152,6.338,5.544,1.107,18.95913634811825,4.51,,0
2023-09-20 00:29:14,5.152,6.734,5.644,1.207,18.892495443682776,4.5,,0
2023-09-20 00:29:15,5.152,6.734,5.644,1.207,18.845846810577942,4.49,,0
2023-09-20 00:29:16,5.548,6.734,5.846,1.408,19.05289276740456,4.48,29.0,0
2023-09-20 00:29:17,5.152,6.734,5.644,1.207,18.958124937183193,4.48,29.0,0
2023-09-20 00:29:18,5.152,6.734,5.544,1.107,18.831787456028234,4.470000000000001,,0
2023-09-20 00:29:19,5.152,6.338,5.544,1.107,18.624551219219764,4.460000000000001,,0
2023-09-20 00:29:20,5.152,6.734,5.745,1.308,18.718885853453834,4.45,,0
2023-09-20 00:29:21,5.152,5.546,5.745,1.207,18.39822009741768,4.44,29.0,0
2023-09-20 00:29:22,5.548,6.734,5.947,1.408,18.769854068192377,4.44,29.0,0
2023-09-20 00:29:23,5.548,5.942,5.947,1.408,18.792397847734662,4.4325,,0
2023-09-20 00:29:24,5.55,5.942,6.048,1.509,18.869378493414263,4.425000000000001,,0
2023-09-20 00:29:25,5.548,6.338,5.846,1.408,18.950564945389985,4.4175,,0
2023-09-20 00:29:26,5.548,5.942,5.846,1.408,18.88859546177299,4.41,30.0,0
2023-09-20 00:29:27,5.152,6.734,5.644,1.207,18.843116823241093,4.41,30.0,0
2023-09-20 00:29:28,5.548,6.338,5.846,1.408,18.932181776268763,4.42,,0
2023-09-20 00:29:29,5.548,6.338,5.947,1.408,19.024827243388135,4.43,,0
2023-09-20 00:29:30,5.154,4.755,5.644,1.207,18.345379070371692,4.44,,0
2023-09-20 00:29:31,5.548,5.942,5.947,1.408,18.495265349260183,4.45,29.0,0
2023-09-20 00:29:32,5.55,6.734,6.148,1.509,18.928985744482127,4.45,29.0,0
2023-09-20 00:29:33,5.55,6.737,5.947,1.509,19.17319002113749,4.4625,,0
2023-09-20 00:29:34,5.154,7.13,5.745,1.308,19.222333014796245,4.475,,0
2023-09-20 00:29:35,5.154,6.737,5.544,1.107,19.01823311035737,4.4875,,0
2023-09-20 00:29:36,5.154,6.734,5.644,1.207,18.93446317725016,4.5,31.0,0
2023-09-20 00:29:37,5.152,5.942,5.644,1.207,18.63762422407511,4.5,31.0,0
2023-09-20 00:29:38,5.548,5.546,5.846,1.408,18.550736956852578,4.51,,0
2023-09-20 00:29:39,5.548,6.734,6.148,1.61,18.997515869796803,4.52,,0
2023-09-20 00:29:40,5.548,6.734,6.249,1.61,19.340561108857763,4.53,,0
2023-09-20 00:29:41,5.548,5.546,5.846,1.308,19.012792776200435,4.54,29.0,0
2023-09-20 00:29:42,5.548,5.546,5.846,1.408,18.813354943340304,4.54,29.0,0
2023-09-20 00:29:43,5.55,5.152,5.846,1.408,18.556148460338214,4.5475,,0
2023-09-20 00:29:44,5.548,5.15,5.846,1.308,18.34490392223675,4.555,,0
2023-09-20 00:29:45,5.548,5.942,5.846,1.408,18.464632745565723,4.5625,,0
2023-09-20 00:29:46,5.548,5.942,6.048,1.509,18.639342921896006,4.57,30.0,0
2023-09-20 00:29:47,5.548,6.338,6.048,1.509,18.8804400453272,4.57,30.0,0
2023-09-20 00:29:48,5.548,7.13,5.846,1.408,19.195908031729044,4.58,,0
2023-09-20 00:29:49,5.152,7.923,5.443,1.107,19.324635622210334,4.59,,0
2023-09-20 00:29:50,5.152,8.319,5.443,1.006,19.503244935547237,4.6000000000000005,,0
2023-09-20 00:29:51,5.152,8.319,5.443,1.006,19.628271454883063,4.61,32.0,0
2023-09-20 00:29:52,5.152,7.527,5.544,1.107,19.538790018418144,4.61,32.0,0
2023-09-20 00:29:54,5.152,6.734,5.644,1.207,19.2982530128927,4.62,,0
2023-09-20 00:29:55,5.548,5.942,5.745,1.308,19.07167710902489,4.63,,0
2023-09-20 00:29:56,5.548,5.942,5.846,1.408,18.973373976317422,4.64,30.0,0
2023-09-20 00:29:57,5.548,5.942,5.947,1.408,18.934861783422196,4.64,30.0,0
2023-09-20 00:29:58,5.548,6.338,6.048,1.509,19.087303248395536,4.6674999999999995,,0
2023-09-20 00:29:59,5.548,6.338,5.947,1.408,19.133412273876875,4.695,,0
2023-09-20 00:30:00,5.152,6.734,5.644,1.207,19.014488591713814,4.7225,,0
2023-09-20 00:30:01,5.548,6.338,5.846,1.308,19.02214201419967,4.75,30.0,0
2023-09-20 00:30:02,5.548,7.13,5.947,1.408,19.325399409939767,4.75,30.0,0
2023-09-20 00:30:03,5.548,6.338,5.846,1.408,19.269779586957835,4.755,,0
2023-09-20 00:30:04,5.548,7.13,5.947,1.408,19.498745710870487,4.76,,0
2023-09-20 00:30:05,5.55,6.341,5.947,1.408,19.422921997609343,4.765,,0
2023-09-20 00:30:06,5.548,6.338,5.947,1.408,19.36834539832654,4.77,31.0,0
2023-09-20 00:30:07,5.152,5.942,5.745,1.308,19.001941778828577,4.77,31.0,0
2023-09-20 00:30:08,5.548,6.734,5.947,1.408,19.192459245180004,4.7749999999999995,,0
2023-09-20 00:30:09,5.548,7.13,5.846,1.308,19.384321471626002,4.779999999999999,,0
2023-09-20 00:30:10,5.152,6.734,5.745,1.308,19.250725030138202,4.785,,0
2023-09-20 00:30:11,5.152,6.338,5.745,1.308,19.03840752109674,4.79,30.0,0
2023-09-20 00:30:12,5.548,6.734,5.947,1.408,19.21798526476772,4.79,30.0,0
2023-09-20 00:30:13,5.548,7.13,6.048,1.509,19.523089685337407,4.795,,0
2023-09-20 00:30:14,5.548,7.13,6.048,1.509,19.736662779736182,4.8,,0
2023-09-20 00:30:15,5.548,6.338,5.745,1.308,19.497363945815327,4.805,,0
2023-09-20 00:30:16,5.548,6.338,5.846,1.408,19.390154762070726,4.81,30.0,0
2023-09-20 00:30:17,5.548,5.942,5.947,1.408,19.22660833344951,4.81,30.0,0
2023-09-20 00:30:18,5.548,5.942,5.846,1.408,19.081825833414655,4.7924999999999995,,0
2023-09-20 00:30:19,5.152,6.734,5.644,1.207,18.978378083390258,4.775,,0
2023-09-20 00:30:20,5.152,7.527,5.544,1.107,19.08386465837318,4.7575,,0
2023-09-20 00:30:21,5.152,7.527,5.644,1.207,19.217705260861226,4.74,31.0,0
2023-09-20 00:30:22,5.152,7.527,5.544,1.107,19.25139368260286,4.74,31.0,0
2023-09-20 00:30:23,5.152,7.923,5.544,1.107,19.393775577821998,4.745,,0
2023-09-20 00:30:24,5.152,8.319,5.443,1.006,19.551642904475397,4.75,,0
2023-09-20 00:30:25,5.152,8.319,5.443,1.006,19.662150033132775,4.755,,0
2023-09-20 00:30:26,5.152,8.319,5.443,1.006,19.73950502319294,4.76,33.0,0
2023-09-20 00:30:27,5.152,5.942,5.544,1.107,19.141153516235057,4.76,33.0,0
2023-09-20 00:30:28,5.548,6.338,5.745,1.308,19.08050746136454,4.765,,0
2023-09-20 00:30:29,5.548,5.942,5.947,1.408,19.00985522295518,4.77,,0
2023-09-20 00:30:30,5.548,5.942,6.048,1.509,19.020998656068627,4.775,,0
2023-09-20 00:30:31,5.548,5.942,5.947,1.408,18.96819905924804,4.78,29.0,0
2023-09-20 00:30:32,5.548,6.734,5.947,1.408,19.16883934147363,4.78,29.0,0
2023-09-20 00:30:33,5.548,5.15,6.048,1.509,18.89468753903154,4.785,,0
2023-09-20 00:30:34,5.548,5.942,6.048,1.509,18.94038127732208,4.79,,0
2023-09-20 00:30:35,5.548,4.753,5.947,1.408,18.555066894125456,4.795,,0
2023-09-20 00:30:37,5.152,5.942,5.745,1.207,18.402346825887822,4.8,29.0,0
2023-09-20 00:30:38,5.152,6.338,5.644,1.207,18.383942778121476,4.8025,,0
2023-09-20 00:30:39,5.152,6.338,5.644,1.207,18.371059944685033,4.805,,0
2023-09-20 00:30:40,5.548,6.734,5.846,1.408,18.720541961279523,4.807499999999999,,0
2023-09-20 00:30:41,5.548,6.338,5.846,1.408,18.846379372895665,4.81,30.0,0
2023-09-20 00:30:42,5.152,6.338,5.644,1.207,18.694765561026966,4.81,30.0,0
2023-09-20 00:30:43,5.152,7.527,5.745,1.308,19.005935892718878,4.8149999999999995,,0
2023-09-20 00:30:44,5.548,7.527,5.745,1.308,19.342555124903214,4.82,,0
2023-09-20 00:30:45,5.152,7.527,5.644,1.207,19.39878858743225,4.825,,0
2023-09-20 00:30:46,5.152,6.734,5.544,1.207,19.170252011202574,4.83,30.0,0
2023-09-20 00:30:47,5.548,6.338,5.947,1.408,19.1914764078418,4.83,30.0,0
2023-09-20 00:30:48,5.548,6.734,6.048,1.509,19.38573348548926,4.8325,,0
2023-09-20 00:30:49,5.548,7.13,5.846,1.308,19.519613439842487,4.835,,0
2023-09-20 00:30:50,5.548,7.13,5.846,1.408,19.643329407889745,4.8375,,0
2023-09-20 00:30:51,5.152,7.13,5.644,1.207,19.490230585522824,4.84,30.0,0
2023-09-20 00:30:52,5.548,6.338,5.846,1.308,19.35516140986598,4.84,30.0,0
2023-09-20 00:30:53,5.55,6.338,5.846,1.408,19.291212986906185,4.845,,0
2023-09-20 00:30:54,5.55,6.338,5.947,1.408,19.27674909083433,4.85,,0
2023-09-20 00:30:55,5.548,6.734,5.745,1.308,19.29422436358403,4.855,,0
2023-09-20 00:30:56,5.152,6.734,5.544,1.107,19.06705705450882,4.86,31.0,0
2023-09-20 00:30:57,5.152,7.527,5.544,1.107,19.145939938156175,4.86,31.0,0
2023-09-20 00:30:58,5.152,7.527,5.544,1.107,19.201157956709324,4.8425,,0
2023-09-20 00:30:59,5.152,7.13,5.644,1.207,19.180710569696526,4.825,,0
2023-09-20 00:31:00,5.152,7.13,5.544,1.107,19.106397398787568,4.8075,,0
2023-09-20 00:31:01,5.152,6.338,5.544,1.107,18.816778179151296,4.79,31.0,0
2023-09-20 00:31:02,5.548,7.13,5.846,1.408,19.15134472540591,4.79,31.0,0
2023-09-20 00:31:03,5.548,7.13,5.947,1.408,19.415841307784138,4.7925,,0
2023-09-20 00:31:04,5.548,5.942,6.048,1.509,19.305188915448895,4.795,,0
2023-09-20 00:31:05,5.548,6.338,5.947,1.408,19.285932240814223,4.797499999999999,,0
2023-09-20 00:31:06,5.152,6.734,5.644,1.207,19.121252568569957,4.8,31.0,0
2023-09-20 00:31:07,5.152,7.527,5.644,1.207,19.24387679799897,4.8,31.0,0
2023-09-20 00:31:08,5.152,7.527,5.544,1.107,19.26971375859928,4.805,,0
2023-09-20 00:31:09,5.152,7.923,5.544,1.107,19.4065996310195,4.8100000000000005,,0
2023-09-20 00:31:10,5.152,7.527,5.443,1.006,19.32301974171365,4.815,,0
2023-09-20 00:31:11,5.152,7.923,5.644,1.207,19.503913819199557,4.82,32.0,0
2023-09-20 00:31:12,5.548,7.527,5.745,1.308,19.691139673439693,4.82,32.0,0
2023-09-20 00:31:13,5.152,7.13,5.745,1.308,19.584297771407787,4.825,,0
2023-09-20 00:31:14,5.548,7.13,5.947,1.408,19.718908439985455,4.83,,0
2023-09-20 00:31:15,5.548,6.734,5.745,1.308,19.60373590798982,4.835,,0
2023-09-20 00:31:16,5.548,6.734,5.846,1.308,19.55341513559287,4.84,31.0,0
2023-09-20 00:31:17,5.548,5.942,5.846,1.308,19.280590594915008,4.84,31.0,0
2023-09-20 00:31:19,5.548,6.338,5.846,1.308,19.208413416440504,4.843333333333333,,0
2023-09-20 00:31:20,5.548,6.338,5.947,1.408,19.21818939150835,4.846666666666667,,0
2023-09-20 00:31:21,5.152,6.734,5.644,1.207,19.073832574055846,4.85,30.0,0
2023-09-20 00:31:22,5.152,6.734,5.544,1.107,18.912782801839093,4.85,30.0,0
2023-09-20 00:31:23,5.152,7.13,5.544,1.207,18.948847961287367,4.8525,,0
2023-09-20 00:31:24,5.152,6.734,5.544,1.107,18.825293572901156,4.855,,0
2023-09-20 00:31:25,5.152,6.734,5.644,1.207,18.79880550103081,4.8575,,0
2023-09-20 00:31:26,5.152,6.734,5.544,1.207,18.750263850721566,4.86,31.0,0
2023-09-20 00:31:27,5.154,6.338,5.544,1.107,18.568084695505096,4.86,31.0,0
2023-09-20 00:31:28,5.548,6.734,5.745,1.308,18.798159286853565,4.862500000000001,,0
2023-09-20 00:31:29,5.548,7.13,5.846,1.308,19.108311500797498,4.865,,0
2023-09-20 00:31:30,5.548,6.734,5.846,1.308,19.206618050558248,4.8675,,0
2023-09-20 00:31:31,5.548,7.13,5.947,1.408,19.454532635390777,4.87,30.0,0
2023-09-20 00:31:32,5.548,7.527,5.846,1.308,19.686872844773543,4.87,30.0,0
2023-09-20 00:31:33,5.152,7.13,5.544,1.107,19.46071099134148,4.8725000000000005,,0
2023-09-20 00:31:34,5.154,7.13,5.644,1.207,19.362997693939032,4.875,,0
2023-09-20 00:31:35,5.548,7.13,5.846,1.408,19.533698385757326,4.8774999999999995,,0
2023-09-20 00:31:36,5.548,6.338,6.048,1.509,19.50648887003013,4.88,30.0,0
2023-09-20 00:31:37,5.55,6.734,6.048,1.509,19.60684220902109,4.88,30.0,0
2023-09-20 00:31:38,5.548,6.338,6.048,1.509,19.557689546314762,4.8825,,0
2023-09-20 00:31:39,5.548,6.734,5.947,1.408,19.581482682420337,4.885,,0
2023-09-20 00:31:40,5.154,5.944,5.745,1.308,19.152337877694237,4.887499999999999,,0
2023-09-20 00:31:41,5.548,7.13,5.846,1.308,19.35623651438597,4.89,31.0,0
2023-09-20 00:31:42,5.548,7.13,6.048,1.509,19.619865560070178,4.89,31.0,0
2023-09-20 00:31:43,5.548,6.338,6.048,1.509,19.56680589204912,4.8925,,0
2023-09-20 00:31:44,5.548,5.942,6.148,1.61,19.471164124434384,4.895,,0
2023-09-20 00:31:45,5.548,4.357,5.947,1.408,18.80781488710407,4.8975,,0
2023-09-20 00:31:46,5.548,5.546,6.148,1.509,18.79077042097285,4.9,28.0,0
2023-09-20 00:31:47,5.548,5.942,6.35,1.71,19.018539294680995,4.9,28.0,0
2023-09-20 00:31:48,5.548,5.942,6.148,1.61,19.087377506276695,4.8825,,0
2023-09-20 00:31:49,5.548,6.338,6.249,1.61,19.28466425439369,4.865,,0
2023-09-20 00:31:50,5.548,5.15,5.947,1.408,18.915164978075584,4.8475,,0
2023-09-20 00:31:51,5.548,6.338,5.846,1.308,18.952615484652906,4.83,28.0,0
2023-09-20 00:31:52,5.548,6.338,6.048,1.509,19.099730839257035,4.83,28.0,0
2023-09-20 00:31:53,5.548,6.338,6.148,1.509,19.232711587479923,4.8325,,0
2023-09-20 00:31:54,5.548,5.546,5.846,1.408,18.967298111235948,4.835,,0
2023-09-20 00:31:55,5.548,5.942,5.947,1.408,18.930608677865163,4.8375,,0
2023-09-20 00:31:56,5.548,7.13,5.947,1.408,19.261326074505615,4.84,30.0,0
2023-09-20 00:31:57,5.548,7.13,5.947,1.408,19.492828252153927,4.84,30.0,0
2023-09-20 00:31:58,5.548,7.13,6.048,1.509,19.71547977650775,4.846666666666667,,0
2023-09-20 00:31:59,5.548,7.13,6.048,1.509,19.87133584355542,4.8533333333333335,,0
2023-09-20 00:32:01,5.548,7.527,5.846,1.308,19.978635090488794,4.86,32.0,0
2023-09-20 00:32:02,5.548,7.13,5.846,1.308,19.934644563342157,4.86,32.0,0
2023-09-20 00:32:03,5.548,7.527,5.745,1.308,19.99265119433951,4.8425,,0
2023-09-20 00:32:04,5.548,6.734,5.745,1.308,19.795355836037658,4.825,,0
2023-09-20 00:32:05,5.548,6.734,6.048,1.509,19.808449085226357,4.8075,,0
2023-09-20 00:32:06,5.55,5.944,6.249,1.61,19.67181435965845,4.79,30.0,0
2023-09-20 00:32:07,5.55,5.944,6.148,1.61,19.54587005176091,4.79,30.0,0
2023-09-20 00:32:08,5.548,5.942,6.048,1.509,19.396209036232637,4.7925,,0
2023-09-20 00:32:09,5.548,5.942,6.048,1.509,19.291446325362845,4.795,,0
2023-09-20 00:32:10,5.548,6.734,6.148,1.61,19.516012427753992,4.797499999999999,,0
2023-09-20 00:32:11,5.548,6.338,6.249,1.61,19.584708699427793,4.8,31.0,0
2023-09-20 00:32:12,5.548,5.15,6.148,1.509,19.215796089599454,4.8,31.0,0
2023-09-20 00:32:13,5.548,5.546,6.148,1.61,19.10665726271962,4.805,,0
2023-09-20 00:32:14,5.548,5.942,6.249,1.71,19.209360083903732,4.8100000000000005,,0
2023-09-20 00:32:15,5.548,7.13,6.048,1.509,19.517052058732613,4.815,,0
2023-09-20 00:32:16,5.55,6.734,5.947,1.408,19.55363644111283,4.82,30.0,0
2023-09-20 00:32:17,5.548,6.734,5.846,1.408,19.54834550877898,4.82,30.0,0
2023-09-20 00:32:18,5.548,6.338,5.947,1.408,19.456141856145283,4.8225,,0
2023-09-20 00:32:19,5.55,5.942,5.947,1.509,19.303699299301698,4.825,,0
2023-09-20 00:32:20,5.55,6.734,6.048,1.509,19.464889509511192,4.827500000000001,,0
2023-09-20 00:32:21,5.55,6.737,6.048,1.509,19.578622656657835,4.83,31.0,0
2023-09-20 00:32:22,5.55,6.737,5.846,1.408,19.567335859660485,4.83,31.0,0
2023-09-20 00:32:23,5.55,7.133,5.846,1.408,19.67823510176234,4.8149999999999995,,0
2023-09-20 00:32:24,5.55,7.13,5.846,1.308,19.724964571233638,4.8,,0
2023-09-20 00:32:25,5.548,5.942,5.947,1.408,19.460975199863547,4.785,,0
2023-09-20 00:32:26,5.548,5.546,5.947,1.509,19.18768263990448,4.77,29.0,0
2023-09-20 00:32:27,5.55,5.152,5.947,1.509,18.878777847933137,4.77,29.0,0
2023-09-20 00:32:28,5.55,5.942,6.048,1.509,18.929844493553198,4.7749999999999995,,0
2023-09-20 00:32:29,5.55,6.734,6.148,1.509,19.23319114548724,4.779999999999999,,0
2023-09-20 00:32:30,5.55,7.133,6.048,1.509,19.53523380184107,4.785,,0
2023-09-20 00:32:31,5.55,7.133,6.048,1.509,19.74666366128875,4.79,31.0,0
2023-09-20 00:32:32,5.55,6.341,6.048,1.509,19.65706456290212,4.79,31.0,0
2023-09-20 00:32:33,5.548,4.753,5.846,1.308,18.996445194031484,4.7524999999999995,,0
2023-09-20 00:32:34,5.548,5.546,5.947,1.408,18.83221163582204,4.715,,0
2023-09-20 00:32:35,5.548,5.546,5.947,1.408,18.71724814507543,4.6775,,0
2023-09-20 00:32:36,5.548,5.546,5.947,1.509,18.6670737015528,4.64,28.0,0
2023-09-20 00:32:37,5.548,5.546,6.148,1.509,18.692251591086958,4.64,28.0,0
2023-09-20 00:32:38,5.55,5.944,5.947,1.408,18.739276113760873,4.64,,0
2023-09-20 00:32:39,5.548,6.338,6.048,1.509,18.95039327963261,4.64,,0
2023-09-20 00:32:40,5.55,6.338,6.048,1.509,19.09877529574283,4.64,,0
2023-09-20 00:32:41,5.55,5.942,5.745,1.207,18.90234270701998,4.64,31.0,0
2023-09-20 00:32:43,5.548,7.13,5.846,1.408,19.211239894913987,4.6475,,0
2023-09-20 00:32:44,5.548,6.734,6.048,1.509,19.39956792643979,4.654999999999999,,0
2023-09-20 00:32:45,5.55,6.734,5.947,1.408,19.471397548507852,4.6625,,0
2023-09-20 00:32:46,5.548,5.942,5.947,1.509,19.313778283955497,4.67,29.0,0
2023-09-20 00:32:47,5.548,5.546,6.148,1.509,19.144944798768847,4.67,29.0,0
2023-09-20 00:32:48,5.548,6.338,5.947,1.408,19.173761359138194,4.6775,,0
2023-09-20 00:32:49,5.548,6.338,5.846,1.308,19.133632951396734,4.6850000000000005,,0
2023-09-20 00:32:50,5.548,6.734,5.846,1.408,19.254343065977718,4.6925,,0
2023-09-20 00:32:51,5.152,6.734,5.644,1.207,19.099140146184403,4.7,31.0,0
2023-09-20 00:32:52,5.548,6.338,5.745,1.308,19.05109810232908,4.7,31.0,0
2023-09-20 00:32:53,5.548,7.13,5.947,1.509,19.37596867163036,4.705,,0
2023-09-20 00:32:54,5.548,7.13,6.048,1.509,19.63367807014125,4.71,,0
2023-09-20 00:32:55,5.548,7.13,6.048,1.509,19.814074649098878,4.715,,0
2023-09-20 00:32:56,5.548,6.338,6.148,1.509,19.732752254369213,4.72,31.0,0
2023-09-20 00:32:57,5.548,6.338,6.048,1.509,19.645826578058447,4.72,31.0,0
2023-09-20 00:32:58,5.152,5.942,5.745,1.308,19.196178604640913,4.7875,,0
2023-09-20 00:32:59,5.55,5.944,5.846,1.308,19.03172502324864,4.855,,0
2023-09-20 00:33:00,5.548,5.942,6.048,1.509,19.03630751627405,4.9225,,0
2023-09-20 00:33:01,5.548,6.338,6.048,1.509,19.158315261391834,4.99,30.0,0
2023-09-20 00:33:02,5.548,6.338,6.048,1.509,19.243720682974285,4.99,30.0,0
2023-09-20 00:33:03,5.548,6.338,6.148,1.61,19.363804478082,4.99,,0
2023-09-20 00:33:04,5.548,5.546,6.048,1.509,19.1499631346574,4.99,,0
2023-09-20 00:33:05,5.548,4.753,5.846,1.308,18.64147419426018,4.99,,0
2023-09-20 00:33:06,5.548,5.15,5.947,1.509,18.495231935982126,4.99,29.0,0
2023-09-20 00:33:07,5.548,5.546,6.148,1.61,18.602262355187488,4.99,29.0,0
2023-09-20 00:33:08,5.548,5.546,6.249,1.61,18.70748364863124,4.99,,0
2023-09-20 00:33:09,5.548,6.734,6.249,1.61,19.137538554041868,4.99,,0
2023-09-20 00:33:10,5.548,5.942,6.148,1.61,19.170676987829307,4.99,,0
2023-09-20 00:33:11,5.548,6.338,5.947,1.408,19.191773891480516,4.99,31.0,0
2023-09-20 00:33:12,5.152,6.734,5.644,1.207,19.055341724036364,4.99,31.0,0
2023-09-20 00:33:13,5.152,6.734,5.644,1.207,18.959839206825453,5.01,,0
2023-09-20 00:33:14,5.152,6.734,5.644,1.207,18.892987444777816,5.03,,0
2023-09-20 00:33:15,5.548,5.546,5.846,1.308,18.699491211344473,5.050000000000001,,0
2023-09-20 00:33:16,5.548,6.338,6.148,1.509,18.95254384794113,5.07,29.0,0
2023-09-20 00:33:17,5.548,5.546,6.35,1.71,19.01298069355879,5.07,29.0,0
2023-09-20 00:33:18,5.548,5.942,6.451,1.71,19.204386485491153,5.0675,,0
2023-09-20 00:33:19,5.548,5.546,6.35,1.71,19.189270539843807,5.0649999999999995,,0
2023-09-20 00:33:20,5.548,5.15,6.148,1.61,18.969289377890664,5.0625,,0
2023-09-20 00:33:21,5.548,5.546,6.249,1.61,18.964402564523464,5.06,30.0,0
2023-09-20 00:33:22,5.548,5.942,6.35,1.71,19.140081795166427,5.06,30.0,0
2023-09-20 00:33:23,5.548,6.338,6.35,1.71,19.3818572566165,5.033333333333333,,0
2023-09-20 00:33:25,5.548,7.13,6.048,1.509,19.63780007963155,5.006666666666667,,0
2023-09-20 00:33:26,5.548,7.13,6.048,1.509,19.816960055742086,4.98,32.0,0
2023-09-20 00:33:27,5.548,6.734,5.947,1.408,19.762972039019463,4.98,32.0,0
2023-09-20 00:33:28,5.548,4.753,5.846,1.408,19.100580427313623,4.98,,0
2023-09-20 00:33:29,5.548,5.942,6.048,1.509,19.08450629911954,4.98,,0
2023-09-20 00:33:30,5.548,5.942,6.148,1.61,19.133554409383677,4.98,,0
2023-09-20 00:33:31,5.548,6.734,6.048,1.509,19.345188086568573,4.98,29.0,0
2023-09-20 00:33:32,5.548,7.13,6.048,1.509,19.612131660598003,4.98,29.0,0
2023-09-20 00:33:33,5.548,7.527,5.846,1.408,19.8271921624186,4.98,,0
2023-09-20 00:33:34,5.152,7.13,5.644,1.207,19.61893451369302,4.98,,0
2023-09-20 00:33:35,5.548,7.13,5.745,1.308,19.652554159585115,4.98,,0
2023-09-20 00:33:36,5.548,7.13,6.048,1.509,19.827287911709583,4.98,31.0,0
2023-09-20 00:33:37,5.548,5.942,6.148,1.61,19.653501538196707,4.98,31.0,0
2023-09-20 00:33:38,5.548,5.942,6.249,1.61,19.562151076737695,4.98,,0
2023-09-20 00:33:39,5.55,5.942,6.249,1.61,19.498805753716386,4.98,,0
2023-09-20 00:33:40,5.548,5.15,6.148,1.61,19.185964027601468,4.98,,0
2023-09-20 00:33:41,5.548,5.15,5.846,1.308,18.785774819321027,4.98,29.0,0
2023-09-20 00:33:42,5.548,5.942,6.048,1.509,18.86414237352472,4.98,29.0,0
2023-09-20 00:33:43,5.548,5.546,6.148,1.61,18.860499661467305,4.960000000000001,,0
2023-09-20 00:33:44,5.55,5.548,6.148,1.509,18.82884976302711,4.94,,0
2023-09-20 00:33:45,5.55,5.548,6.148,1.61,18.83699483411898,4.92,,0
2023-09-20 00:33:46,5.548,5.546,6.148,1.509,18.811196383883285,4.9,30.0,0
2023-09-20 00:33:47,5.55,5.944,6.048,1.509,18.8831374687183,4.9,30.0,0
2023-09-20 00:33:48,5.548,6.734,5.947,1.408,19.10929622810281,4.9025,,0
2023-09-20 00:33:49,5.548,6.734,5.947,1.408,19.267607359671967,4.905,,0
2023-09-20 00:33:50,5.55,6.734,5.947,1.408,19.379025151770374,4.907500000000001,,0
2023-09-20 00:33:51,5.55,7.13,6.048,1.509,19.636417606239263,4.91,31.0,0
2023-09-20 00:33:52,5.548,6.338,6.148,1.509,19.608392324367482,4.91,31.0,0
2023-09-20 00:33:53,5.55,6.341,6.148,1.509,19.590274627057237,4.9125,,0
2023-09-20 00:33:54,5.548,6.338,5.947,1.509,19.515792238940065,4.915,,0
2023-09-20 00:33:55,5.55,5.546,6.048,1.509,19.25695456725805,4.9175,,0
2023-09-20 00:33:56,5.55,5.152,6.148,1.509,18.987568197080634,4.92,29.0,0
2023-09-20 00:33:57,5.55,5.944,6.148,1.61,19.066897737956445,4.92,29.0,0
2023-09-20 00:33:58,5.55,5.548,6.148,1.509,18.97332841656951,4.922499999999999,,0
2023-09-20 00:33:59,5.55,6.338,6.148,1.61,19.175129891598658,4.925,,0
2023-09-20 00:34:00,5.55,6.341,6.249,1.61,19.34759092411906,4.9275,,0
2023-09-20 00:34:01,5.55,5.944,6.148,1.509,19.288613646883345,4.93,31.0,0
2023-09-20 00:34:02,5.55,4.359,5.947,1.509,18.71152955281834,4.93,31.0,0
2023-09-20 00:34:03,5.55,5.548,5.947,1.408,18.633970686972837,4.93,,0
2023-09-20 00:34:04,5.55,5.944,6.148,1.61,18.819379480880986,4.93,,0
2023-09-20 00:34:05,5.55,6.341,6.249,1.61,19.09856563661669,4.93,,0
2023-09-20 00:34:06,5.55,6.737,6.048,1.509,19.322195945631687,4.93,29.0,0
2023-09-20 00:34:08,5.55,7.133,6.048,1.509,19.59753716194218,4.9325,,0
2023-09-20 00:34:09,5.548,6.734,6.048,1.509,19.669976013359527,4.9350000000000005,,0
2023-09-20 00:34:10,5.55,7.53,5.947,1.408,19.89948320935167,4.9375,,0
2023-09-20 00:34:11,5.154,7.527,5.644,1.207,19.78923824654617,4.94,32.0,0
2023-09-20 00:34:12,5.55,7.133,5.745,1.308,19.773266772582318,4.94,32.0,0
2023-09-20 00:34:13,5.548,7.13,5.846,1.408,19.820886740807623,4.94,,0
2023-09-20 00:34:14,5.548,6.338,5.947,1.408,19.646920718565337,4.94,,0
2023-09-20 00:34:15,5.548,6.338,5.846,1.408,19.494844502995733,4.94,,0
2023-09-20 00:34:16,5.548,6.338,5.947,1.408,19.41869115209701,4.94,31.0,0
2023-09-20 00:34:17,5.548,6.734,5.745,1.308,19.39358380646791,4.94,31.0,0
2023-09-20 00:34:18,5.152,6.734,5.544,1.107,19.136608664527536,4.9225,,0
2023-09-20 00:34:19,5.548,6.734,5.745,1.308,19.196126065169274,4.905,,0
2023-09-20 00:34:20,5.548,7.13,5.846,1.408,19.41688824561849,4.8875,,0
2023-09-20 00:34:21,5.548,6.338,5.947,1.408,19.364121771932943,4.87,31.0,0
2023-09-20 00:34:22,5.548,6.338,5.947,1.408,19.32718524035306,4.87,31.0,0
2023-09-20 00:34:23,5.548,6.338,5.846,1.408,19.27102966824714,4.8725000000000005,,0
2023-09-20 00:34:24,5.548,7.13,5.947,1.408,19.499620767772996,4.875,,0
2023-09-20 00:34:25,5.152,6.734,5.644,1.207,19.270834537441097,4.8774999999999995,,0
2023-09-20 00:34:26,5.548,7.13,5.846,1.308,19.43918417620877,4.88,31.0,0
2023-09-20 00:34:27,5.548,6.338,5.846,1.308,19.319428923346138,4.88,31.0,0
2023-09-20 00:34:28,5.548,6.338,6.048,1.509,19.356500246342296,4.8825,,0
2023-09-20 00:34:29,5.548,6.338,6.148,1.61,19.442750172439606,4.885,,0
2023-09-20 00:34:30,5.548,6.338,6.249,1.61,19.533425120707722,4.887499999999999,,0
2023-09-20 00:34:31,5.548,6.338,6.148,1.61,19.566597584495405,4.89,31.0,0
2023-09-20 00:34:32,5.548,6.338,6.048,1.509,19.529518309146784,4.89,31.0,0
2023-09-20 00:34:33,5.548,6.338,6.148,1.509,19.53356281640275,4.8925,,0
2023-09-20 00:34:34,5.548,6.734,5.947,1.408,19.564593971481926,4.895,,0
2023-09-20 00:34:35,5.548,7.527,5.846,1.308,19.76391578003735,4.8975,,0
2023-09-20 00:34:36,5.548,7.527,5.745,1.308,19.873141046026145,4.9,32.0,0
2023-09-20 00:34:37,5.55,7.527,5.846,1.408,20.010498732218306,4.9,32.0,0
2023-09-20 00:34:38,5.154,7.13,5.544,1.107,19.68784911255281,4.9025,,0
2023-09-20 00:34:39,5.154,6.341,5.644,1.207,19.285294378786972,4.905,,0
2023-09-20 00:34:40,5.152,6.338,5.644,1.207,19.00200606515088,4.907500000000001,,0
2023-09-20 00:34:41,5.154,6.734,5.644,1.207,18.923104245605614,4.91,30.0,0
2023-09-20 00:34:42,5.152,7.527,5.544,1.107,19.04517297192393,4.91,30.0,0
2023-09-20 00:34:43,5.152,7.923,5.443,1.107,19.21912108034675,4.91,,0
2023-09-20 00:34:44,5.152,8.319,5.443,1.006,19.429384756242726,4.91,,0
2023-09-20 00:34:45,5.152,7.13,5.443,1.107,19.25016932936991,4.91,,0
2023-09-20 00:34:46,5.548,7.527,5.745,1.308,19.513518530558937,4.91,32.0,0
2023-09-20 00:34:47,5.548,7.13,5.947,1.408,19.66936297139126,4.91,32.0,0
2023-09-20 00:34:48,5.548,6.734,5.745,1.308,19.56905407997388,4.913333333333333,,0
2023-09-20 00:34:50,5.548,6.338,5.947,1.408,19.470637855981717,4.916666666666667,,0
2023-09-20 00:34:51,5.548,5.546,6.148,1.61,19.285046499187203,4.92,30.0,0
2023-09-20 00:34:52,5.548,5.942,6.35,1.71,19.364532549431043,4.92,30.0,0
2023-09-20 00:34:53,5.548,5.942,6.048,1.509,19.26927278460173,4.922499999999999,,0
2023-09-20 00:34:54,5.548,6.734,6.249,1.61,19.53079094922121,4.925,,0
2023-09-20 00:34:55,5.548,6.338,6.148,1.509,19.534453664454848,4.9275,,0
2023-09-20 00:34:56,5.548,6.338,6.249,1.71,19.627617565118392,4.93,31.0,0
2023-09-20 00:34:57,5.548,6.338,6.148,1.61,19.632532295582877,4.93,31.0,0
2023-09-20 00:34:58,5.548,6.338,6.048,1.509,19.575672606908014,4.91,,0
2023-09-20 00:34:59,5.548,5.942,6.048,1.509,19.417070824835612,4.89,,0
2023-09-20 00:35:00,5.548,6.734,5.745,1.308,19.392449577384927,4.869999999999999,,0
2023-09-20 00:35:01,5.152,6.338,5.544,1.207,19.04701470416945,4.85,30.0,0
2023-09-20 00:35:02,5.152,7.527,5.544,1.107,19.13191029291861,4.85,30.0,0
2023-09-20 00:35:03,5.152,7.527,5.544,1.107,19.191337205043027,4.8549999999999995,,0
2023-09-20 00:35:04,5.152,6.734,5.644,1.207,19.05503604353012,4.859999999999999,,0
2023-09-20 00:35:05,5.548,6.734,5.947,1.408,19.229625230471086,4.865,,0
2023-09-20 00:35:06,5.548,7.13,6.048,1.509,19.531237661329758,4.87,31.0,0
2023-09-20 00:35:07,5.548,7.13,5.947,1.408,19.68176636293083,4.87,31.0,0
2023-09-20 00:35:08,5.548,6.734,5.947,1.408,19.66833645405158,4.8725000000000005,,0
2023-09-20 00:35:09,5.548,6.734,6.048,1.509,19.719535517836107,4.875,,0
2023-09-20 00:35:10,5.548,7.13,6.048,1.509,19.874174862485273,4.8774999999999995,,0
2023-09-20 00:35:11,5.548,6.734,5.947,1.408,19.803022403739693,4.88,32.0,0
2023-09-20 00:35:12,5.548,6.338,6.148,1.509,19.725015682617784,4.88,32.0,0
2023-09-20 00:35:13,5.548,5.546,6.048,1.509,19.40281097783245,4.8825,,0
2023-09-20 00:35:14,5.548,5.546,6.148,1.61,19.237567684482713,4.885,,0
2023-09-20 00:35:15,5.548,5.942,5.947,1.408,19.1197973791379,4.887499999999999,,0
2023-09-20 00:35:16,5.548,5.942,6.048,1.509,19.09795816539653,4.89,30.0,0
2023-09-20 00:35:17,5.548,6.338,6.249,1.61,19.29207071577757,4.89,30.0,0
2023-09-20 00:35:18,5.548,5.942,6.148,1.509,19.248549501044298,4.8725,,0
2023-09-20 00:35:19,5.548,5.15,6.148,1.61,19.01078465073101,4.855,,0
2023-09-20 00:35:20,5.548,5.942,6.35,1.71,19.17254925551171,4.8375,,0
2023-09-20 00:35:21,5.548,5.942,6.249,1.61,19.2254844788582,4.82,30.0,0
2023-09-20 00:35:22,5.548,5.15,6.249,1.71,19.05493913520074,4.82,30.0,0
2023-09-20 00:35:23,5.548,5.942,6.249,1.61,19.143157394640518,4.8225,,0
2023-09-20 00:35:24,5.548,6.338,6.148,1.509,19.26311017624836,4.825,,0
2023-09-20 00:35:25,5.548,5.942,5.947,1.408,19.137677123373855,4.827500000000001,,0
2023-09-20 00:35:26,5.548,6.338,5.947,1.408,19.1686739863617,4.83,29.0,0
2023-09-20 00:35:27,5.548,5.942,5.846,1.308,19.01127179045319,4.83,29.0,0
2023-09-20 00:35:28,5.548,5.546,6.048,1.509,18.903190253317234,4.8125,,0
2023-09-20 00:35:29,5.548,6.338,6.148,1.509,19.095133177322065,4.795,,0
2023-09-20 00:35:30,5.548,5.546,6.249,1.61,19.052493224125445,4.7775,,0
2023-09-20 00:35:32,5.548,5.546,6.249,1.71,19.05264525688781,4.76,30.0,0
2023-09-20 00:35:33,5.548,6.338,6.148,1.61,19.230051679821464,4.765,,0
2023-09-20 00:35:34,5.548,6.734,6.048,1.408,19.38243617587503,4.77,,0
2023-09-20 00:35:35,5.548,6.734,5.947,1.408,19.458805323112518,4.775,,0
2023-09-20 00:35:36,5.548,7.13,6.048,1.509,19.691663726178763,4.78,32.0,0
2023-09-20 00:35:37,5.548,7.527,5.846,1.308,19.852864608325135,4.78,32.0,0
2023-09-20 00:35:38,5.152,7.527,5.745,1.308,19.81660522582759,4.785,,0
2023-09-20 00:35:39,5.548,7.527,5.846,1.308,19.940323658079315,4.79,,0
2023-09-20 00:35:40,5.548,7.13,5.846,1.308,19.907826560655522,4.795,,0
2023-09-20 00:35:41,5.548,6.338,5.947,1.408,19.707778592458865,4.8,31.0,0
2023-09-20 00:35:42,5.548,5.942,6.148,1.509,19.539545014721206,4.8,31.0,0
2023-09-20 00:35:43,5.548,5.942,6.048,1.509,19.391781510304845,4.805,,0
2023-09-20 00:35:44,5.548,6.338,6.148,1.61,19.46744705721339,4.8100000000000005,,0
2023-09-20 00:35:45,5.152,7.527,5.745,1.308,19.546812940049374,4.815,,0
2023-09-20 00:35:46,5.152,7.527,5.745,1.308,19.602369058034565,4.82,31.0,0
2023-09-20 00:35:47,5.548,6.734,5.846,1.408,19.5824583406242,4.82,31.0,0
2023-09-20 00:35:48,5.548,6.734,5.846,1.308,19.53852083843694,4.8225,,0
2023-09-20 00:35:49,5.548,6.338,5.947,1.408,19.44926458690586,4.825,,0
2023-09-20 00:35:50,5.152,7.13,5.846,1.308,19.4452852108341,4.827500000000001,,0
2023-09-20 00:35:51,5.548,6.734,5.846,1.408,19.47249964758387,4.83,31.0,0
2023-09-20 00:35:52,5.55,6.737,5.846,1.408,19.493049753308707,4.83,31.0,0
2023-09-20 00:35:53,5.55,6.341,5.846,1.408,19.388634827316096,4.8125,,0
2023-09-20 00:35:54,5.55,6.341,5.947,1.408,19.345844379121267,4.795,,0
2023-09-20 00:35:55,5.55,5.944,5.947,1.408,19.196791065384886,4.7775,,0
2023-09-20 00:35:56,5.55,5.548,5.846,1.408,18.94335374576942,4.76,29.0,0
2023-09-20 00:35:57,5.548,6.338,6.148,1.61,19.153547622038595,4.76,29.0,0
2023-09-20 00:35:58,5.55,5.944,6.148,1.61,19.183083335427018,4.745,,0
2023-09-20 00:35:59,5.55,6.341,6.249,1.61,19.353158334798913,4.73,,0
2023-09-20 00:36:00,5.55,6.338,6.249,1.61,19.471310834359237,4.715,,0
2023-09-20 00:36:01,5.548,6.338,6.148,1.61,19.523117584051466,4.7,32.0,0
2023-09-20 00:36:02,5.55,5.942,6.048,1.509,19.38088230883603,4.7,32.0,0
2023-09-20 00:36:03,5.548,6.734,6.048,1.509,19.51831761618522,4.7075000000000005,,0
2023-09-20 00:36:04,5.548,6.734,5.947,1.408,19.55392233132966,4.715,,0
2023-09-20 00:36:05,5.548,7.13,6.048,1.509,19.758245631930762,4.7225,,0
2023-09-20 00:36:06,5.548,7.13,5.947,1.509,19.870971942351535,4.73,31.0,0
2023-09-20 00:36:07,5.548,5.942,6.048,1.509,19.623780359646076,4.73,31.0,0
2023-09-20 00:36:08,5.548,5.942,6.048,1.509,19.450746251752257,4.735,,0
2023-09-20 00:36:09,5.548,6.338,5.947,1.408,19.38782237622658,4.74,,0
2023-09-20 00:36:10,5.152,6.338,5.745,1.207,19.104075663358607,4.745,,0
2023-09-20 00:36:11,5.548,7.13,5.947,1.408,19.382752964351024,4.75,30.0,0
2023-09-20 00:36:12,5.548,6.734,5.947,1.408,19.459027075045718,4.75,30.0,0
2023-09-20 00:36:14,5.548,7.13,5.947,1.408,19.631218952532002,4.756666666666667,,0
2023-09-20 00:36:15,5.546,6.336,6.148,1.61,19.6338532667724,4.763333333333333,,0
2023-09-20 00:36:16,5.548,7.13,6.148,1.509,19.84419728674068,4.77,32.0,0
2023-09-20 00:36:17,5.548,5.942,6.048,1.509,19.605038100718478,4.77,32.0,0
2023-09-20 00:36:18,5.548,6.338,6.249,1.61,19.64702667050293,4.755,,0
2023-09-20 00:36:19,5.548,5.942,6.148,1.61,19.527318669352052,4.74,,0
2023-09-20 00:36:20,5.548,6.338,6.249,1.61,19.592623068546438,4.725,,0
2023-09-20 00:36:21,5.548,6.338,6.249,1.61,19.638336147982503,4.71,31.0,0
2023-09-20 00:36:22,5.548,6.338,6.249,1.61,19.670335303587752,4.71,31.0,0
2023-09-20 00:36:23,5.548,6.338,6.048,1.509,19.602134712511425,4.695,,0
2023-09-20 00:36:24,5.548,6.338,6.148,1.61,19.614694298757996,4.68,,0
2023-09-20 00:36:25,5.548,6.338,6.249,1.61,19.6537860091306,4.665,,0
2023-09-20 00:36:26,5.548,5.942,6.35,1.71,19.62265020639142,4.65,31.0,0
2023-09-20 00:36:27,5.548,5.942,6.148,1.61,19.510255144473994,4.65,31.0,0
2023-09-20 00:36:28,5.548,6.338,6.048,1.509,19.4900786011318,4.6175,,0
2023-09-20 00:36:29,5.548,5.942,6.048,1.509,19.357155020792263,4.585,,0
2023-09-20 00:36:30,5.548,6.338,6.148,1.509,19.412908514554584,4.5525,,0
2023-09-20 00:36:31,5.548,5.546,5.947,1.408,19.123735960188206,4.52,29.0,0
2023-09-20 00:36:32,5.152,5.942,5.644,1.207,18.770115172131742,4.52,29.0,0
2023-09-20 00:36:33,5.152,5.942,5.644,1.207,18.52258062049222,4.529999999999999,,0
2023-09-20 00:36:34,5.152,6.734,5.544,1.207,18.556906434344555,4.539999999999999,,0
2023-09-20 00:36:35,5.152,6.734,5.544,1.207,18.58093450404119,4.55,,0
2023-09-20 00:36:36,5.152,7.13,5.644,1.207,18.746554152828832,4.56,31.0,0
2023-09-20 00:36:37,5.152,6.734,5.443,1.107,18.653387906980182,4.56,31.0,0
2023-09-20 00:36:38,5.152,7.13,5.745,1.308,18.857871534886126,4.5675,,0
2023-09-20 00:36:39,5.548,7.527,5.745,1.308,19.23891007442029,4.574999999999999,,0
2023-09-20 00:36:40,5.548,7.923,5.745,1.308,19.6244370520942,4.5825,,0
2023-09-20 00:36:41,5.548,7.527,5.846,1.308,19.80580593646594,4.59,32.0,0
2023-09-20 00:36:42,5.548,6.734,5.745,1.308,19.664564155526158,4.59,32.0,0
2023-09-20 00:36:43,5.548,6.338,5.947,1.408,19.53749490886831,4.6,,0
2023-09-20 00:36:44,5.548,5.546,6.249,1.61,19.362146436207816,4.609999999999999,,0
2023-09-20 00:36:45,5.548,6.338,6.048,1.509,19.38640250534547,4.62,,0
2023-09-20 00:36:46,5.548,6.734,5.947,1.408,19.46158175374183,4.63,31.0,0
2023-09-20 00:36:47,5.548,7.13,5.947,1.408,19.63300722761928,4.63,31.0,0
2023-09-20 00:36:48,5.548,6.734,6.048,1.509,19.694805059333493,4.6375,,0
2023-09-20 00:36:49,5.548,7.527,5.947,1.408,19.915363541533445,4.645,,0
2023-09-20 00:36:50,5.548,7.13,5.846,1.408,19.920354479073414,4.6525,,0
2023-09-20 00:36:51,5.548,6.338,5.846,1.408,19.686248135351388,4.66,31.0,0
2023-09-20 00:36:52,5.548,6.338,5.947,1.408,19.55267369474597,4.66,31.0,0
2023-09-20 00:36:53,5.548,5.942,6.148,1.61,19.461271586322177,4.666666666666667,,0
2023-09-20 00:36:54,5.55,5.942,6.249,1.61,19.428190110425522,4.673333333333333,,0
2023-09-20 00:36:56,5.55,5.942,6.148,1.61,19.37473307729786,4.68,29.0,0
2023-09-20 00:36:57,5.548,5.942,6.048,1.509,19.276413154108504,4.68,29.0,0
2023-09-20 00:36:58,5.548,6.338,6.249,1.61,19.41698920787595,4.6674999999999995,,0
2023-09-20 00:36:59,5.548,6.338,6.249,1.61,19.51539244551316,4.654999999999999,,0
2023-09-20 00:37:00,5.548,6.338,6.148,1.61,19.55397471185921,4.6425,,0
2023-09-20 00:37:01,5.55,5.548,6.148,1.509,19.314282298301446,4.63,30.0,0
2023-09-20 00:37:02,5.548,6.338,5.947,1.408,19.292297608811012,4.63,30.0,0
2023-09-20 00:37:03,5.548,6.338,6.048,1.509,19.337508326167708,4.6375,,0
2023-09-20 00:37:04,5.55,5.546,6.148,1.61,19.192455828317396,4.645,,0
2023-09-20 00:37:05,5.548,5.942,6.048,1.509,19.148819079822175,4.6525,,0
2023-09-20 00:37:06,5.548,6.734,5.947,1.408,19.295273355875523,4.66,31.0,0
2023-09-20 00:37:07,5.154,7.527,5.644,1.207,19.366291349112867,4.66,31.0,0
2023-09-20 00:37:08,5.152,7.527,5.544,1.107,19.355403944379006,4.6675,,0
2023-09-20 00:37:09,5.152,7.527,5.544,1.107,19.347782761065304,4.675000000000001,,0
2023-09-20 00:37:10,5.152,5.546,5.644,1.207,18.80814793274571,4.6825,,0
2023-09-20 00:37:11,5.548,5.546,6.048,1.509,18.761003552922,4.69,29.0,0
2023-09-20 00:37:12,5.548,5.15,6.249,1.61,18.699802487045396,4.69,29.0,0
2023-09-20 00:37:13,5.548,5.942,6.451,1.811,19.01546174093178,4.695,,0
2023-09-20 00:37:14,5.548,5.15,6.35,1.71,18.938223218652247,4.7,,0
2023-09-20 00:37:15,5.55,6.734,6.249,1.61,19.299656253056572,4.705,,0
2023-09-20 00:37:16,5.55,7.13,6.048,1.509,19.5808593771396,4.71,32.0,0
2023-09-20 00:37:17,5.548,7.13,6.048,1.509,19.77710156399772,4.71,32.0,0
2023-09-20 00:37:18,5.55,7.13,5.947,1.408,19.854471094798406,4.715,,0
2023-09-20 00:37:19,5.548,5.942,5.947,1.509,19.581929766358886,4.720000000000001,,0
2023-09-20 00:37:20,5.548,5.942,5.947,1.408,19.36085083645122,4.7250000000000005,,0
2023-09-20 00:37:21,5.548,6.338,5.846,1.408,19.294595585515854,4.73,31.0,0
2023-09-20 00:37:22,5.548,5.942,5.846,1.308,19.099416909861098,4.73,31.0,0
2023-09-20 00:37:23,5.548,6.734,5.947,1.509,19.29099183690277,4.737500000000001,,0
2023-09-20 00:37:24,5.548,7.13,6.048,1.509,19.57419428583194,4.745,,0
2023-09-20 00:37:25,5.548,6.338,6.048,1.509,19.534836000082354,4.7524999999999995,,0
2023-09-20 00:37:26,5.55,5.942,6.048,1.509,19.389085200057647,4.76,32.0,0
2023-09-20 00:37:27,5.548,6.338,6.048,1.509,19.405259640040352,4.76,32.0,0
2023-09-20 00:37:28,5.55,6.734,5.846,1.308,19.415081748028246,4.765,,0
2023-09-20 00:37:29,5.548,6.734,5.947,1.408,19.481657223619774,4.77,,0
2023-09-20 00:37:30,5.548,7.527,5.846,1.308,19.705860056533844,4.775,,0
2023-09-20 00:37:31,5.548,6.734,5.947,1.408,19.68520203957369,4.78,31.0,0
2023-09-20 00:37:32,5.548,6.734,5.846,1.308,19.61044142770158,4.78,31.0,0
2023-09-20 00:37:33,5.55,6.734,5.846,1.408,19.588708999391105,4.782500000000001,,0
2023-09-20 00:37:34,5.548,5.942,6.048,1.509,19.426196299573775,4.785,,0
2023-09-20 00:37:35,5.548,5.546,6.048,1.509,19.193637409701644,4.7875,,0
2023-09-20 00:37:36,5.548,5.942,6.249,1.61,19.24024618679115,4.79,30.0,0
2023-09-20 00:37:38,5.548,5.546,6.249,1.71,19.184072330753807,4.795,,0
2023-09-20 00:37:39,5.548,5.546,6.148,1.509,19.054150631527666,4.8,,0
2023-09-20 00:37:40,5.548,5.15,6.148,1.509,18.844405442069363,4.805,,0
2023-09-20 00:37:41,5.548,5.546,6.249,1.71,18.906983809448555,4.81,30.0,0
2023-09-20 00:37:42,5.548,5.15,6.35,1.71,18.86228866661399,4.81,30.0,0
2023-09-20 00:37:43,5.548,5.15,6.249,1.71,18.800702066629793,4.795,,0
2023-09-20 00:37:44,5.548,5.546,6.35,1.71,18.906691446640856,4.779999999999999,,0
2023-09-20 00:37:45,5.548,5.15,6.451,1.71,18.8923840126486,4.765,,0
2023-09-20 00:37:46,5.548,5.942,6.35,1.71,19.08966880885402,4.75,30.0,0
2023-09-20 00:37:47,5.548,5.546,6.249,1.71,19.078668166197815,4.75,30.0,0
2023-09-20 00:37:48,5.548,5.546,6.249,1.61,19.040967716338468,4.755,,0
2023-09-20 00:37:49,5.548,6.338,6.048,1.509,19.161577401436926,4.76,,0
2023-09-20 00:37:50,5.548,6.338,6.048,1.509,19.246004181005848,4.765,,0
2023-09-20 00:37:51,5.548,7.13,6.048,1.509,19.542702926704095,4.77,31.0,0
2023-09-20 00:37:52,5.548,7.527,5.846,1.308,19.74859204869287,4.77,31.0,0
2023-09-20 00:37:53,5.152,7.527,5.644,1.207,19.68301443408501,4.7749999999999995,,0
2023-09-20 00:37:54,5.152,7.527,5.544,1.107,19.57711010385951,4.779999999999999,,0
2023-09-20 00:37:55,5.152,5.942,5.644,1.207,19.08747707270166,4.785,,0
2023-09-20 00:37:56,5.548,5.546,6.048,1.509,18.956533950891163,4.79,29.0,0
2023-09-20 00:37:57,5.548,5.546,6.048,1.509,18.864873765623816,4.79,29.0,0
2023-09-20 00:37:58,5.548,6.338,6.148,1.509,19.06831163593667,4.7925,,0
2023-09-20 00:37:59,5.548,5.942,6.148,1.61,19.122218145155667,4.795,,0
2023-09-20 00:38:00,5.548,6.338,6.148,1.61,19.278752701608965,4.797499999999999,,0
2023-09-20 00:38:01,5.548,6.338,6.249,1.61,19.418626891126273,4.8,31.0,0
2023-09-20 00:38:02,5.548,5.15,6.249,1.61,19.16013882378839,4.8,31.0,0
2023-09-20 00:38:03,5.548,5.942,6.451,1.71,19.307397176651875,4.865,,0
2023-09-20 00:38:04,5.548,6.338,6.148,1.61,19.40837802365631,4.93,,0
2023-09-20 00:38:05,5.548,6.338,5.947,1.408,19.35816461655942,4.994999999999999,,0
2023-09-20 00:38:06,5.548,7.13,5.846,1.408,19.530315231591594,5.06,31.0,0
2023-09-20 00:38:07,5.152,6.338,5.745,1.308,19.234120662114115,5.06,31.0,0
2023-09-20 00:38:08,5.548,6.338,6.048,1.408,19.266484463479884,5.057499999999999,,0
2023-09-20 00:38:09,5.548,6.338,5.846,1.408,19.228539124435923,5.055,,0
2023-09-20 00:38:10,5.548,5.15,5.846,1.308,18.815577387105144,5.0525,,0
2023-09-20 00:38:11,5.548,6.338,6.048,1.509,19.003804170973602,5.05,29.0,0
2023-09-20 00:38:12,5.548,5.546,6.249,1.61,18.98856291968152,5.05,29.0,0
2023-09-20 00:38:13,5.548,5.546,6.35,1.71,19.038194043777068,5.05,,0
2023-09-20 00:38:14,5.548,5.546,6.451,1.811,19.13353583064395,5.05,,0
2023-09-20 00:38:15,5.548,5.546,6.35,1.71,19.13967508145077,5.05,,0
2023-09-20 00:38:16,5.548,5.942,6.148,1.61,19.17217255701554,5.05,31.0,0
2023-09-20 00:38:17,5.548,5.546,6.048,1.509,19.01582078991088,5.05,31.0,0
2023-09-20 00:38:18,5.548,5.546,6.35,1.71,19.057274552937617,5.05,,0
2023-09-20 00:38:20,5.548,5.15,5.846,1.308,18.695692187056334,5.05,,0
2023-09-20 00:38:21,5.548,5.15,6.048,1.509,18.563484530939434,5.05,30.0,0
2023-09-20 00:38:22,5.548,5.546,6.148,1.61,18.650039171657607,5.05,30.0,0
2023-09-20 00:38:23,5.548,5.942,6.249,1.61,18.859727420160322,5.047499999999999,,0
2023-09-20 00:38:24,5.548,5.942,6.249,1.61,19.006509194112226,5.045,,0
2023-09-20 00:38:25,5.548,6.734,6.35,1.71,19.407156435878555,5.0425,,0
2023-09-20 00:38:26,5.548,6.338,6.148,1.61,19.47820950511499,5.04,32.0,0
2023-09-20 00:38:27,5.548,5.942,6.148,1.61,19.409146653580493,5.04,32.0,0
2023-09-20 00:38:28,5.548,5.942,6.249,1.61,19.391102657506345,5.04,,0
2023-09-20 00:38:29,5.548,6.338,6.048,1.509,19.40667186025444,5.04,,0
2023-09-20 00:38:30,5.548,5.942,6.048,1.509,19.29877030217811,5.04,,0
2023-09-20 00:38:31,5.548,6.338,6.048,1.509,19.342039211524675,5.04,31.0,0
2023-09-20 00:38:32,5.548,5.546,5.745,1.308,18.98352744806727,5.04,31.0,0
2023-09-20 00:38:33,5.548,7.13,5.846,1.308,19.23806921364709,5.0375,,0
2023-09-20 00:38:34,5.548,7.13,5.846,1.408,19.446248449552964,5.035,,0
2023-09-20 00:38:35,5.548,6.734,5.947,1.408,19.503473914687074,5.032500000000001,,0
2023-09-20 00:38:36,5.548,6.338,5.947,1.408,19.424731740280954,5.03,30.0,0
2023-09-20 00:38:37,5.548,5.546,6.148,1.509,19.222612218196666,5.03,30.0,0
2023-09-20 00:38:38,5.548,5.942,6.048,1.509,19.169928552737666,5.01,,0
2023-09-20 00:38:39,5.548,5.942,6.048,1.509,19.133049986916365,4.99,,0
2023-09-20 00:38:40,5.548,6.338,6.148,1.509,19.256034990841457,4.970000000000001,,0
2023-09-20 00:38:41,5.548,5.942,5.947,1.408,19.132724493589023,4.95,30.0,0
2023-09-20 00:38:42,5.548,6.338,5.947,1.509,19.195507145512316,4.95,30.0,0
2023-09-20 00:38:43,5.548,6.338,5.947,1.408,19.209155001858623,4.952500000000001,,0
2023-09-20 00:38:44,5.548,5.942,5.947,1.408,19.099908501301037,4.955,,0
2023-09-20 00:38:45,5.548,6.338,6.048,1.509,19.202835950910725,4.9575,,0
2023-09-20 00:38:46,5.548,6.734,5.947,1.408,19.33308516563751,4.96,31.0,0
2023-09-20 00:38:47,5.548,6.734,5.846,1.408,19.393959615946258,4.96,31.0,0
2023-09-20 00:38:48,5.548,7.13,6.048,1.509,19.646271731162383,4.96,,0
2023-09-20 00:38:49,5.548,6.734,5.846,1.408,19.613190211813667,4.96,,0
2023-09-20 00:38:50,5.548,6.338,5.947,1.408,19.50153314826957,4.96,,0
2023-09-20 00:38:51,5.548,6.338,5.846,1.308,19.363073203788698,4.96,31.0,0
2023-09-20 00:38:52,5.548,6.338,5.947,1.408,19.326451242652087,4.96,31.0,0
2023-09-20 00:38:53,5.55,5.546,5.947,1.408,19.063815869856462,4.96,,0
2023-09-20 00:38:54,5.55,5.152,6.048,1.509,18.822371108899524,4.96,,0
2023-09-20 00:38:55,5.548,5.546,6.249,1.61,18.861559776229665,4.96,,0
2023-09-20 00:38:56,5.548,6.338,5.846,1.408,18.945091843360764,4.96,30.0,0
2023-09-20 00:38:57,5.548,6.338,5.947,1.408,19.033864290352536,4.96,30.0,0
2023-09-20 00:38:58,5.548,5.942,5.947,1.408,18.977205003246777,4.9625,,0
2023-09-20 00:38:59,5.548,6.338,5.846,1.408,19.026043502272746,4.965,,0
2023-09-20 00:39:00,5.548,6.734,5.846,1.308,19.14903045159092,4.967499999999999,,0
2023-09-20 00:39:01,5.548,7.13,5.846,1.308,19.353921316113645,4.97,30.0,0
2023-09-20 00:39:03,5.548,6.734,5.846,1.408,19.408544921279553,4.97,,0
2023-09-20 00:39:04,5.548,5.546,6.048,1.509,19.18128144489569,4.97,,0
2023-09-20 00:39:05,5.548,5.546,5.846,1.408,18.93129701142698,4.97,,0
2023-09-20 00:39:06,5.548,5.15,6.048,1.509,18.728407907998886,4.97,30.0,0
2023-09-20 00:39:07,5.548,5.546,6.249,1.71,18.82578553559922,4.97,30.0,0
2023-09-20 00:39:08,5.548,5.546,5.947,1.509,18.743049874919453,4.949999999999999,,0
2023-09-20 00:39:09,5.548,5.942,6.048,1.509,18.834234912443616,4.93,,0
2023-09-20 00:39:10,5.548,6.338,6.148,1.61,19.07716443871053,4.91,,0
2023-09-20 00:39:11,5.548,5.942,6.249,1.61,19.158715107097372,4.89,30.0,0
2023-09-20 00:39:12,5.548,5.942,6.148,1.509,19.15520057496816,4.89,30.0,0
2023-09-20 00:39:13,5.548,5.942,6.148,1.61,19.18304040247771,4.8925,,0
2023-09-20 00:39:14,5.548,5.546,6.35,1.71,19.1743282817344,4.895,,0
2023-09-20 00:39:15,5.548,5.546,6.35,1.71,19.16822979721408,4.8975,,0
2023-09-20 00:39:16,5.548,5.942,6.148,1.61,19.192160858049856,4.9,31.0,0
2023-09-20 00:39:17,5.548,5.942,6.148,1.509,19.1786126006349,4.9,31.0,0
2023-09-20 00:39:18,5.548,6.338,6.249,1.61,19.34852882044443,4.8825,,0
2023-09-20 00:39:19,5.548,6.338,6.148,1.61,19.437170174311102,4.865,,0
2023-09-20 00:39:20,5.548,6.338,6.148,1.61,19.49921912201777,4.8475,,0
2023-09-20 00:39:21,5.548,6.338,6.249,1.71,19.602953385412437,4.83,32.0,0
2023-09-20 00:39:22,5.548,7.13,6.148,1.61,19.852867369788704,4.83,32.0,0
2023-09-20 00:39:23,5.548,6.734,6.048,1.509,19.848707158852093,4.8325,,0
2023-09-20 00:39:24,5.548,6.338,6.148,1.61,19.787295011196466,4.835,,0
2023-09-20 00:39:25,5.548,6.734,5.745,1.308,19.651606507837528,4.8375,,0
2023-09-20 00:39:26,5.548,6.338,5.745,1.308,19.43782455548627,4.84,31.0,0
2023-09-20 00:39:27,5.152,6.338,5.644,1.207,19.10877718884039,4.84,31.0,0
2023-09-20 00:39:28,5.152,5.15,5.644,1.207,18.52204403218827,4.8225,,0
2023-09-20 00:39:29,5.548,5.546,6.048,1.509,18.560730822531788,4.805,,0
2023-09-20 00:39:30,5.548,5.546,6.048,1.509,18.587811575772253,4.7875,,0
2023-09-20 00:39:31,5.548,5.15,6.048,1.509,18.487968103040576,4.77,29.0,0
2023-09-20 00:39:32,5.548,6.338,6.048,1.509,18.774477672128402,4.77,29.0,0
2023-09-20 00:39:33,5.548,6.338,6.048,1.509,18.97503437048988,4.755,,0
2023-09-20 00:39:34,5.548,6.338,5.947,1.408,19.054824059342916,4.74,,0
2023-09-20 00:39:35,5.548,6.734,5.846,1.408,19.19917684154004,4.725,,0
2023-09-20 00:39:36,5.548,7.13,6.048,1.509,19.509923789078027,4.71,31.0,0
2023-09-20 00:39:37,5.548,6.338,5.846,1.308,19.36894665235462,4.71,31.0,0
2023-09-20 00:39:38,5.548,6.338,6.048,1.509,19.391162656648234,4.7175,,0
2023-09-20 00:39:39,5.548,5.15,6.148,1.61,19.11061385965376,4.725,,0
2023-09-20 00:39:40,5.548,5.942,6.451,1.811,19.30302970175763,4.7325,,0
2023-09-20 00:39:41,5.548,5.942,6.249,1.61,19.31682079123034,4.74,30.0,0
2023-09-20 00:39:42,5.548,6.338,6.249,1.71,19.47527455386124,4.74,30.0,0
2023-09-20 00:39:43,5.548,5.942,6.35,1.61,19.467692187702866,4.746666666666667,,0
2023-09-20 00:39:45,5.548,5.15,6.148,1.61,19.164184531392007,4.753333333333333,,0
2023-09-20 00:39:46,5.548,5.546,6.249,1.61,19.100829171974404,4.76,31.0,0
2023-09-20 00:39:47,5.548,5.942,6.148,1.509,19.114680420382083,4.76,31.0,0
2023-09-20 00:39:48,5.548,5.942,6.048,1.509,19.094376294267455,4.765,,0
2023-09-20 00:39:49,5.548,6.734,5.947,1.408,19.257163405987217,4.77,,0
2023-09-20 00:39:50,5.548,7.13,5.846,1.308,19.42961438419105,4.775,,0
2023-09-20 00:39:51,5.548,6.734,5.846,1.408,19.461530068933737,4.78,31.0,0
2023-09-20 00:39:52,5.548,7.527,5.846,1.308,19.691771048253617,4.78,31.0,0
2023-09-20 00:39:53,5.548,7.527,5.846,1.308,19.852939733777532,4.7625,,0
2023-09-20 00:39:54,5.152,7.527,5.745,1.308,19.816657813644273,4.745,,0
2023-09-20 00:39:55,5.548,6.734,5.846,1.408,19.732460469550993,4.7275,,0
2023-09-20 00:39:56,5.548,5.942,6.048,1.509,19.526822328685697,4.71,31.0,0
2023-09-20 00:39:57,5.548,5.942,6.35,1.71,19.533775630079987,4.71,31.0,0
2023-09-20 00:39:58,5.548,5.546,6.451,1.811,19.480442941055994,4.7175,,0
2023-09-20 00:39:59,5.548,5.546,6.451,1.811,19.443110058739197,4.725,,0
2023-09-20 00:40:00,5.548,5.546,6.249,1.71,19.326077041117436,4.7325,,0
2023-09-20 00:40:01,5.548,5.546,6.35,1.71,19.274453928782204,4.74,32.0,0
2023-09-20 00:40:02,5.548,5.15,6.148,1.61,19.028917750147542,4.74,32.0,0
2023-09-20 00:40:03,5.548,5.942,6.148,1.509,19.06434242510328,4.745,,0
2023-09-20 00:40:04,5.548,6.338,6.249,1.61,19.268539697572294,4.75,,0
2023-09-20 00:40:05,5.548,6.734,6.148,1.61,19.499977788300605,4.755,,0
2023-09-20 00:40:06,5.548,6.734,6.048,1.509,19.60168445181042,4.76,31.0,0
2023-09-20 00:40:07,5.548,6.338,6.148,1.61,19.614379116267294,4.76,31.0,0
2023-09-20 00:40:08,5.548,6.734,6.148,1.61,19.742065381387107,4.745,,0
2023-09-20 00:40:09,5.548,6.734,6.048,1.509,19.771145766970974,4.73,,0
2023-09-20 00:40:10,5.548,7.13,6.048,1.509,19.91030203687968,4.715,,0
2023-09-20 00:40:11,5.548,6.734,5.947,1.408,19.82831142581578,4.7,32.0,0
2023-09-20 00:40:12,5.548,7.13,5.846,1.408,19.859417998071045,4.7,32.0,0
2023-09-20 00:40:13,5.548,7.13,5.846,1.308,19.85119259864973,4.705,,0
2023-09-20 00:40:14,5.548,6.734,5.947,1.408,19.786934819054814,4.71,,0
2023-09-20 00:40:15,5.548,7.13,5.947,1.408,19.86075437333837,4.715,,0
2023-09-20 00:40:16,5.152,6.338,5.644,1.207,19.404828061336858,4.72,32.0,0
2023-09-20 00:40:17,5.548,6.338,5.846,1.408,19.3253796429358,4.72,32.0,0
2023-09-20 00:40:18,5.548,5.942,5.846,1.308,19.12096575005506,4.705,,0
2023-09-20 00:40:19,5.548,5.15,5.947,1.408,18.80057602503854,4.6899999999999995,,0
2023-09-20 00:40:20,5.548,5.546,6.048,1.509,18.75570321752698,4.675,,0
2023-09-20 00:40:21,5.548,5.942,6.249,1.61,18.933692252268887,4.66,29.0,0
2023-09-20 00:40:22,5.548,6.338,6.35,1.71,19.23738457658822,4.66,29.0,0
2023-09-20 00:40:23,5.548,5.942,6.249,1.61,19.270869203611753,4.6675,,0
2023-09-20 00:40:24,5.548,6.338,6.35,1.71,19.473408442528225,4.675000000000001,,0
2023-09-20 00:40:25,5.548,5.546,6.35,1.71,19.37758590976976,4.6825,,0
2023-09-20 00:40:26,5.548,5.942,6.249,1.71,19.399010136838832,4.69,31.0,0
2023-09-20 00:40:28,5.548,5.942,6.249,1.71,19.41400709578718,4.6975,,0
2023-09-20 00:40:29,5.548,5.942,6.148,1.61,19.364204967051027,4.705,,0
2023-09-20 00:40:30,5.548,6.338,6.048,1.509,19.387843476935714,4.7125,,0
2023-09-20 00:40:31,5.548,6.338,6.048,1.509,19.404390433855,4.72,32.0,0
2023-09-20 00:40:32,5.548,7.527,5.846,1.408,19.6817733036985,4.72,32.0,0
2023-09-20 00:40:33,5.548,7.524,5.745,1.308,19.81474131258895,4.745,,0
2023-09-20 00:40:34,5.152,7.524,5.745,1.308,19.78901891881226,4.77,,0
2023-09-20 00:40:35,5.548,6.338,5.947,1.408,19.624613243168582,4.795,,0
2023-09-20 00:40:36,5.548,5.942,5.947,1.408,19.39072927021801,4.82,30.0,0
2023-09-20 00:40:37,5.548,5.942,6.249,1.61,19.378210489152607,4.82,30.0,0
2023-09-20 00:40:38,5.548,5.942,6.249,1.61,19.369447342406822,4.8225,,0
2023-09-20 00:40:39,5.548,6.338,6.249,1.61,19.48211313968477,4.825,,0
2023-09-20 00:40:40,5.548,5.546,6.35,1.71,19.38367919777934,4.827500000000001,,0
2023-09-20 00:40:41,5.548,5.942,6.35,1.71,19.43357543844554,4.83,32.0,0
2023-09-20 00:40:42,5.548,5.546,6.148,1.61,19.259102806911876,4.83,32.0,0
2023-09-20 00:40:43,5.548,5.546,6.048,1.509,19.076671964838315,4.8149999999999995,,0
2023-09-20 00:40:44,5.548,5.15,6.148,1.61,18.89047037538682,4.8,,0
2023-09-20 00:40:45,5.548,6.338,6.048,1.509,19.056229262770774,4.785,,0
2023-09-20 00:40:46,5.548,6.734,5.947,1.408,19.230460483939538,4.77,30.0,0
2023-09-20 00:40:47,5.548,7.527,5.846,1.308,19.530022338757675,4.77,30.0,0
2023-09-20 00:40:48,5.548,7.527,5.745,1.308,19.709415637130377,4.7749999999999995,,0
2023-09-20 00:40:49,5.548,7.527,5.846,1.308,19.865290945991266,4.779999999999999,,0
2023-09-20 00:40:50,5.548,7.13,5.947,1.408,19.915603662193885,4.785,,0
2023-09-20 00:40:51,5.548,6.734,5.846,1.308,19.771722563535718,4.79,32.0,0
2023-09-20 00:40:52,5.548,6.734,5.846,1.408,19.701005794475005,4.79,32.0,0
2023-09-20 00:40:53,5.548,6.734,5.846,1.408,19.651504056132502,4.7925,,0
2023-09-20 00:40:54,5.548,6.338,6.048,1.509,19.588952839292748,4.795,,0
2023-09-20 00:40:55,5.548,6.338,6.148,1.61,19.605466987504922,4.797499999999999,,0
2023-09-20 00:40:56,5.548,6.338,6.249,1.61,19.647326891253446,4.8,30.0,0
2023-09-20 00:40:57,5.548,5.546,6.249,1.71,19.469028823877412,4.8,30.0,0
2023-09-20 00:40:58,5.548,5.546,6.35,1.71,19.37452017671419,4.805,,0
2023-09-20 00:40:59,5.548,5.942,6.249,1.61,19.36686412369993,4.8100000000000005,,0
2023-09-20 00:41:00,5.548,6.338,6.148,1.61,19.45000488658995,4.815,,0
2023-09-20 00:41:01,5.548,6.338,6.148,1.61,19.508203420612965,4.82,32.0,0
2023-09-20 00:41:02,5.548,5.15,5.947,1.509,19.101942394429074,4.82,32.0,0
2023-09-20 00:41:03,5.548,5.546,6.148,1.61,19.026959676100354,4.8225,,0
2023-09-20 00:41:04,5.548,5.546,6.148,1.61,18.97447177327025,4.825,,0
2023-09-20 00:41:05,5.548,5.546,6.35,1.71,19.028330241289176,4.827500000000001,,0
2023-09-20 00:41:06,5.548,5.546,6.35,1.71,19.066031168902423,4.83,29.0,0
2023-09-20 00:41:07,5.548,5.546,6.249,1.71,19.062121818231695,4.83,29.0,0
2023-09-20 00:41:08,5.548,5.15,6.35,1.71,18.970885272762185,4.836666666666667,,0
2023-09-20 00:41:10,5.548,5.546,6.249,1.71,18.99551969093353,4.843333333333333,,0
2023-09-20 00:41:11,5.548,5.546,6.35,1.71,19.043063783653473,4.85,31.0,0
2023-09-20 00:41:12,5.944,5.546,6.552,1.811,19.28604464855743,4.85,31.0,0
2023-09-20 00:41:13,5.548,5.942,6.35,1.71,19.365231253990203,4.8525,,0
2023-09-20 00:41:14,5.548,6.734,6.148,1.61,19.567661877793142,4.855,,0
2023-09-20 00:41:15,5.548,5.942,6.249,1.61,19.5020633144552,4.8575,,0
2023-09-20 00:41:16,5.548,6.734,6.249,1.61,19.69374432011864,4.86,32.0,0
2023-09-20 00:41:17,5.548,5.942,5.947,1.408,19.43912102408305,4.86,32.0,0
2023-09-20 00:41:18,5.548,5.942,6.148,1.61,19.381784716858135,4.8425,,0
2023-09-20 00:41:19,5.548,6.338,6.249,1.71,19.520749301800695,4.825,,0
2023-09-20 00:41:20,5.548,5.546,6.148,1.61,19.320124511260484,4.8075,,0
2023-09-20 00:41:21,5.548,5.94,6.35,1.71,19.388487157882338,4.79,31.0,0
2023-09-20 00:41:22,5.548,5.15,6.451,1.811,19.259941010517636,4.79,31.0,0
2023-09-20 00:41:23,5.548,6.336,6.35,1.71,19.465158707362345,4.795,,0
2023-09-20 00:41:24,5.548,5.942,6.048,1.509,19.33971109515364,4.8,,0
2023-09-20 00:41:25,5.548,6.338,5.846,1.408,19.279797766607548,4.805,,0
2023-09-20 00:41:26,5.548,5.942,5.947,1.408,19.149358436625285,4.81,31.0,0
2023-09-20 00:41:27,5.548,5.546,6.048,1.509,18.9998509056377,4.81,31.0,0
2023-09-20 00:41:28,5.548,5.546,6.048,1.509,18.89519563394639,4.7725,,0
2023-09-20 00:41:29,5.548,4.753,6.148,1.509,18.61403694376247,4.734999999999999,,0
2023-09-20 00:41:30,5.548,6.338,6.148,1.61,18.92302586063373,4.6975,,0
2023-09-20 00:41:31,5.548,6.338,6.249,1.61,19.16961810244361,4.66,29.0,0
2023-09-20 00:41:32,5.548,5.942,6.249,1.61,19.22343267171053,4.66,29.0,0
2023-09-20 00:41:33,5.548,6.338,6.249,1.61,19.37990287019737,4.6675,,0
2023-09-20 00:41:34,5.548,4.753,6.148,1.509,18.95333200913816,4.675000000000001,,0
2023-09-20 00:41:35,5.548,5.546,6.148,1.61,18.92293240639671,4.6825,,0
2023-09-20 00:41:36,5.548,6.338,5.947,1.408,19.018352684477698,4.69,30.0,0
2023-09-20 00:41:37,5.548,5.942,6.048,1.509,19.026946879134385,4.69,30.0,0
2023-09-20 00:41:38,5.548,6.338,5.947,1.408,19.091162815394068,4.695,,0
2023-09-20 00:41:39,5.548,6.338,5.745,1.308,19.045513970775847,4.7,,0
2023-09-20 00:41:40,5.152,7.13,5.745,1.308,19.132359779543094,4.705,,0
2023-09-20 00:41:41,5.548,7.13,5.846,1.308,19.342251845680167,4.71,30.0,0
2023-09-20 00:41:42,5.548,7.527,5.846,1.308,19.608276291976118,4.71,30.0,0
2023-09-20 00:41:43,5.548,6.734,5.745,1.308,19.526293404383285,4.7375,,0
2023-09-20 00:41:44,5.548,6.338,6.048,1.509,19.5013053830683,4.765000000000001,,0
2023-09-20 00:41:45,5.548,5.546,6.148,1.509,19.27621376814781,4.7925,,0
2023-09-20 00:41:46,5.548,5.942,6.148,1.509,19.237449637703467,4.82,30.0,0
2023-09-20 00:41:47,5.548,5.942,6.148,1.61,19.240614746392428,4.82,30.0,0
2023-09-20 00:41:48,5.548,6.734,6.048,1.509,19.4201303224747,4.8225,,0
2023-09-20 00:41:49,5.548,6.338,5.846,1.408,19.336091225732293,4.825,,0
2023-09-20 00:41:50,5.548,6.338,6.048,1.509,19.368163858012608,4.827500000000001,,0
2023-09-20 00:41:51,5.548,5.942,5.947,1.408,19.211214700608828,4.83,29.0,0
2023-09-20 00:41:53,5.548,5.546,6.249,1.71,19.16375029042618,4.835,,0
2023-09-20 00:41:54,5.548,5.546,6.249,1.71,19.130525203298326,4.84,,0
2023-09-20 00:41:55,5.548,5.15,6.35,1.71,19.01876764230883,4.845,,0
2023-09-20 00:41:56,5.548,5.942,6.451,1.811,19.238737349616184,4.85,31.0,0
2023-09-20 00:41:57,5.55,5.546,6.35,1.71,19.21391614473133,4.85,31.0,0
2023-09-20 00:41:58,5.944,5.546,6.552,1.811,19.40564130131193,4.8525,,0
2023-09-20 00:41:59,5.55,4.753,6.148,1.61,19.00224891091835,4.855,,0
2023-09-20 00:42:00,5.548,5.546,6.148,1.61,18.957174237642846,4.8575,,0
2023-09-20 00:42:01,5.548,5.546,6.249,1.71,18.98592196634999,4.86,31.0,0
2023-09-20 00:42:02,5.548,5.546,6.249,1.71,19.006045376444995,4.86,31.0,0
2023-09-20 00:42:03,5.548,5.546,6.35,1.71,19.050431763511497,4.8425,,0
2023-09-20 00:42:04,5.548,5.546,6.451,1.811,19.14210223445805,4.825,,0
2023-09-20 00:42:05,5.548,5.15,6.451,1.71,19.057171564120637,4.8075,,0
2023-09-20 00:42:06,5.548,6.338,6.249,1.71,19.293520094884446,4.79,31.0,0
2023-09-20 00:42:07,5.548,5.942,6.148,1.61,19.27986406641911,4.79,31.0,0
2023-09-20 00:42:08,5.548,6.338,6.249,1.71,19.449404846493373,4.775,,0
2023-09-20 00:42:09,5.548,5.942,6.249,1.61,19.41928339254536,4.76,,0
2023-09-20 00:42:10,5.548,5.546,6.35,1.71,19.339698374781754,4.745,,0
2023-09-20 00:42:11,5.548,5.546,6.451,1.811,19.344588862347226,4.73,31.0,0
2023-09-20 00:42:12,5.548,5.942,6.451,1.811,19.46681220364306,4.73,31.0,0
2023-09-20 00:42:13,5.548,5.546,6.35,1.71,19.372968542550144,4.715,,0
2023-09-20 00:42:14,5.944,5.546,6.552,1.811,19.5169779797851,4.7,,0
2023-09-20 00:42:15,5.548,5.546,6.451,1.71,19.43838458584957,4.6850000000000005,,0
2023-09-20 00:42:16,5.548,5.942,6.148,1.509,19.3509692100947,4.67,31.0,0
2023-09-20 00:42:17,5.548,5.942,6.048,1.509,19.259778447066292,4.67,31.0,0
2023-09-20 00:42:18,5.548,6.338,5.947,1.408,19.2541449129464,4.675,,0
2023-09-20 00:42:19,5.548,5.546,6.048,1.509,19.07320143906248,4.68,,0
2023-09-20 00:42:20,5.548,6.338,6.048,1.509,19.184141007343733,4.6850000000000005,,0
2023-09-20 00:42:21,5.548,6.338,6.048,1.509,19.261798705140613,4.69,31.0,0
2023-09-20 00:42:22,5.548,6.734,5.947,1.408,19.37435909359843,4.69,31.0,0
2023-09-20 00:42:23,5.548,6.338,5.947,1.408,19.3343513655189,4.6975,,0
2023-09-20 00:42:24,5.548,6.338,6.249,1.612,19.45814595586323,4.705,,0
2023-09-20 00:42:25,5.548,6.734,6.148,1.509,19.60240216910426,4.7125,,0
2023-09-20 00:42:26,5.548,6.734,6.048,1.509,19.67338151837298,4.72,31.0,0
2023-09-20 00:42:27,5.548,7.13,6.048,1.509,19.841867062861088,4.72,31.0,0
2023-09-20 00:42:28,5.548,7.13,6.048,1.509,19.95980694400276,4.725,,0
2023-09-20 00:42:29,5.548,6.338,6.249,1.612,19.895964860801932,4.73,,0
2023-09-20 00:42:30,5.548,6.338,6.148,1.509,19.790075402561353,4.735,,0
2023-09-20 00:42:31,5.548,6.734,6.048,1.509,19.80475278179295,4.74,32.0,0
2023-09-20 00:42:32,5.548,7.527,5.846,1.408,19.962026947255065,4.74,32.0,0
2023-09-20 00:42:33,5.152,6.338,5.745,1.308,19.536318863078545,4.746666666666667,,0
2023-09-20 00:42:35,5.152,6.734,5.644,1.207,19.296523204154983,4.753333333333333,,0
2023-09-20 00:42:36,5.152,5.942,5.544,1.207,18.86106624290849,4.76,31.0,0
2023-09-20 00:42:37,5.548,6.734,5.846,1.308,19.033546370035943,4.76,31.0,0
2023-09-20 00:42:38,5.548,6.734,5.947,1.408,19.21458245902516,4.745,,0
2023-09-20 00:42:39,5.548,6.734,6.048,1.509,19.40190772131761,4.73,,0
2023-09-20 00:42:40,5.548,7.13,6.048,1.509,19.651835404922323,4.715,,0
2023-09-20 00:42:41,5.548,6.734,5.947,1.408,19.647384783445624,4.7,32.0,0
2023-09-20 00:42:42,5.548,7.13,6.048,1.509,19.82366934841194,4.7,32.0,0
2023-09-20 00:42:43,5.548,7.13,6.048,1.509,19.947068543888356,4.7075000000000005,,0
2023-09-20 00:42:44,5.548,6.734,5.947,1.408,19.85404798072185,4.715,,0
2023-09-20 00:42:45,5.548,6.734,6.048,1.509,19.8495335865053,4.7225,,0
2023-09-20 00:42:46,5.548,6.734,6.148,1.61,19.90667351055371,4.73,33.0,0
2023-09-20 00:42:47,5.152,7.527,5.644,1.207,19.7936714573876,4.73,33.0,0
2023-09-20 00:42:48,5.152,7.524,5.544,1.107,19.65367002017132,4.735,,0
2023-09-20 00:42:49,5.152,7.92,5.443,1.107,19.644169014119925,4.74,,0
2023-09-20 00:42:50,5.152,8.319,5.443,1.006,19.72691830988395,4.745,,0
2023-09-20 00:42:51,5.152,7.527,5.544,1.107,19.607842816918765,4.75,32.0,0
2023-09-20 00:42:52,5.152,7.13,5.644,1.207,19.465389971843138,4.75,32.0,0
2023-09-20 00:42:53,5.548,5.942,5.947,1.408,19.279272980290198,4.735,,0
2023-09-20 00:42:54,5.548,6.336,6.048,1.509,19.32779108620314,4.720000000000001,,0
2023-09-20 00:42:55,5.548,6.336,6.048,1.509,19.361753760342197,4.705,,0
2023-09-20 00:42:56,5.546,6.336,6.148,1.512,19.415827632239537,4.69,30.0,0
2023-09-20 00:42:57,5.548,6.732,6.048,1.509,19.542179342567678,4.69,30.0,0
2023-09-20 00:42:58,5.546,5.94,6.048,1.509,19.392425539797372,4.695,,0
2023-09-20 00:42:59,5.548,6.338,6.048,1.509,19.407597877858162,4.7,,0
2023-09-20 00:43:00,5.548,6.338,6.148,1.61,19.478518514500713,4.705,,0
2023-09-20 00:43:01,5.548,6.338,6.148,1.509,19.4978629601505,4.71,31.0,0
2023-09-20 00:43:02,5.548,6.734,6.148,1.509,19.630204072105347,4.71,31.0,0
2023-09-20 00:43:03,5.546,6.336,6.148,1.61,19.633142850473746,4.7175,,0
2023-09-20 00:43:04,5.548,6.732,5.846,1.308,19.573399995331624,4.725,,0
2023-09-20 00:43:05,5.548,6.338,5.846,1.411,19.444279996732135,4.7325,,0
2023-09-20 00:43:06,5.548,6.338,5.947,1.408,19.383295997712494,4.74,31.0,0
2023-09-20 00:43:07,5.548,5.546,6.048,1.512,19.164507198398745,4.74,31.0,0
2023-09-20 00:43:08,5.548,6.336,6.148,1.512,19.27835503887912,4.745,,0
2023-09-20 00:43:09,5.548,6.338,6.048,1.509,19.32774852721538,4.75,,0
2023-09-20 00:43:10,5.548,5.942,6.048,1.509,19.243523969050766,4.755,,0
2023-09-20 00:43:11,5.548,5.942,6.148,1.509,19.214566778335534,4.76,31.0,0
2023-09-20 00:43:12,5.548,5.942,6.148,1.61,19.224596744834873,4.76,31.0,0
2023-09-20 00:43:13,5.548,5.546,6.35,1.713,19.204317721384413,4.765,,0
2023-09-20 00:43:14,5.548,5.546,6.35,1.71,19.18922240496909,4.77,,0
2023-09-20 00:43:15,5.548,5.546,6.451,1.811,19.239255683478362,4.775,,0
2023-09-20 00:43:16,5.548,5.942,6.451,1.811,19.393078978434854,4.78,31.0,0
2023-09-20 00:43:18,5.548,5.942,6.249,1.61,19.379855284904398,4.785,,0
2023-09-20 00:43:19,5.548,6.338,6.148,1.509,19.42879869943308,4.79,,0
2023-09-20 00:43:20,5.548,5.942,6.048,1.512,19.315159089603156,4.795,,0
2023-09-20 00:43:21,5.548,5.942,6.048,1.509,19.23471136272221,4.8,30.0,0
2023-09-20 00:43:22,5.548,6.338,5.947,1.408,19.236597953905545,4.8,30.0,0
2023-09-20 00:43:23,5.548,5.546,5.846,1.408,18.970018567733884,4.8025,,0
2023-09-20 00:43:24,5.548,6.338,5.846,1.408,19.02101299741372,4.805,,0
2023-09-20 00:43:25,5.548,6.338,5.947,1.408,19.087009098189604,4.807499999999999,,0
2023-09-20 00:43:26,5.548,6.338,6.048,1.509,19.193806368732723,4.81,30.0,0
2023-09-20 00:43:27,5.548,6.338,6.148,1.509,19.298564458112907,4.81,30.0,0
2023-09-20 00:43:28,5.548,5.15,6.048,1.509,18.985495120679033,4.8149999999999995,,0
2023-09-20 00:43:29,5.546,6.336,6.048,1.509,19.121546584475322,4.82,,0
2023-09-20 00:43:30,5.546,6.336,6.048,1.509,19.216782609132725,4.825,,0
2023-09-20 00:43:31,5.548,7.128,6.048,1.509,19.521647826392908,4.83,31.0,0
2023-09-20 00:43:32,5.546,7.128,6.048,1.509,19.734453478475036,4.83,31.0,0
2023-09-20 00:43:33,5.548,7.524,5.846,1.308,19.88191743493252,4.8325,,0
2023-09-20 00:43:34,5.548,7.524,5.745,1.308,19.954842204452767,4.835,,0
2023-09-20 00:43:35,5.548,7.524,5.846,1.408,20.066189543116938,4.8375,,0
2023-09-20 00:43:36,5.152,5.942,5.644,1.207,19.42983268018186,4.84,31.0,0
2023-09-20 00:43:37,5.548,6.338,5.846,1.308,19.312882876127304,4.84,31.0,0
2023-09-20 00:43:38,5.548,6.732,5.846,1.408,19.379218013289112,4.842499999999999,,0
2023-09-20 00:43:39,5.548,6.336,5.846,1.308,19.276852609302377,4.845,,0
2023-09-20 00:43:40,5.546,6.732,5.846,1.408,19.353396826511666,4.8475,,0
2023-09-20 00:43:41,5.548,7.13,5.846,1.308,19.49697777855817,4.85,31.0,0
2023-09-20 00:43:42,5.548,5.546,5.846,1.308,19.12228444499072,4.85,31.0,0
2023-09-20 00:43:43,5.548,6.338,6.048,1.509,19.2184991114935,4.8549999999999995,,0
2023-09-20 00:43:44,5.548,6.734,5.846,1.308,19.28374937804545,4.859999999999999,,0
2023-09-20 00:43:45,5.548,7.13,5.846,1.408,19.478224564631816,4.865,,0
2023-09-20 00:43:46,5.548,5.942,5.846,1.408,19.25795719524227,4.87,29.0,0
2023-09-20 00:43:47,5.548,5.546,6.048,1.509,19.075870036669592,4.87,29.0,0
2023-09-20 00:43:48,5.546,5.544,6.249,1.71,19.067809025668716,4.8725000000000005,,0
2023-09-20 00:43:49,5.548,5.546,6.35,1.71,19.0936663179681,4.875,,0
2023-09-20 00:43:50,5.548,6.732,6.148,1.61,19.376966422577674,4.8774999999999995,,0
2023-09-20 00:43:51,5.548,7.13,6.048,1.509,19.63437649580437,4.88,31.0,0
2023-09-20 00:43:52,5.548,6.734,5.947,1.509,19.66546354706306,4.88,31.0,0
2023-09-20 00:43:53,5.548,7.13,6.148,1.509,19.86632448294414,4.8825,,0
2023-09-20 00:43:54,5.548,5.15,5.947,1.512,19.353527138060898,4.885,,0
2023-09-20 00:43:55,5.548,5.546,6.249,1.61,19.233368996642625,4.887499999999999,,0
2023-09-20 00:43:56,5.548,5.546,6.35,1.71,19.20955829764984,4.89,30.0,0
2023-09-20 00:43:57,5.548,5.15,6.249,1.61,19.013790808354887,4.89,30.0,0
2023-09-20 00:43:58,5.548,5.942,6.451,1.713,19.20585356584842,4.8933333333333335,,0
2023-09-20 00:43:59,5.548,5.546,6.35,1.71,19.190297496093898,4.8966666666666665,,0
2023-09-20 00:44:01,5.548,5.546,6.451,1.811,19.240008247265727,4.9,31.0,0
2023-09-20 00:44:02,5.548,5.546,6.451,1.811,19.27480577308601,4.9,31.0,0
2023-09-20 00:44:03,5.548,5.94,6.249,1.61,19.296464041160203,4.9,,0
2023-09-20 00:44:04,5.548,6.338,6.148,1.509,19.370424828812144,4.9,,0
2023-09-20 00:44:05,5.548,6.338,6.148,1.509,19.4221973801685,4.9,,0
2023-09-20 00:44:06,5.548,5.942,6.048,1.509,19.30963816611795,4.9,32.0,0
2023-09-20 00:44:07,5.548,6.338,6.148,1.61,19.409946716282562,4.9,32.0,0
2023-09-20 00:44:08,5.548,5.942,6.048,1.509,19.301062701397793,4.9025,,0
2023-09-20 00:44:09,5.548,5.942,5.947,1.408,19.164243890978454,4.905,,0
2023-09-20 00:44:10,5.548,6.338,5.947,1.408,19.187270723684918,4.907500000000001,,0
2023-09-20 00:44:11,5.548,5.15,5.846,1.408,18.81668950657944,4.91,29.0,0
2023-09-20 00:44:12,5.548,6.338,6.048,1.509,19.00458265460561,4.91,29.0,0
2023-09-20 00:44:13,5.548,6.338,6.048,1.509,19.136107858223927,4.9125,,0
2023-09-20 00:44:14,5.548,5.546,6.148,1.509,19.02057550075675,4.915,,0
2023-09-20 00:44:15,5.548,5.546,6.35,1.71,19.060602850529726,4.9175,,0
2023-09-20 00:44:16,5.548,5.544,6.148,1.61,18.997421995370807,4.92,31.0,0
2023-09-20 00:44:17,5.548,5.15,6.35,1.71,18.925595396759565,4.92,31.0,0
2023-09-20 00:44:18,5.548,5.942,6.249,1.61,19.052616777731693,4.922499999999999,,0
2023-09-20 00:44:19,5.548,5.546,6.249,1.61,19.022731744412184,4.925,,0
2023-09-20 00:44:20,5.548,5.546,6.451,1.811,19.122712221088527,4.9275,,0
2023-09-20 00:44:21,5.548,5.546,6.249,1.61,19.07179855476197,4.93,31.0,0
2023-09-20 00:44:22,5.548,5.15,6.048,1.509,18.826758988333378,4.93,31.0,0
2023-09-20 00:44:23,5.548,5.942,6.35,1.71,19.043731291833367,4.93,,0
2023-09-20 00:44:24,5.548,5.942,6.249,1.61,19.135311904283355,4.93,,0
2023-09-20 00:44:25,5.548,6.734,5.947,1.408,19.28581833299835,4.93,,0
2023-09-20 00:44:26,5.548,6.734,5.846,1.308,19.330872833098844,4.93,31.0,0
2023-09-20 00:44:27,5.548,6.734,5.846,1.408,19.39241098316919,4.93,31.0,0
2023-09-20 00:44:28,5.548,5.942,6.048,1.509,19.288787688218434,4.9325,,0
2023-09-20 00:44:29,5.548,6.338,6.249,1.61,19.425651381752903,4.9350000000000005,,0
2023-09-20 00:44:30,5.548,5.942,6.249,1.61,19.40265596722703,4.9375,,0
2023-09-20 00:44:31,5.548,5.15,6.249,1.71,19.17895917705892,4.94,31.0,0
2023-09-20 00:44:32,5.548,5.546,6.35,1.71,19.171471423941245,4.94,31.0,0
2023-09-20 00:44:33,5.548,5.942,6.249,1.71,19.254729996758872,4.94,,0
2023-09-20 00:44:34,5.548,6.338,6.048,1.509,19.31121099773121,4.94,,0
2023-09-20 00:44:35,5.548,6.338,6.048,1.509,19.350747698411848,4.94,,0
2023-09-20 00:44:36,5.548,7.13,6.148,1.509,19.646023388888295,4.94,32.0,0
2023-09-20 00:44:37,5.548,7.13,5.745,1.308,19.67151637222181,4.94,32.0,0
2023-09-20 00:44:38,5.152,6.734,5.644,1.207,19.391161460555267,4.9225,,0
2023-09-20 00:44:39,5.152,6.734,5.544,1.107,19.134913022388687,4.905,,0
2023-09-20 00:44:40,5.152,7.527,5.644,1.207,19.25343911567208,4.8875,,0
2023-09-20 00:44:41,5.548,6.734,5.846,1.408,19.33820738097046,4.87,30.0,0
2023-09-20 00:44:43,5.548,6.734,5.846,1.308,19.36754516667932,4.8725000000000005,,0
2023-09-20 00:44:44,5.548,5.942,5.947,1.408,19.210781616675526,4.875,,0
2023-09-20 00:44:45,5.548,6.338,6.048,1.509,19.280447131672865,4.8774999999999995,,0
2023-09-20 00:44:46,5.548,6.338,6.048,1.509,19.32921299217101,4.88,31.0,0
2023-09-20 00:44:47,5.548,5.942,6.048,1.509,19.24454909451971,4.88,31.0,0
2023-09-20 00:44:48,5.548,6.338,6.048,1.509,19.304084366163792,4.8625,,0
2023-09-20 00:44:49,5.548,5.546,6.148,1.61,19.168459056314653,4.845,,0
2023-09-20 00:44:50,5.548,5.546,6.35,1.71,19.16412133942026,4.8275,,0
2023-09-20 00:44:51,5.548,5.15,6.249,1.61,18.98198493759418,4.81,30.0,0
2023-09-20 00:44:52,5.548,5.15,6.048,1.509,18.763889456315926,4.81,30.0,0
2023-09-20 00:44:53,5.548,5.546,6.048,1.509,18.73002261942115,4.8125,,0
2023-09-20 00:44:54,5.548,5.15,6.148,1.512,18.618415833594803,4.8149999999999995,,0
2023-09-20 00:44:55,5.548,5.546,6.35,1.71,18.779091083516363,4.8175,,0
2023-09-20 00:44:56,5.548,5.546,6.35,1.71,18.891563758461455,4.82,30.0,0
2023-09-20 00:44:57,5.548,5.546,6.552,1.811,19.06119463092302,4.82,30.0,0
2023-09-20 00:44:58,5.944,5.546,6.451,1.811,19.268436241646114,4.825,,0
2023-09-20 00:44:59,5.548,5.15,6.451,1.71,19.145605369152282,4.83,,0
2023-09-20 00:45:00,5.548,5.942,6.35,1.71,19.266923758406598,4.835,,0
2023-09-20 00:45:01,5.548,5.546,6.148,1.61,19.142446630884617,4.84,32.0,0
2023-09-20 00:45:02,5.548,5.942,6.148,1.509,19.14381264161923,4.84,32.0,0
2023-09-20 00:45:03,5.548,5.942,6.048,1.509,19.114768849133462,4.842499999999999,,0
2023-09-20 00:45:04,5.548,6.338,6.249,1.61,19.30383819439342,4.845,,0
2023-09-20 00:45:05,5.548,5.942,6.148,1.509,19.256786736075394,4.8475,,0
2023-09-20 00:45:06,5.548,5.942,6.249,1.71,19.31445071525278,4.85,29.0,0
2023-09-20 00:45:07,5.548,5.546,6.451,1.71,19.29661550067695,4.85,29.0,0
2023-09-20 00:45:08,5.546,5.544,6.451,1.811,19.313230850473865,4.8525,,0
2023-09-20 00:45:09,5.944,5.546,6.451,1.811,19.444861595331705,4.855,,0
2023-09-20 00:45:10,5.548,5.546,6.35,1.71,19.357603116732193,4.8575,,0
2023-09-20 00:45:11,5.548,5.546,6.35,1.71,19.296522181712536,4.86,33.0,0
2023-09-20 00:45:12,5.548,5.15,6.249,1.61,19.074665527198775,4.86,33.0,0
2023-09-20 00:45:13,5.548,5.546,6.249,1.61,19.03816586903914,4.8425,,0
2023-09-20 00:45:14,5.548,5.15,6.249,1.61,18.893816108327396,4.825,,0
2023-09-20 00:45:15,5.548,5.546,6.451,1.811,19.032471275829177,4.8075,,0
2023-09-20 00:45:16,5.548,5.942,6.35,1.71,19.187729893080423,4.79,31.0,0
2023-09-20 00:45:17,5.548,7.13,6.148,1.509,19.531910925156296,4.79,31.0,0
2023-09-20 00:45:18,5.548,7.13,5.947,1.408,19.682237647609405,4.795,,0
2023-09-20 00:45:19,5.548,7.13,6.048,1.509,19.848066353326587,4.8,,0
2023-09-20 00:45:20,5.548,6.338,6.148,1.61,19.78684644732861,4.805,,0
2023-09-20 00:45:21,5.548,5.546,6.048,1.509,19.44609251313003,4.81,31.0,0
2023-09-20 00:45:22,5.548,5.546,6.048,1.509,19.207564759191023,4.81,31.0,0
2023-09-20 00:45:23,5.548,6.734,6.048,1.509,19.396995331433715,4.843333333333333,,0
2023-09-20 00:45:24,5.548,6.734,6.048,1.512,19.5304967320036,4.876666666666667,,0
2023-09-20 00:45:26,5.548,7.13,6.048,1.509,19.74184771240252,4.91,32.0,0
2023-09-20 00:45:27,5.548,6.338,6.148,1.61,19.712493398681765,4.91,32.0,0
2023-09-20 00:45:28,5.548,5.546,6.048,1.509,19.39404537907724,4.91,,0
2023-09-20 00:45:29,5.548,5.942,6.148,1.61,19.350231765354067,4.91,,0
2023-09-20 00:45:30,5.548,5.942,5.947,1.512,19.22986223574785,4.91,,0
2023-09-20 00:45:31,5.548,6.338,5.947,1.408,19.233203565023494,4.91,30.0,0
2023-09-20 00:45:32,5.152,6.734,5.544,1.207,19.054342495516448,4.91,30.0,0
2023-09-20 00:45:33,5.152,6.734,5.644,1.207,18.959139746861513,4.9125,,0
2023-09-20 00:45:34,5.152,6.734,5.644,1.207,18.892497822803062,4.915,,0
2023-09-20 00:45:35,5.152,5.546,5.544,1.207,18.459448475962144,4.9175,,0
2023-09-20 00:45:36,5.548,6.734,5.745,1.308,18.7221139331735,4.92,30.0,0
2023-09-20 00:45:37,5.548,5.942,5.846,1.308,18.698679753221448,4.92,30.0,0
2023-09-20 00:45:38,5.548,6.338,6.148,1.61,18.982275827255013,4.9025,,0
2023-09-20 00:45:39,5.548,5.942,6.048,1.509,19.00169307907851,4.885,,0
2023-09-20 00:45:40,5.548,5.546,6.148,1.61,18.956785155354954,4.8675,,0
2023-09-20 00:45:41,5.548,5.942,6.249,1.61,19.074449608748466,4.85,30.0,0
2023-09-20 00:45:42,5.548,5.546,6.249,1.61,19.038014726123926,4.85,30.0,0
2023-09-20 00:45:43,5.548,5.546,6.35,1.71,19.07281030828675,4.8525,,0
2023-09-20 00:45:44,5.548,5.546,6.35,1.71,19.097167215800727,4.855,,0
2023-09-20 00:45:45,5.548,5.546,6.35,1.71,19.11421705106051,4.8575,,0
2023-09-20 00:45:46,5.548,5.942,6.148,1.61,19.15435193574236,4.86,31.0,0
2023-09-20 00:45:47,5.548,6.338,6.048,1.509,19.240946355019652,4.86,31.0,0
2023-09-20 00:45:48,5.548,5.942,6.048,1.509,19.182762448513756,4.862500000000001,,0
2023-09-20 00:45:49,5.548,6.734,6.148,1.61,19.439933713959633,4.865,,0
2023-09-20 00:45:50,5.548,6.734,6.048,1.512,19.56055359977174,4.8675,,0
2023-09-20 00:45:51,5.548,7.13,5.947,1.408,19.702287519840215,4.87,32.0,0
2023-09-20 00:45:52,5.548,6.734,5.947,1.509,19.713001263888152,4.87,32.0,0
2023-09-20 00:45:53,5.548,5.546,6.148,1.612,19.455300884721705,4.8725000000000005,,0
2023-09-20 00:45:54,5.548,5.546,6.35,1.71,19.364910619305196,4.875,,0
2023-09-20 00:45:55,5.548,5.15,6.451,1.71,19.213137433513637,4.8774999999999995,,0
2023-09-20 00:45:56,5.548,5.546,6.451,1.811,19.255996203459546,4.88,31.0,0
2023-09-20 00:45:57,5.548,5.15,6.35,1.71,19.106597342421683,4.88,31.0,0
2023-09-20 00:45:58,5.944,5.942,6.451,1.811,19.419018139695176,4.8825,,0
2023-09-20 00:45:59,5.548,5.546,6.451,1.71,19.36981269778662,4.885,,0
2023-09-20 00:46:00,5.548,5.546,6.35,1.71,19.305068888450634,4.887499999999999,,0
2023-09-20 00:46:01,5.944,5.546,6.451,1.811,19.439148221915445,4.89,33.0,0
2023-09-20 00:46:02,5.548,5.942,6.148,1.61,19.381803755340812,4.89,33.0,0
2023-09-20 00:46:03,5.548,5.942,6.148,1.61,19.341662628738565,4.8925,,0
2023-09-20 00:46:04,5.548,5.942,6.249,1.61,19.343863840116995,4.895,,0
2023-09-20 00:46:05,5.548,6.338,6.35,1.71,19.524504688081894,4.8975,,0
2023-09-20 00:46:06,5.548,5.15,6.148,1.61,19.203953281657324,4.9,30.0,0
2023-09-20 00:46:08,5.548,5.942,6.451,1.811,19.368367297160127,4.9025,,0
2023-09-20 00:46:09,5.548,5.546,6.451,1.811,19.36465710801209,4.905,,0
2023-09-20 00:46:10,5.548,5.546,6.451,1.71,19.331759975608463,4.907500000000001,,0
2023-09-20 00:46:11,5.548,5.546,6.451,1.811,19.339031982925928,4.91,32.0,0
2023-09-20 00:46:12,5.548,5.942,6.35,1.71,19.40232238804815,4.91,32.0,0
2023-09-20 00:46:13,5.548,6.734,6.148,1.61,19.593625671633703,4.9125,,0
2023-09-20 00:46:14,5.548,7.13,6.048,1.509,19.78603797014359,4.915,,0
2023-09-20 00:46:15,5.548,6.338,6.148,1.509,19.71312657910051,4.9175,,0
2023-09-20 00:46:16,5.548,5.942,5.947,1.408,19.452688605370355,4.92,32.0,0
2023-09-20 00:46:17,5.548,6.338,6.148,1.509,19.47978202375925,4.92,32.0,0
2023-09-20 00:46:18,5.548,5.942,6.148,1.61,19.410247416631478,4.92,,0
2023-09-20 00:46:19,5.548,6.338,5.947,1.408,19.35947319164204,4.92,,0
2023-09-20 00:46:20,5.548,6.338,5.846,1.308,19.26363123414943,4.92,,0
2023-09-20 00:46:21,5.548,5.942,6.048,1.509,19.1986418639046,4.92,30.0,0
2023-09-20 00:46:22,5.548,6.338,5.846,1.308,19.15104930473322,4.92,30.0,0
2023-09-20 00:46:23,5.548,5.942,5.846,1.308,18.99893451331325,4.922499999999999,,0
2023-09-20 00:46:24,5.548,6.734,6.048,1.509,19.250954159319274,4.925,,0
2023-09-20 00:46:25,5.548,5.942,5.947,1.408,19.129167911523496,4.9275,,0
2023-09-20 00:46:26,5.548,6.338,6.048,1.509,19.22331753806645,4.93,31.0,0
2023-09-20 00:46:27,5.548,5.546,6.148,1.61,19.111922276646514,4.93,31.0,0
2023-09-20 00:46:28,5.548,5.546,6.148,1.512,19.00454559365256,4.91,,0
2023-09-20 00:46:29,5.548,5.546,6.148,1.509,18.92848191555679,4.89,,0
2023-09-20 00:46:30,5.548,7.128,6.148,1.61,19.380137340889753,4.869999999999999,,0
2023-09-20 00:46:31,5.548,7.13,5.947,1.509,19.606296138622824,4.85,32.0,0
2023-09-20 00:46:32,5.548,6.734,5.947,1.408,19.615507297035975,4.85,32.0,0
2023-09-20 00:46:33,5.548,7.13,6.148,1.61,19.861655107925184,4.8549999999999995,,0
2023-09-20 00:46:34,5.548,6.734,5.947,1.408,19.79425857554763,4.859999999999999,,0
2023-09-20 00:46:35,5.548,7.13,5.947,1.408,19.86588100288334,4.865,,0
2023-09-20 00:46:36,5.548,6.734,6.048,1.509,19.857816702018336,4.87,31.0,0
2023-09-20 00:46:37,5.548,5.942,5.947,1.509,19.584271691412837,4.87,31.0,0
2023-09-20 00:46:38,5.548,5.546,6.35,1.61,19.42519018398899,4.8725000000000005,,0
2023-09-20 00:46:39,5.548,5.546,6.35,1.71,19.343833128792294,4.875,,0
2023-09-20 00:46:40,5.548,5.15,6.249,1.61,19.107783190154606,4.8774999999999995,,0
2023-09-20 00:46:41,5.548,5.546,6.35,1.71,19.121648233108225,4.88,30.0,0
2023-09-20 00:46:42,5.548,5.546,6.35,1.71,19.131353763175756,4.88,30.0,0
2023-09-20 00:46:43,5.548,4.753,6.249,1.61,18.839947634223027,4.8825,,0
2023-09-20 00:46:44,5.548,5.942,6.35,1.71,19.052963343956122,4.885,,0
2023-09-20 00:46:45,5.548,5.546,6.451,1.811,19.143874340769287,4.887499999999999,,0
2023-09-20 00:46:46,5.548,5.942,6.35,1.71,19.2657120385385,4.89,31.0,0
2023-09-20 00:46:47,5.548,6.338,6.249,1.61,19.40949842697695,4.89,31.0,0
2023-09-20 00:46:48,5.548,6.734,6.148,1.61,19.598648898883866,4.8925,,0
2023-09-20 00:46:49,5.548,7.13,6.048,1.509,19.789554229218705,4.895,,0
2023-09-20 00:46:50,5.548,6.338,6.148,1.509,19.715587960453092,4.8975,,0
2023-09-20 00:46:52,5.548,6.338,6.148,1.509,19.663811572317165,4.9,32.0,0
2023-09-20 00:46:53,5.548,5.15,6.048,1.509,19.241168100622016,4.9,,0
2023-09-20 00:46:54,5.548,6.338,5.846,1.308,19.18081767043541,4.9,,0
2023-09-20 00:46:55,5.548,6.338,5.846,1.408,19.168572369304787,4.9,,0
2023-09-20 00:46:56,5.548,6.734,5.947,1.408,19.30910065851335,4.9,30.0,0
2023-09-20 00:46:57,5.548,6.734,5.947,1.509,19.437770460959342,4.9,30.0,0
2023-09-20 00:46:58,5.548,6.734,6.048,1.509,19.55813932267154,4.9025,,0
2023-09-20 00:46:59,5.548,7.13,6.048,1.509,19.761197525870074,4.905,,0
2023-09-20 00:47:00,5.548,6.734,6.048,1.509,19.784538268109053,4.907500000000001,,0
2023-09-20 00:47:01,5.548,7.13,6.148,1.509,19.94967678767634,4.91,33.0,0
2023-09-20 00:47:02,5.548,6.734,5.947,1.408,19.855873751373437,4.91,33.0,0
2023-09-20 00:47:03,5.548,5.942,6.048,1.509,19.61321162596141,4.8925,,0
2023-09-20 00:47:04,5.548,6.338,6.048,1.509,19.562148138172986,4.875,,0
2023-09-20 00:47:05,5.548,5.942,5.947,1.408,19.347003696721092,4.8575,,0
2023-09-20 00:47:06,5.548,7.13,5.947,1.408,19.552802587704765,4.84,31.0,0
2023-09-20 00:47:07,5.548,7.13,6.048,1.509,19.757461811393338,4.84,31.0,0
2023-09-20 00:47:08,5.548,7.13,6.048,1.509,19.900723267975337,4.842499999999999,,0
2023-09-20 00:47:09,5.548,5.546,6.048,1.509,19.525806287582736,4.845,,0
2023-09-20 00:47:10,5.548,5.942,6.451,1.71,19.563364401307915,4.8475,,0
2023-09-20 00:47:11,5.548,5.942,6.35,1.71,19.55935508091554,4.85,31.0,0
2023-09-20 00:47:12,5.548,6.338,6.249,1.61,19.615048556640875,4.85,31.0,0
2023-09-20 00:47:13,5.548,6.338,6.35,1.71,19.71433398964861,4.8525,,0
2023-09-20 00:47:14,5.55,5.548,6.249,1.61,19.487133792754026,4.855,,0
2023-09-20 00:47:15,5.548,5.546,6.249,1.61,19.32689365492782,4.8575,,0
2023-09-20 00:47:16,5.548,5.942,6.35,1.71,19.393825558449475,4.86,31.0,0
2023-09-20 00:47:17,5.548,5.15,6.249,1.71,19.172777890914634,4.86,31.0,0
2023-09-20 00:47:18,5.548,5.546,6.249,1.71,19.136844523640242,4.865,,0
2023-09-20 00:47:19,5.548,5.546,6.35,1.71,19.14199116654817,4.87,,0
2023-09-20 00:47:20,5.546,5.148,6.35,1.71,19.02559381658372,4.875,,0
2023-09-20 00:47:21,5.548,5.546,6.249,1.61,19.003815671608603,4.88,30.0,0
2023-09-20 00:47:22,5.548,5.942,6.249,1.61,19.107370970126023,4.88,30.0,0
2023-09-20 00:47:23,5.548,5.15,6.249,1.61,18.942259679088213,4.8825,,0
2023-09-20 00:47:24,5.548,5.546,6.451,1.811,19.06638177536175,4.885,,0
2023-09-20 00:47:25,5.548,5.942,6.35,1.71,19.211467242753226,4.887499999999999,,0
2023-09-20 00:47:26,5.548,5.942,6.249,1.61,19.252727069927257,4.89,32.0,0
2023-09-20 00:47:27,5.548,6.338,6.249,1.71,19.43040894894908,4.89,32.0,0
2023-09-20 00:47:28,5.548,6.338,6.249,1.71,19.554786264264354,4.8925,,0
2023-09-20 00:47:29,5.548,6.338,6.148,1.61,19.581550384985047,4.895,,0
2023-09-20 00:47:30,5.548,6.338,6.148,1.509,19.569985269489536,4.8975,,0
2023-09-20 00:47:31,5.548,5.546,6.048,1.509,19.294289688642678,4.9,32.0,0
2023-09-20 00:47:32,5.548,6.338,6.249,1.61,19.429502782049873,4.9,32.0,0
2023-09-20 00:47:33,5.548,5.546,6.249,1.61,19.286551947434912,4.873333333333334,,0
2023-09-20 00:47:35,5.548,5.942,6.35,1.71,19.36558636320444,4.846666666666667,,0
2023-09-20 00:47:36,5.548,5.942,6.249,1.61,19.36061045424311,4.82,30.0,0
2023-09-20 00:47:37,5.548,6.338,6.35,1.71,19.536227317970177,4.82,30.0,0
2023-09-20 00:47:38,5.548,6.338,6.249,1.61,19.59885912257912,4.825,,0
2023-09-20 00:47:39,5.548,5.942,6.249,1.61,19.523901385805384,4.83,,0
2023-09-20 00:47:40,5.548,6.338,6.35,1.71,19.65053097006377,4.835,,0
2023-09-20 00:47:41,5.548,5.546,6.148,1.61,19.41097167904464,4.84,32.0,0
2023-09-20 00:47:42,5.548,6.338,6.148,1.61,19.48088017533125,4.84,32.0,0
2023-09-20 00:47:43,5.548,5.15,6.048,1.509,19.113116122731878,4.8625,,0
2023-09-20 00:47:44,5.548,5.942,6.148,1.61,19.153581285912313,4.885,,0
2023-09-20 00:47:45,5.548,6.338,6.148,1.61,19.300706900138618,4.9075,,0
2023-09-20 00:47:46,5.548,7.527,5.846,1.408,19.609194830097035,4.93,31.0,0
2023-09-20 00:47:47,5.546,7.524,5.745,1.308,19.763336381067923,4.93,31.0,0
2023-09-20 00:47:48,5.548,7.524,5.846,1.308,19.902135466747545,4.9325,,0
2023-09-20 00:47:49,5.548,7.527,5.745,1.308,19.969894826723284,4.9350000000000005,,0
2023-09-20 00:47:50,5.548,6.734,5.846,1.308,19.809726378706298,4.9375,,0
2023-09-20 00:47:51,5.548,6.734,6.048,1.509,19.818508465094407,4.94,32.0,0
2023-09-20 00:47:52,5.548,5.942,5.947,1.408,19.526455925566083,4.94,32.0,0
2023-09-20 00:47:53,5.548,5.546,5.947,1.408,19.20321914789626,4.94,,0
2023-09-20 00:47:54,5.548,5.942,6.048,1.509,19.156353403527383,4.94,,0
2023-09-20 00:47:55,5.548,5.942,6.048,1.509,19.12354738246917,4.94,,0
2023-09-20 00:47:56,5.548,6.338,6.148,1.61,19.27968316772842,4.94,31.0,0
2023-09-20 00:47:57,5.548,6.338,6.148,1.61,19.388978217409896,4.94,31.0,0
2023-09-20 00:47:58,5.548,5.546,6.148,1.61,19.227884752186927,4.942500000000001,,0
2023-09-20 00:47:59,5.548,5.15,6.048,1.509,18.93601932653085,4.945,,0
2023-09-20 00:48:00,5.548,5.546,6.249,1.61,18.941113528571595,4.9475,,0
2023-09-20 00:48:01,5.548,5.546,6.35,1.71,19.00497947000012,4.95,30.0,0
2023-09-20 00:48:02,5.548,5.546,6.249,1.61,18.989385629000083,4.95,30.0,0
2023-09-20 00:48:03,5.548,5.15,6.148,1.509,18.799069940300058,4.95,,0
2023-09-20 00:48:04,5.548,5.546,6.048,1.509,18.75464895821004,4.95,,0
2023-09-20 00:48:05,5.548,5.15,6.148,1.61,18.665054270747028,4.95,,0
2023-09-20 00:48:06,5.548,6.338,6.148,1.61,18.95873798952292,4.95,30.0,0
2023-09-20 00:48:07,5.548,5.546,6.148,1.61,18.926716592666043,4.95,30.0,0
2023-09-20 00:48:08,5.548,6.338,6.35,1.71,19.23250161486623,4.952500000000001,,0
2023-09-20 00:48:09,5.548,6.734,6.148,1.61,19.47475113040636,4.955,,0
2023-09-20 00:48:10,5.548,7.13,6.048,1.509,19.702825791284454,4.9575,,0
2023-09-20 00:48:11,5.548,6.734,6.048,1.509,19.743678053899117,4.96,33.0,0
2023-09-20 00:48:12,5.548,6.734,6.048,1.509,19.77227463772938,4.96,33.0,0
2023-09-20 00:48:13,5.548,5.546,6.249,1.61,19.526492246410566,4.96,,0
2023-09-20 00:48:14,5.548,5.942,6.048,1.509,19.382644572487393,4.96,,0
2023-09-20 00:48:15,5.548,6.338,5.947,1.408,19.340151200741175,4.96,,0
2023-09-20 00:48:16,5.548,6.734,6.048,1.509,19.48980584051882,4.96,31.0,0
2023-09-20 00:48:18,5.548,6.734,6.048,1.509,19.594564088363175,4.96,,0
2023-09-20 00:48:19,5.548,6.734,6.048,1.509,19.667894861854222,4.96,,0
2023-09-20 00:48:20,5.548,7.13,6.048,1.509,19.838026403297953,4.96,,0
2023-09-20 00:48:21,5.548,6.338,6.148,1.61,19.779818482308567,4.96,32.0,0
2023-09-20 00:48:22,5.548,6.338,6.048,1.509,19.678772937616,4.96,32.0,0
2023-09-20 00:48:23,5.548,6.734,6.148,1.61,19.7871410563312,4.9625,,0
2023-09-20 00:48:24,5.548,6.734,5.947,1.408,19.742098739431842,4.965,,0
2023-09-20 00:48:25,5.548,6.734,5.846,1.408,19.68026911760229,4.967499999999999,,0
2023-09-20 00:48:26,5.548,6.734,5.846,1.308,19.606988382321603,4.97,32.0,0
2023-09-20 00:48:27,5.548,7.527,5.846,1.308,19.793591867625125,4.97,32.0,0
2023-09-20 00:48:28,5.548,7.527,5.745,1.308,19.893914307337585,4.97,,0
2023-09-20 00:48:29,5.548,7.923,5.745,1.308,20.082940015136312,4.97,,0
2023-09-20 00:48:30,5.548,7.13,5.846,1.408,20.03765801059542,4.97,,0
2023-09-20 00:48:31,5.548,7.13,5.947,1.408,20.036260607416793,4.97,32.0,0
2023-09-20 00:48:32,5.548,6.734,6.048,1.509,19.977082425191757,4.97,32.0,0
2023-09-20 00:48:33,5.55,6.734,6.048,1.509,19.93625769763423,4.97,,0
2023-09-20 00:48:34,5.548,6.734,5.846,1.408,19.81618038834396,4.97,,0
2023-09-20 00:48:35,5.548,6.338,5.947,1.408,19.64362627184077,4.97,,0
2023-09-20 00:48:36,5.548,6.338,5.947,1.408,19.522838390288538,4.97,31.0,0
2023-09-20 00:48:37,5.55,5.546,5.846,1.308,19.140986873201975,4.97,31.0,0
2023-09-20 00:48:38,5.548,6.338,6.048,1.509,19.231590811241382,4.97,,0
2023-09-20 00:48:39,5.55,5.942,6.048,1.509,19.17681356786897,4.97,,0
2023-09-20 00:48:40,5.548,6.338,5.947,1.408,19.196069497508276,4.97,,0
2023-09-20 00:48:41,5.548,6.734,5.846,1.408,19.29804864825579,4.97,31.0,0
2023-09-20 00:48:42,5.55,6.734,5.846,1.408,19.370034053779055,4.97,31.0,0
